label,lat,lon,event_date,rain_1d,rain_3d,rain_7d,rain_15d,rain_max_7d,elevation_m,slope_deg,month_sin,month_cos
1,28.8378,81.708,2009-07-31,2.1,26.0,148.6,238.0,85.9,2298.8,2.44,-0.5,-0.866
1,26.8826,88.2788,2009-07-22,14.9,29.3,52.1,150.7,14.9,1313.5,0.0,-0.5,-0.866
1,26.8572,88.3143,2009-07-22,11.6,42.4,75.7,223.9,27.6,1313.5,0.0,-0.5,-0.866
1,28.2039,83.9806,2009-07-02,34.6,173.9,342.3,387.3,76.8,1230.0,16.57,-0.5,-0.866
1,27.9447,84.2279,2009-07-02,9.7,99.1,288.3,300.3,118.1,1265.4,0.0,-0.5,-0.866
1,27.478,88.527,2009-07-01,37.7,104.5,236.4,386.7,54.0,3239.6,0.0,-0.5,-0.866
1,28.0,85.71,2009-07-27,82.3,154.4,189.1,286.1,82.3,2909.1,0.0,-0.5,-0.866
1,28.1046,83.8791,2009-07-31,11.0,45.5,451.1,522.8,295.9,1230.0,0.0,-0.5,-0.866
1,25.3098633,94.48214677,2010-07-29,19.9,43.2,124.5,235.6,36.7,1356.6,0.41,-0.5,-0.866
1,29.7334,79.6367,2011-07-21,8.6,48.1,165.8,370.8,61.6,1085.6,2.49,-0.5,-0.866
1,33.8778,74.3333,2007-03-19,38.1,46.1,54.0,165.7,38.1,2235.4,1.02,1.0,0.0
1,30.7666,78.7963,2011-06-29,17.2,51.5,136.9,182.8,56.5,4043.1,9.35,0.0,-1.0
1,27.7394,83.5754,2011-07-03,12.9,87.0,259.0,327.9,98.7,280.2,9.02,-0.5,-0.866
1,28.3683,83.2934,2011-07-03,8.3,58.2,195.7,336.7,51.9,2863.4,0.0,-0.5,-0.866
1,28.0889,83.2934,2011-07-03,11.5,127.3,413.3,505.8,134.5,1167.6,0.0,-0.5,-0.866
1,30.7652,78.5925,2011-07-09,12.8,60.9,104.9,298.5,33.0,4043.1,12.2,-0.5,-0.866
1,30.7331,79.0685,2011-07-09,10.7,49.3,62.9,166.8,26.6,3184.1,14.16,-0.5,-0.866
1,31.0188,78.4129,2011-07-09,8.3,31.7,48.9,153.3,12.3,2523.7,3.91,-0.5,-0.866
1,30.4043,79.3318,2011-07-21,12.7,41.1,88.7,197.3,22.3,3184.1,0.0,-0.5,-0.866
1,27.83196401,84.54704621,2017-07-03,18.8,59.1,100.6,284.9,23.8,1265.4,0.0,-0.5,-0.866
1,28.3875,82.6474,2011-09-17,2.0,25.9,63.2,138.3,16.5,1919.1,0.83,-1.0,-0.0
1,26.324724,94.514651,2016-09-05,15.8,68.2,132.5,185.7,31.5,482.6,2.19,-1.0,-0.0
1,27.593,88.492,2016-08-16,15.6,46.6,117.5,257.7,24.5,3239.6,0.0,-0.866,-0.5
1,31.0226,77.1029,2012-09-18,21.1,44.2,57.7,150.7,21.9,897.6,0.0,-1.0,-0.0
1,27.8385,88.556,2012-09-19,35.1,75.1,205.9,231.7,38.0,4609.4,2.23,-1.0,-0.0
1,27.6558,88.605,2012-09-19,44.0,86.2,273.1,414.7,59.6,3239.6,1.78,-1.0,-0.0
1,27.769034,84.854632,2016-09-02,19.1,48.5,97.7,192.5,20.4,1948.3,1.78,-1.0,-0.0
1,21.61900923,91.92597729,2017-07-04,45.8,135.8,186.3,319.4,52.5,16.7,0.0,-0.5,-0.866
1,30.4954,78.3881,2013-06-16,127.1,177.5,227.9,287.4,127.1,1403.9,0.0,0.0,-1.0
1,30.885,78.6695,2013-06-16,120.1,187.2,250.7,340.4,120.1,4043.1,0.0,0.0,-1.0
1,29.7986,80.417,2013-06-16,97.0,125.3,172.5,201.7,97.0,3297.8,3.17,0.0,-1.0
1,26.092493,94.257523,2016-09-05,18.2,50.7,78.8,130.7,22.1,997.1,0.0,-1.0,-0.0
1,10.9628,77.5947,2013-06-25,2.3,3.0,41.6,74.8,24.0,284.1,0.14,0.0,-1.0
1,28.4311,82.1847,2013-07-14,13.6,38.6,228.0,412.3,107.1,1118.7,2.02,-0.5,-0.866
1,25.7658,93.9413,2013-07-17,2.0,96.8,158.2,249.5,60.2,504.5,2.06,-0.5,-0.866
1,28.6202,82.4393,2013-07-14,15.9,35.2,165.8,344.3,70.0,1919.1,2.27,-0.5,-0.866
1,25.7131,94.0885,2013-07-17,2.0,96.8,158.2,249.5,60.2,1356.6,4.98,-0.5,-0.866
1,22.35037081,91.83258101,2017-06-13,42.3,267.9,325.4,522.9,159.2,34.4,0.0,0.0,-1.0
1,28.145796,84.069015,2016-09-06,13.0,21.8,148.5,193.9,64.5,1265.4,3.74,-1.0,-0.0
1,26.1445447,94.24416766,2017-07-01,15.6,47.6,100.3,194.1,21.3,997.1,0.0,-0.5,-0.866
1,21.23699085,92.10434768,2017-07-05,33.3,144.4,237.9,341.5,59.5,4.8,0.2,-0.5,-0.866
1,26.20450454,91.87202793,2017-07-03,71.1,147.9,218.8,356.0,71.1,400.0,0.0,-0.5,-0.866
1,22.77997113,92.03513581,2017-07-02,16.7,35.2,55.2,161.0,16.7,76.9,0.85,-0.5,-0.866
1,27.513641,87.640957,2016-09-02,79.0,143.8,173.4,271.7,79.0,2650.4,0.0,-1.0,-0.0
1,25.4976444,94.12901274,2017-07-04,19.1,59.6,132.9,274.1,35.0,1356.6,0.0,-0.5,-0.866
1,27.833565,85.201673,2016-09-04,30.8,89.4,132.9,205.6,46.5,1948.3,0.0,-1.0,-0.0
1,27.167781,87.055222,2017-07-03,37.5,79.6,162.4,353.8,37.5,919.5,2.84,-0.5,-0.866
1,26.22247247,91.92053028,2017-07-03,57.4,144.2,209.6,341.7,57.4,400.0,0.0,-0.5,-0.866
1,28.377188,83.498645,2016-09-04,9.2,70.1,118.2,168.6,49.5,3042.5,0.0,-1.0,-0.0
1,26.1061808,91.85158907,2017-07-03,89.4,154.5,238.1,370.9,89.4,400.0,0.0,-0.5,-0.866
1,26.10430759,91.86227824,2017-07-03,89.4,154.5,238.1,370.9,89.4,400.0,0.0,-0.5,-0.866
1,22.74955141,92.22099982,2017-06-13,53.7,313.4,399.4,585.9,185.4,299.2,0.34,0.0,-1.0
1,22.80452414,91.91261915,2017-06-13,18.7,289.6,347.9,558.1,219.9,76.9,0.07,0.0,-1.0
1,31.956546,77.109719,2016-09-02,2.2,23.1,81.7,166.4,25.9,2281.7,3.59,-1.0,-0.0
1,34.525881,71.398496,2016-09-08,0.0,0.4,0.6,27.8,0.4,991.3,1.17,-1.0,-0.0
1,27.90362599,85.91050294,2017-07-02,4.0,60.5,137.6,196.1,42.3,2909.1,3.15,-0.5,-0.866
1,27.98531715,94.21263589,2017-07-04,101.0,160.7,388.2,566.9,109.3,1160.0,0.76,-0.5,-0.866
1,26.11613908,94.24222574,2017-07-01,15.6,47.6,100.3,194.1,21.3,997.1,0.0,-0.5,-0.866
1,21.42181705,92.17584376,2017-07-05,32.1,118.5,194.7,311.4,48.3,16.7,0.14,-0.5,-0.866
1,27.97875751,94.26296826,2017-07-04,101.0,160.7,388.2,566.9,109.3,1160.0,0.84,-0.5,-0.866
1,21.04270451,92.21525816,2017-06-14,92.0,254.0,440.6,513.0,142.5,82.8,0.73,0.0,-1.0
1,26.90298048,88.29518925,2017-07-05,38.6,137.6,259.8,470.8,74.3,1313.5,0.0,-0.5,-0.866
1,27.878121,85.143062,2017-07-05,11.8,55.9,210.5,275.6,78.8,1948.3,0.0,-0.5,-0.866
1,23.69461107,92.87641207,2017-06-28,12.8,27.8,61.2,157.6,18.3,943.9,1.25,0.0,-1.0
1,26.3312531,94.55427723,2017-07-01,24.0,50.0,113.0,298.1,24.0,482.6,2.27,-0.5,-0.866
1,27.02149311,88.25902123,2017-07-06,21.3,115.8,280.1,494.5,80.0,1313.5,0.0,-0.5,-0.866
1,28.372874,83.567989,2016-08-16,5.1,24.3,59.1,106.4,14.5,3042.5,0.0,-0.866,-0.5
1,27.06992579,93.6146564,2017-06-19,15.6,77.8,208.7,249.3,93.4,474.7,0.0,0.0,-1.0
1,28.069957,85.01,2016-08-14,20.4,36.1,80.3,166.8,20.4,1948.3,0.0,-0.866,-0.5
1,34.27703802,75.46743478,2017-06-05,1.6,1.6,8.0,10.3,6.1,4054.4,0.77,0.0,-1.0
1,16.28332586,80.26097734,2017-05-27,2.6,6.0,11.6,13.1,4.2,85.5,0.04,0.5,-0.866
1,30.070512,80.237218,2016-08-10,21.9,54.4,184.2,394.8,57.1,2347.7,0.95,-0.866,-0.5
1,24.21988831,93.20266204,2017-06-26,34.9,84.7,149.3,264.0,34.9,758.3,0.66,0.0,-1.0
1,27.6835,86.1804,2016-08-09,16.2,60.7,143.5,345.4,25.3,2153.1,5.58,-0.866,-0.5
1,11.34165808,76.8694278,2017-06-01,3.7,17.9,56.3,120.5,18.1,784.6,0.0,0.0,-1.0
1,32.62803,75.37123,2017-06-21,6.8,20.0,22.2,36.9,7.5,1054.2,1.53,0.0,-1.0
1,25.15246863,92.94670614,2017-06-04,9.6,206.1,531.3,622.8,176.8,467.1,0.0,0.0,-1.0
1,21.87861504,92.2676503,2017-06-13,33.0,273.0,422.3,594.1,156.0,276.0,0.3,0.0,-1.0
1,24.30415689,93.18182448,2017-06-27,15.1,71.1,147.8,227.6,33.0,455.5,0.64,0.0,-1.0
1,30.56504675,79.56163208,2017-05-20,1.8,9.2,12.5,17.8,5.6,3184.1,0.0,0.5,-0.866
1,31.581485,78.412784,2016-08-15,5.3,14.2,37.5,86.4,10.0,3817.5,0.87,-0.866,-0.5
1,26.88161,95.399897,2016-08-16,1.4,26.1,57.5,222.3,21.9,846.9,0.79,-0.866,-0.5
1,30.73315585,79.49231617,2017-05-20,0.2,5.6,17.1,17.9,8.2,3184.1,5.18,0.5,-0.866
1,33.63251807,75.23162006,2017-06-21,20.3,23.7,25.4,35.2,20.3,2359.8,1.17,0.0,-1.0
1,13.90074546,74.66018578,2017-06-12,133.9,543.8,697.5,820.7,286.1,107.1,0.33,0.0,-1.0
1,6.519724975,80.15402093,2017-05-25,25.5,69.3,126.8,206.4,25.5,87.1,0.52,0.5,-0.866
1,29.60012,80.630002,2017-06-29,3.4,17.7,28.6,83.5,9.9,1805.5,2.33,0.0,-1.0
1,23.86469956,91.8949662,2017-06-03,16.6,32.5,145.6,178.2,69.2,108.5,0.21,0.0,-1.0
1,30.33597362,79.31958144,2017-06-06,17.5,18.6,19.4,44.2,17.5,3184.1,0.0,0.0,-1.0
1,29.48,82.2896,2016-08-09,17.7,36.3,72.2,192.1,17.7,4306.6,1.75,-0.866,-0.5
1,29.350849,79.451264,2016-08-16,9.1,40.4,90.5,179.3,21.8,1085.6,1.01,-0.866,-0.5
1,14.42827957,74.41606625,2017-06-11,81.6,215.3,323.3,419.3,81.6,165.7,0.34,0.0,-1.0
1,13.87803507,74.6246332,2017-06-12,135.2,473.0,648.6,764.8,222.2,107.1,0.32,0.0,-1.0
1,26.9653186,88.2667225,2017-06-05,19.7,105.1,134.8,188.1,81.7,1313.5,0.0,0.0,-1.0
1,33.01739981,74.93828041,2017-06-21,6.8,43.2,50.8,76.3,19.0,1224.3,0.0,0.0,-1.0
1,22.59420297,92.16404889,2017-06-12,202.3,306.8,338.1,572.7,202.3,34.4,0.32,0.0,-1.0
1,22.65242372,92.15898865,2017-06-13,52.4,317.9,406.8,597.4,185.2,34.4,0.37,0.0,-1.0
1,31.70779,76.932771,2016-08-09,13.3,60.3,207.2,384.7,126.4,1262.6,0.0,-0.866,-0.5
1,32.94818322,75.12206351,2017-06-21,9.5,25.1,26.0,43.9,10.1,1224.3,0.0,0.0,-1.0
1,30.86642127,76.99790295,2017-06-29,18.5,50.2,53.1,90.3,18.5,897.6,0.0,0.0,-1.0
1,28.301686,84.386742,2017-06-30,34.1,109.4,180.5,439.3,40.7,3516.1,5.88,0.0,-1.0
1,30.94222039,76.80054202,2017-06-07,21.7,30.6,31.6,39.6,21.7,897.6,0.0,0.0,-1.0
1,33.35149269,74.23352995,2017-06-08,1.5,5.7,6.8,20.2,2.8,1724.3,0.79,0.0,-1.0
1,22.44394492,91.97239273,2017-06-13,62.5,349.0,397.2,595.1,194.7,34.4,0.0,0.0,-1.0
1,27.05909317,93.54235868,2017-06-04,12.2,110.4,218.0,279.3,67.0,474.7,0.0,0.0,-1.0
1,28.28120123,83.86441477,2017-06-27,45.9,73.3,139.5,288.2,45.9,3042.5,0.0,0.0,-1.0
1,12.89674168,74.85970453,2017-06-12,81.5,284.5,408.6,555.9,112.7,163.0,0.0,0.0,-1.0
1,33.01346369,74.93530189,2017-06-30,28.3,160.1,176.2,229.6,127.0,1224.3,0.0,0.0,-1.0
1,27.05880384,93.54136779,2017-06-21,10.6,47.9,140.2,248.9,50.9,474.7,0.0,0.0,-1.0
1,6.586835,80.160486,2017-05-26,23.0,70.0,147.6,238.3,28.6,87.1,0.52,0.5,-0.866
1,25.907233,91.881892,2017-05-26,12.4,22.3,67.2,128.6,35.3,400.0,0.0,0.5,-0.866
1,25.67061161,94.11844319,2017-06-02,20.6,105.2,194.1,295.3,73.3,1356.6,0.0,0.0,-1.0
1,24.32420539,93.15020652,2017-06-26,23.0,84.0,148.5,270.1,33.0,455.5,0.54,0.0,-1.0
1,8.558668245,76.89785918,2017-06-05,8.2,43.9,154.2,262.2,47.0,86.2,0.16,0.0,-1.0
1,34.56101506,73.86293399,2017-06-04,0.0,0.0,5.1,31.9,3.9,2292.0,1.93,0.0,-1.0
1,23.73354779,92.74744512,2017-06-10,13.2,53.4,132.7,274.0,55.1,432.1,1.43,0.0,-1.0
1,27.33861278,87.67107225,2017-06-04,25.3,32.5,39.5,72.8,25.3,2650.4,2.75,0.0,-1.0
1,25.11956675,94.36416626,2017-06-12,38.6,57.9,69.5,347.5,38.6,1130.0,0.0,0.0,-1.0
1,24.19467451,91.82931979,2017-06-03,16.0,39.2,152.7,196.0,57.8,108.5,0.09,0.0,-1.0
1,31.72415448,76.93732121,2017-06-27,25.5,47.9,58.4,86.6,25.5,1262.6,0.0,0.0,-1.0
1,27.01145644,92.64204045,2017-07-01,53.8,186.0,225.3,362.6,88.2,922.5,1.76,-0.5,-0.866
1,15.68638494,74.16234114,2017-06-29,66.1,236.8,396.0,520.8,88.8,446.0,0.67,0.0,-1.0
1,6.50950401,80.23142734,2017-05-25,25.5,69.3,126.8,206.4,25.5,87.1,0.54,0.5,-0.866
1,27.54295099,88.59676956,2017-05-26,39.9,55.8,146.6,312.7,39.9,3239.6,0.0,0.5,-0.866
1,34.78860948,73.51484236,2017-06-29,1.3,8.2,16.0,39.1,6.7,3707.8,3.76,0.0,-1.0
1,32.23843313,78.06239076,2017-07-02,0.3,13.2,30.3,33.1,8.4,4677.4,3.14,-0.5,-0.866
1,28.27909521,83.00633062,2017-07-01,115.3,134.6,189.4,265.1,115.3,2863.4,4.12,-0.5,-0.866
1,19.170539,73.022276,2016-08-29,10.4,33.8,56.4,75.8,12.1,97.2,0.0,-0.866,-0.5
1,25.660517,94.104931,2016-08-25,20.3,26.1,51.9,159.2,20.3,1356.6,0.0,-0.866,-0.5
1,28.107142,84.307977,2017-07-03,24.7,96.9,163.7,415.4,50.8,1265.4,0.0,-0.5,-0.866
1,27.8077847,84.43754872,2017-06-30,17.4,26.8,61.6,270.9,17.4,1265.4,0.0,0.0,-1.0
1,33.029977,74.948082,2016-08-24,9.8,23.0,29.1,50.1,11.1,1224.3,0.0,-0.866,-0.5
1,28.21676766,84.00622259,2017-06-30,31.0,84.8,179.2,478.9,51.0,1230.0,16.78,0.0,-1.0
1,25.06657276,93.9310888,2017-06-30,23.5,62.9,154.0,295.2,43.8,952.6,0.02,0.0,-1.0
1,27.503555,85.219709,2016-08-31,8.8,42.4,89.8,177.9,17.0,776.6,1.45,-0.866,-0.5
1,31.45206,78.401303,2016-08-21,6.3,16.5,42.6,85.5,13.1,3817.5,3.21,-0.866,-0.5
1,32.30628994,77.52161234,2017-07-03,0.2,2.5,38.1,45.8,11.8,4872.7,2.33,-0.5,-0.866
1,6.702272807,80.38461313,2017-05-26,31.2,106.8,190.3,300.9,48.7,316.9,0.7,0.5,-0.866
1,28.06986667,83.65247597,2017-07-01,17.1,36.5,70.2,125.6,17.1,1230.0,0.0,-0.5,-0.866
1,24.768609,92.821182,2016-09-01,23.8,47.9,73.2,129.4,23.8,467.1,0.42,-1.0,-0.0
1,28.007828,86.191717,2016-08-31,12.5,31.4,75.8,189.8,13.8,4098.7,1.59,-0.866,-0.5
1,28.27254506,83.95706865,2017-07-02,38.6,293.4,405.0,623.3,164.8,3042.5,16.03,-0.5,-0.866
1,27.10647226,93.65975252,2017-07-01,42.8,183.8,224.4,319.9,111.2,474.7,0.0,-0.5,-0.866
1,14.52203442,74.41035052,2017-07-03,27.3,82.7,221.1,351.6,40.4,165.7,0.19,-0.5,-0.866
1,27.08168565,93.60815652,2017-07-01,35.3,171.9,223.9,348.2,102.6,474.7,0.0,-0.5,-0.866
1,33.18477201,75.80813836,2017-06-29,18.1,30.1,37.0,48.6,18.1,2027.2,0.0,0.0,-1.0
1,30.922325,78.681379,2016-08-28,1.9,21.0,46.4,140.0,10.5,4043.1,0.0,-0.866,-0.5
1,33.08146902,75.29750088,2017-06-30,27.7,132.1,149.4,175.9,90.4,1224.3,3.2,0.0,-1.0
1,32.26186432,78.0685005,2017-07-02,0.3,13.2,30.3,33.1,8.4,5030.4,2.85,-0.5,-0.866
1,32.24637329,78.06616409,2017-07-02,0.3,13.2,30.3,33.1,8.4,4677.4,3.19,-0.5,-0.866
1,27.18732399,87.50256183,2017-06-30,23.5,56.2,142.0,281.9,34.0,1047.2,3.34,0.0,-1.0
1,27.769793,93.50995626,2017-05-24,21.7,52.7,97.5,147.0,21.7,1803.0,1.17,0.5,-0.866
1,23.73941422,92.71505961,2017-06-01,8.3,86.0,136.9,146.9,70.2,432.1,0.0,0.0,-1.0
1,29.132062,81.811777,2016-08-15,7.3,20.8,90.2,173.6,30.0,2298.8,0.0,-0.866,-0.5
1,6.518587251,80.18135876,2017-05-26,25.5,75.5,144.0,228.4,25.5,87.1,0.51,0.5,-0.866
1,28.24831087,83.97447829,2017-07-02,23.7,240.9,377.6,665.4,186.2,1230.0,16.58,-0.5,-0.866
1,30.995694,78.936314,2016-08-29,15.9,34.1,67.3,159.6,15.9,4043.1,0.0,-0.866,-0.5
1,27.04768643,93.61899644,2017-06-30,102.6,159.8,193.3,336.0,102.6,474.7,0.0,0.0,-1.0
1,27.767046,84.469745,2016-09-02,21.2,53.8,96.4,133.2,21.2,1265.4,0.0,-1.0,-0.0
1,24.95178179,94.20340026,2017-07-01,4.7,36.8,95.2,197.8,26.1,1130.0,0.28,-0.5,-0.866
1,26.10035658,91.87351723,2017-07-03,89.4,154.5,238.1,370.9,89.4,400.0,0.0,-0.5,-0.866
1,27.943851,83.805661,2016-09-03,117.8,136.0,188.9,243.4,117.8,1230.0,0.0,-1.0,-0.0
1,28.239,82.9415,2016-08-06,5.8,26.6,62.4,357.7,25.1,1167.6,3.93,-0.866,-0.5
1,19.41286968,73.28423263,2017-08-29,39.2,159.3,261.5,432.5,76.8,125.7,0.46,-0.866,-0.5
1,26.14547804,91.79364785,2017-07-10,28.0,59.9,140.3,400.5,39.0,400.0,0.0,-0.5,-0.866
1,34.1587,74.4725,2015-04-02,16.3,57.5,137.1,146.6,47.7,2235.4,0.0,0.866,-0.5
1,15.4014,73.8277,2007-07-28,27.6,80.0,138.0,290.8,36.2,76.2,0.0,-0.5,-0.866
1,29.0833,81.3333,2008-07-24,8.3,33.8,117.9,282.9,34.9,1224.7,2.27,-0.5,-0.866
1,12.6771,75.2565,2011-06-27,53.0,100.1,134.9,334.0,53.0,96.2,0.48,0.0,-1.0
1,34.0051,71.5447,2012-08-28,1.3,15.3,46.8,60.8,18.0,986.6,0.31,-0.866,-0.5
1,26.9597,86.5598,2015-09-16,2.6,8.3,36.3,54.1,14.6,677.8,0.41,-1.0,-0.0
1,28.5873,83.7508,2016-02-22,0.1,11.7,14.6,21.7,11.6,3042.5,0.0,0.866,0.5
1,29.4085,80.1327,2009-08-17,159.4,244.8,321.8,513.4,159.4,1463.1,0.0,-0.866,-0.5
1,35.3585,75.6355,2010-07-29,9.6,21.6,32.6,97.6,9.6,3918.3,0.25,-0.5,-0.866
1,27.99134853,84.06527738,2011-07-16,10.5,64.3,125.7,291.1,36.7,1265.4,0.1,-0.5,-0.866
1,27.5269,85.5641,2016-07-30,24.9,96.5,191.8,381.2,53.2,1269.4,0.0,-0.5,-0.866
1,29.58,80.67,2014-02-28,13.8,25.0,26.5,62.0,13.8,1805.5,2.5,0.866,0.5
1,24.1419,94.1078,2015-08-01,6.9,288.2,444.4,651.1,147.9,458.7,0.81,-0.866,-0.5
1,30.4619,79.0765,2013-06-16,130.8,182.0,255.5,320.6,130.8,3184.1,3.11,0.0,-1.0
1,30.1281,78.3221,2012-07-05,13.3,64.6,88.8,104.6,30.1,564.8,1.19,-0.5,-0.866
1,34.6644,73.4637,2010-10-07,0.4,0.4,0.4,2.5,0.4,2292.0,20.77,-0.866,0.5
1,33.3893,75.203,2010-07-22,61.3,187.8,193.5,234.7,86.4,2359.8,0.0,-0.5,-0.866
1,33.241,75.2382,2010-09-25,0.0,1.4,4.6,8.9,1.5,1224.3,0.0,-1.0,-0.0
1,27.5,90.5034,2010-08-23,93.8,168.9,333.9,430.5,93.8,3134.2,1.94,-0.866,-0.5
1,8.4557,77.009,2013-11-13,6.5,38.2,44.3,103.2,17.7,86.2,0.14,-0.5,0.866
1,25.616,94.1167,2013-07-12,21.5,47.2,90.8,258.4,21.5,1356.6,0.0,-0.5,-0.866
1,27.978,85.9742,2012-05-03,0.2,0.2,1.7,9.1,0.5,4098.7,1.87,0.5,-0.866
1,28.2576,83.6182,2015-08-16,27.7,62.3,120.2,201.0,33.9,3042.5,10.36,-0.866,-0.5
1,31.5639,77.9798,2011-06-17,2.4,5.1,8.4,17.5,2.4,3817.5,0.0,0.0,-1.0
1,31.0365,77.1213,2015-08-22,9.6,29.0,44.0,152.1,10.4,897.6,0.0,-0.866,-0.5
1,30.819,78.6149,2013-07-28,60.0,82.9,153.0,277.1,60.0,4043.1,0.0,-0.5,-0.866
1,27.59,83.88,2010-08-23,129.9,189.4,295.3,406.6,129.9,280.2,2.04,-0.866,-0.5
1,27.0605,88.255,2011-09-25,54.8,99.1,135.9,259.7,54.8,1313.5,0.0,-1.0,-0.0
1,25.4769,94.1351,2010-10-08,25.2,72.4,96.1,207.1,25.3,1356.6,0.0,-0.866,0.5
1,26.87324244,88.29184021,2009-07-03,77.5,184.8,449.2,522.2,111.6,1313.5,0.0,-0.5,-0.866
1,33.334,75.7627,2010-08-09,4.7,16.7,58.5,135.0,20.1,2942.3,3.37,-0.866,-0.5
1,27.4211,85.0249,2007-08-19,12.0,133.3,455.8,511.4,155.1,776.6,0.0,-0.866,-0.5
1,28.9743,83.8713,2011-07-04,6.8,10.0,71.6,126.0,22.0,4973.6,0.04,-0.5,-0.866
1,33.33875958,75.1921061,2011-02-13,47.0,60.1,125.8,193.6,65.7,2359.8,0.0,0.866,0.5
1,36.1788,74.158,2010-08-05,1.4,2.5,27.7,101.8,12.6,3627.3,0.7,-0.866,-0.5
1,18.7624,73.3747,2010-06-15,43.2,134.9,190.9,213.3,81.3,97.2,0.0,0.0,-1.0
1,29.0399,81.7191,2010-07-19,146.1,207.1,242.1,336.1,146.1,2298.8,0.0,-0.5,-0.866
1,33.2407,75.2373,2012-01-12,0.0,0.0,43.2,64.8,38.8,1224.3,0.0,0.5,0.866
1,25.5215,93.1645,2009-08-20,2.4,9.6,90.3,150.0,66.3,542.1,0.12,-0.866,-0.5
1,33.2049,75.2845,2015-07-12,3.4,60.9,100.2,123.1,30.2,1224.3,0.0,-0.5,-0.866
1,33.2609,75.244,2011-02-16,5.9,30.9,91.0,222.9,47.0,2359.8,0.0,0.866,0.5
1,32.3491,77.2181,2011-07-15,4.2,7.4,19.0,33.3,5.8,4872.7,0.0,-0.5,-0.866
1,7.0381,81.1079,2011-02-07,24.4,76.9,306.7,378.2,79.7,399.5,0.0,0.866,0.5
1,34.1416,77.4871,2010-08-06,12.1,17.5,20.8,30.8,12.1,4532.6,0.0,-0.866,-0.5
1,25.8833,91.2,2010-06-09,21.6,52.2,170.4,254.7,84.5,174.0,0.67,0.0,-1.0
1,27.7773,85.8416,2010-09-08,5.8,104.0,160.5,300.2,49.6,2909.1,0.0,-1.0,-0.0
1,27.2485,86.6444,2010-08-21,19.8,99.0,276.9,428.7,95.5,919.5,7.05,-0.866,-0.5
1,26.885,88.2778,2008-06-20,16.6,95.2,183.0,314.7,59.2,1313.5,0.0,0.0,-1.0
1,32.6987,75.0582,2016-08-07,47.6,86.5,103.3,168.5,47.6,465.4,1.5,-0.866,-0.5
1,34.2952,75.3226,2016-06-08,3.2,15.4,23.1,48.1,6.9,4054.4,1.1,0.0,-1.0
1,25.3179,94.0462,2010-10-09,13.1,65.5,94.8,159.7,32.8,934.6,3.94,-0.866,0.5
1,24.75,93.4333,2007-10-21,0.1,17.4,61.4,156.6,23.3,467.1,2.43,-0.866,0.5
1,27.8871,83.9704,2011-07-15,17.1,85.5,124.1,330.5,36.7,1230.0,0.09,-0.5,-0.866
1,24.5784,91.7227,2014-05-10,17.0,78.5,205.3,322.6,71.7,29.6,0.07,0.5,-0.866
1,29.1426,81.8833,2013-01-21,0.0,1.2,83.0,83.0,64.3,2298.8,0.0,0.5,0.866
1,27.9504,84.3075,2009-08-20,35.4,122.6,348.8,630.3,85.9,1265.4,0.0,-0.866,-0.5
1,34.166,73.1983,2016-07-27,49.2,56.3,66.9,125.9,49.2,1030.6,1.0,-0.5,-0.866
1,25.0985,94.3619,2013-09-24,4.6,7.5,15.7,60.0,4.6,1130.0,0.0,-1.0,-0.0
1,34.9002,73.6558,2016-10-01,0.0,0.0,2.5,16.5,1.0,3707.8,4.67,-0.866,0.5
1,34.1601,75.496,2011-07-03,0.1,5.5,17.6,19.4,4.1,3818.1,0.48,-0.5,-0.866
1,26.88,88.28,2011-06-17,46.3,64.1,82.0,215.9,46.3,1313.5,0.0,0.0,-1.0
1,30.80200029,78.61786282,2010-08-13,15.3,53.9,117.4,274.1,22.1,4043.1,0.0,-0.866,-0.5
1,27.2625,87.6017,2015-10-08,0.0,0.2,11.9,44.2,6.2,2650.4,3.22,-0.866,0.5
1,28.2658,83.6117,2015-07-19,0.1,3.1,231.5,293.7,187.0,3042.5,8.04,-0.5,-0.866
1,9.6326,76.9792,2011-06-01,105.8,140.7,223.9,271.4,105.8,420.1,0.57,0.0,-1.0
1,33.3308,75.1773,2011-03-19,21.6,27.0,27.0,27.0,21.6,2359.8,0.0,1.0,0.0
1,19.3421,73.7735,2016-08-02,191.3,316.5,384.2,465.7,191.3,575.9,0.02,-0.866,-0.5
1,30.2835,79.2498,2013-07-26,6.1,47.7,125.6,266.7,33.9,3184.1,0.0,-0.5,-0.866
1,31.9671,76.8521,2013-07-07,43.4,125.9,162.5,265.0,53.2,2281.7,0.0,-0.5,-0.866
1,35.273,72.983,2007-08-13,3.8,28.0,30.4,52.7,14.1,3200.0,1.47,-0.866,-0.5
1,33.7033,73.038,2007-03-21,10.8,71.1,71.3,162.2,32.0,543.8,0.59,1.0,0.0
1,26.8073,88.3162,2010-06-16,25.5,47.5,84.1,157.2,25.5,1313.5,0.0,0.0,-1.0
1,30.6145,79.8102,2015-03-31,0.0,39.4,39.4,39.5,26.9,4415.8,0.0,1.0,0.0
1,27.6163,88.6586,2015-05-24,10.3,68.1,185.9,350.2,47.7,3239.6,1.85,0.5,-0.866
1,28.12,82.86,2010-01-10,0.0,0.0,0.0,0.0,0.0,1167.6,1.7,0.5,0.866
1,6.7043,80.3828,2011-05-27,11.2,47.5,68.3,131.3,20.8,316.9,0.7,0.5,-0.866
1,15.3455,73.8976,2016-06-28,62.0,156.8,451.9,595.3,109.8,76.2,0.0,0.0,-1.0
1,28.3401,83.5983,2010-08-19,20.1,102.8,123.8,165.5,49.7,3042.5,0.0,-0.866,-0.5
1,19.0397,72.907,2012-09-03,35.6,74.4,163.3,254.1,43.2,97.2,0.0,-1.0,-0.0
1,31.709,76.9312,2012-08-24,34.5,95.0,323.5,416.5,148.6,1262.6,0.0,-0.866,-0.5
1,29.393,79.4525,2015-07-06,20.6,39.4,155.8,363.6,73.9,1085.6,0.71,-0.5,-0.866
1,32.1797,77.1947,2012-08-18,19.7,35.9,105.9,198.3,26.9,3984.7,8.22,-0.866,-0.5
1,22.3475,91.8123,2014-02-03,0.0,0.0,0.0,0.0,0.0,34.4,0.0,0.866,0.5
1,27.9939,84.094,2011-07-02,23.9,160.9,249.2,334.7,87.1,1265.4,0.16,-0.5,-0.866
1,31.1032,77.1625,2009-09-12,64.9,214.3,289.0,458.0,93.5,897.6,0.0,-1.0,-0.0
1,31.9843,77.1889,2010-09-19,22.9,36.1,53.4,107.6,22.9,3984.7,5.04,-1.0,-0.0
1,7.4239,80.6104,2011-01-09,141.2,270.6,323.6,377.4,141.2,296.6,0.0,0.5,0.866
1,25.5728,91.885,2010-06-28,68.7,173.1,318.2,501.9,78.1,1224.6,0.0,0.0,-1.0
1,34.2256,73.673,2011-02-07,60.7,128.4,162.1,170.8,60.7,1715.2,1.06,0.866,0.5
1,36.2744,74.7249,2010-09-15,0.6,8.7,31.4,54.0,8.2,4491.0,1.17,-1.0,-0.0
1,29.2944,81.3,2009-10-06,61.0,121.3,124.2,136.9,61.0,2530.8,0.0,-0.866,0.5
1,26.7223,95.0243,2016-04-19,36.3,63.9,110.9,167.6,36.3,1061.3,0.75,0.866,-0.5
1,15.4465,73.927,2015-06-18,76.2,155.8,286.4,342.5,76.2,76.2,0.0,0.0,-1.0
1,34.5628,77.6001,2010-05-27,6.2,6.2,9.7,68.1,6.2,4548.8,0.57,0.5,-0.866
1,28.8389,82.2873,2014-07-20,13.3,56.6,125.7,327.1,28.1,3182.0,3.38,-0.5,-0.866
1,28.0989,83.8734,2014-08-26,17.9,24.9,97.0,380.1,41.5,1230.0,0.0,-0.866,-0.5
1,28.2134,83.9557,2014-08-25,24.4,92.6,298.4,650.6,107.8,1230.0,17.27,-0.866,-0.5
1,24.7625,93.4341,2013-08-17,18.4,42.0,81.6,196.0,22.1,467.1,2.42,-0.866,-0.5
1,27.0987,93.816,2015-06-09,75.0,149.9,203.8,353.6,75.0,474.7,0.0,0.0,-1.0
1,36.2225,72.1934,2011-03-28,2.7,9.5,9.5,15.9,6.3,4086.8,0.87,1.0,0.0
1,28.3466,85.0058,2014-08-14,12.8,64.8,90.6,151.8,42.3,4097.4,5.34,-0.866,-0.5
1,27.4459,88.6193,2007-04-11,7.7,37.2,140.7,208.4,38.3,3239.6,0.0,0.866,-0.5
1,25.1553,93.028,2010-04-01,8.2,74.5,141.4,142.9,57.5,467.1,0.0,0.866,-0.5
1,30.2828,78.3041,2011-08-10,25.0,62.6,171.5,237.3,85.8,1403.9,3.62,-0.866,-0.5
1,34.3331,73.202,2016-03-20,4.5,76.4,132.2,222.4,46.8,1513.9,1.27,1.0,0.0
1,6.9167,81.0333,2011-02-23,0.0,1.8,4.2,31.5,1.9,399.5,0.0,0.866,0.5
1,28.3922,83.1913,2013-09-03,63.9,121.9,154.8,238.3,63.9,2863.4,0.0,-1.0,-0.0
1,19.069,72.8703,2010-06-25,23.9,70.9,94.9,519.0,25.7,97.2,0.0,0.0,-1.0
1,30.7412,79.4929,2011-07-09,6.8,52.6,89.4,253.6,32.2,3184.1,4.63,-0.5,-0.866
1,28.3928,83.5942,2015-05-24,2.7,2.7,35.0,77.1,17.8,3042.5,0.0,0.5,-0.866
1,32.8468,75.137,2014-09-06,40.1,189.9,213.1,216.0,80.9,1224.3,0.0,-1.0,-0.0
1,25.1175,92.8573,2012-06-03,136.3,300.1,350.7,385.3,136.3,467.1,0.69,0.0,-1.0
1,29.8002,80.2565,2016-06-30,62.8,112.9,193.8,302.9,62.8,2347.7,2.62,0.0,-1.0
1,28.2399,83.2266,2013-09-03,63.9,121.9,154.8,238.3,63.9,1167.6,4.71,-1.0,-0.0
1,36.2063,71.7854,2016-03-20,5.0,37.6,72.4,120.4,20.9,3718.8,0.31,1.0,0.0
1,33.8996,70.1048,2015-04-23,0.0,0.0,32.4,54.5,24.2,2107.1,0.56,0.866,-0.5
1,27.1761,88.5287,2009-08-20,50.9,102.7,456.5,709.0,126.6,1212.3,0.0,-0.866,-0.5
1,11.2738,75.8275,2007-06-25,4.8,117.1,453.8,748.6,170.8,165.2,0.56,0.0,-1.0
1,23.591,92.9296,2010-09-13,14.8,34.2,73.6,112.6,16.7,943.9,1.17,-1.0,-0.0
1,30.7313,78.4358,2016-07-18,8.5,148.9,273.7,357.8,90.2,1403.9,56.27,-0.5,-0.866
1,28.935,82.3125,2013-08-17,6.9,20.9,70.0,198.9,22.5,3182.0,0.77,-0.866,-0.5
1,30.2851,78.9829,2010-09-03,22.2,45.4,89.3,234.1,26.1,2165.8,5.93,-1.0,-0.0
1,28.3742,83.5214,2013-08-09,14.1,36.9,56.0,102.8,17.1,3042.5,0.0,-0.866,-0.5
1,30.8987,78.3399,2010-09-04,60.0,178.0,224.9,356.0,101.3,2523.7,6.72,-1.0,-0.0
1,27.3383,88.6069,2007-05-23,12.4,36.2,60.0,156.0,16.3,3239.6,0.0,0.5,-0.866
1,18.72,73.47,2008-08-10,66.9,159.3,225.5,399.9,66.9,636.0,4.07,-0.866,-0.5
1,31.4711,77.6746,2013-07-14,4.9,13.1,59.7,222.2,43.4,2571.9,1.42,-0.5,-0.866
1,30.904,77.0969,2010-07-25,7.4,14.3,89.1,135.8,25.6,897.6,0.0,-0.5,-0.866
1,10.2379,77.6377,2014-10-27,4.4,23.5,97.4,460.9,33.7,706.3,0.24,-0.866,0.5
1,28.4115,84.7943,2011-09-30,2.3,5.7,41.0,91.0,14.7,4097.4,4.26,-1.0,-0.0
1,26.8823,87.9125,2016-06-14,44.1,67.5,112.7,166.8,44.1,1313.5,0.0,0.0,-1.0
1,34.11897569,73.87654867,2011-04-21,1.1,10.6,67.5,125.4,25.7,1715.2,0.0,0.866,-0.5
1,29.477,80.3491,2010-09-14,9.5,30.6,65.9,352.0,17.4,1805.5,1.06,-1.0,-0.0
1,26.8722,87.3303,2013-09-06,1.2,39.4,99.9,202.3,31.4,1047.2,1.41,-1.0,-0.0
1,28.2135,84.7277,2015-05-02,0.7,9.0,41.6,62.9,16.2,1948.3,4.49,0.5,-0.866
1,27.9167,84.25,2007-09-05,205.3,326.5,379.0,493.2,205.3,1265.4,0.0,-1.0,-0.0
1,7.4227,80.6309,2010-11-26,61.8,85.5,183.3,240.1,61.8,296.6,0.0,-0.5,0.866
1,34.6113,74.9499,2012-08-21,3.4,7.1,10.1,11.8,3.4,3379.0,1.63,-0.866,-0.5
1,24.9829,93.5063,2013-09-01,5.5,8.5,84.0,131.5,47.0,952.6,0.0,-1.0,-0.0
1,15.4838,73.8164,2011-01-11,0.0,0.0,0.0,0.0,0.0,76.2,0.0,0.5,0.866
1,28.0063,83.7826,2010-07-11,1.1,65.2,129.9,252.8,34.4,1230.0,0.0,-0.5,-0.866
1,27.5687,85.34,2014-07-13,11.3,49.0,95.9,348.7,20.3,1269.4,1.14,-0.5,-0.866
1,28.3536,82.3997,2013-06-29,82.6,227.7,348.5,567.7,86.4,1919.1,2.72,0.0,-1.0
1,25.5125,93.3613,2011-06-29,3.9,14.8,28.0,146.9,10.4,542.1,0.12,0.0,-1.0
1,30.7333,78.4403,2010-09-12,39.0,49.5,145.2,367.6,53.0,2165.8,60.66,-1.0,-0.0
1,34.5677,73.1543,2011-02-05,9.3,42.3,44.3,48.6,22.4,1513.9,0.0,0.866,0.5
1,33.7403,77.7559,2015-07-21,8.2,28.2,43.2,81.8,14.4,4844.0,0.39,-0.5,-0.866
1,30.7467,78.4517,2010-07-29,3.4,20.9,131.4,332.6,55.2,2165.8,0.0,-0.5,-0.866
1,27.5161,88.5575,2011-09-30,0.4,6.5,63.1,196.4,21.1,3239.6,0.0,-1.0,-0.0
1,34.785,73.5206,2016-10-01,0.0,0.0,2.5,16.5,1.0,3707.8,3.79,-0.866,0.5
1,25.31006064,94.48265093,2010-08-15,15.6,48.3,113.8,256.7,31.2,1356.6,0.41,-0.866,-0.5
1,19.6699,73.5111,2011-07-12,15.5,52.6,247.1,316.2,73.3,575.9,0.3,-0.5,-0.866
1,27.6276,87.7924,2016-06-14,40.9,77.6,122.8,182.7,40.9,2650.4,1.14,0.0,-1.0
1,27.982,85.9757,2008-07-25,15.2,73.2,240.5,519.6,66.5,4098.7,1.87,-0.5,-0.866
1,34.1619,77.5528,2010-08-06,12.1,17.5,20.8,30.8,12.1,4532.6,0.05,-0.866,-0.5
1,28.11,83.68,2010-05-29,3.6,7.9,21.3,48.7,8.3,1230.0,0.0,0.5,-0.866
1,30.9544,77.5063,2010-09-19,81.2,110.7,272.0,532.5,129.5,1887.5,1.05,-1.0,-0.0
1,32.9262,75.1447,2015-07-11,44.5,86.7,152.9,191.9,44.5,1224.3,0.0,-0.5,-0.866
1,30.6738,77.3544,2013-07-14,4.5,18.8,28.8,109.1,8.0,833.0,0.67,-0.5,-0.866
1,29.5311,81.9616,2011-08-25,6.6,29.6,68.4,181.7,15.5,2890.9,2.58,-0.866,-0.5
1,28.51,81.48,2008-09-21,20.0,150.7,170.6,193.6,103.3,402.9,1.52,-1.0,-0.0
1,31.5304,77.7755,2010-08-21,6.8,39.2,106.2,222.0,42.4,2571.9,2.39,-0.866,-0.5
1,34.80316285,74.21346155,2014-04-03,0.1,3.0,22.9,69.1,16.3,3836.9,2.68,0.866,-0.5
1,29.5659,80.3657,2013-08-05,26.9,46.6,71.4,193.5,26.9,1805.5,1.05,-0.866,-0.5
1,24.9925,93.5,2009-08-20,10.2,24.9,88.3,146.3,40.7,952.6,1.79,-0.866,-0.5
1,27.4082091,87.29003611,2011-09-26,112.3,187.6,239.9,404.0,112.3,2650.4,0.67,-1.0,-0.0
1,30.7198,77.1695,2010-09-19,113.5,151.4,461.3,759.3,295.5,423.7,1.27,-1.0,-0.0
1,27.8732,85.9259,2010-09-14,19.6,54.1,89.4,293.1,25.1,2909.1,5.45,-1.0,-0.0
1,33.9243,74.6163,2015-04-05,0.0,16.9,79.5,181.4,37.3,2235.4,0.72,0.866,-0.5
1,27.6438,93.871,2016-06-12,13.0,38.5,135.8,258.0,36.3,1222.9,0.67,0.0,-1.0
1,36.0739,72.0406,2015-02-25,21.5,87.4,104.8,125.4,49.1,3718.8,0.82,0.866,0.5
1,28.0583,82.402,2013-07-14,6.8,21.0,192.8,338.6,81.7,790.0,1.24,-0.5,-0.866
1,9.7327,76.8403,2008-05-28,9.2,38.9,75.9,111.9,22.9,420.1,1.04,0.5,-0.866
1,27.0076,88.251,2015-06-27,28.4,56.8,132.7,350.1,28.4,1313.5,0.0,0.0,-1.0
1,29.3908,79.4552,2015-07-10,35.4,70.8,115.1,264.6,35.4,1085.6,0.71,-0.5,-0.866
1,24.8286,93.5935,2011-05-31,20.0,66.5,101.7,256.5,23.4,952.6,0.12,0.5,-0.866
1,32.371,77.2468,2010-08-06,16.9,49.3,72.5,131.5,23.9,4872.7,0.0,-0.866,-0.5
1,7.6235,80.6349,2011-02-07,17.8,75.7,477.1,554.0,169.5,296.6,0.0,0.866,0.5
1,27.2298,94.0989,2008-06-15,1.8,66.6,128.8,258.6,36.9,191.8,0.91,0.0,-1.0
1,24.4136,91.7561,2014-05-10,17.0,78.5,205.3,322.6,71.7,29.6,0.09,0.5,-0.866
1,29.5833,80.2167,2007-09-06,54.7,161.8,193.2,339.4,99.5,1463.1,1.34,-1.0,-0.0
1,25.9703,91.8584,2015-09-06,8.0,25.1,456.6,669.3,160.6,400.0,0.0,-1.0,-0.0
1,34.8142,74.3225,2010-08-15,2.5,13.4,34.0,149.3,7.3,3836.9,2.56,-0.866,-0.5
1,33.6303,74.4838,2015-05-14,17.4,76.8,131.2,160.5,32.0,1724.3,1.17,0.5,-0.866
1,8.4951,76.921,2013-11-13,6.5,38.2,44.3,103.2,17.7,86.2,0.26,-0.5,0.866
1,16.5332,80.6103,2010-08-31,1.8,19.1,78.9,155.1,31.6,45.4,0.0,-0.866,-0.5
1,25.5145,90.2023,2015-08-18,51.0,92.4,138.0,194.9,51.0,150.3,0.36,-0.866,-0.5
1,32.2473,78.037,2015-07-13,2.0,30.3,37.1,37.9,17.8,4677.4,3.15,-0.5,-0.866
1,27.36,87.6681,2015-06-11,33.2,66.5,90.2,156.6,33.2,2650.4,0.0,0.0,-1.0
1,30.262,79.2191,2013-07-24,7.7,39.8,144.0,237.0,49.9,3184.1,3.77,-0.5,-0.866
1,7.4237,80.6104,2010-11-26,61.6,90.0,184.7,271.3,61.6,296.6,0.0,-0.5,0.866
1,33.7453,74.1794,2015-02-05,0.0,7.9,26.7,47.4,12.7,1724.3,1.32,0.866,0.5
1,9.8721,76.7046,2011-06-02,46.3,162.3,237.6,297.4,91.9,711.2,0.92,0.0,-1.0
1,19.153,72.9266,2010-06-25,25.8,69.8,87.4,309.2,27.6,97.2,0.0,0.0,-1.0
1,15.0275,74.1623,2016-06-18,14.5,26.3,76.7,384.7,16.0,302.4,0.85,0.0,-1.0
1,17.4303,73.5097,2011-08-30,55.8,329.9,477.0,600.9,148.2,518.2,0.51,-0.866,-0.5
1,32.76390852,77.28272548,2017-06-29,9.0,19.2,19.2,27.3,10.0,4984.9,0.55,0.0,-1.0
1,6.8894,81.0402,2011-01-06,14.5,45.4,78.8,78.8,21.0,399.5,0.0,0.5,0.866
1,34.6609,73.9593,2015-04-08,0.0,1.9,33.1,133.7,17.2,2292.0,2.5,0.866,-0.5
1,25.38,91.88,2007-07-26,81.4,218.5,358.8,615.4,89.2,1224.6,1.38,-0.5,-0.866
1,26.1548,91.7351,2011-09-23,10.3,68.9,130.8,300.3,45.7,400.0,0.0,-1.0,-0.0
1,27.81963827,84.46652548,2010-07-11,89.3,242.0,282.1,561.3,112.6,1265.4,0.0,-0.5,-0.866
1,34.0876,74.0225,2010-02-08,77.8,152.2,175.2,211.4,77.8,1715.2,0.0,0.866,0.5
1,28.2887,83.8974,2015-08-17,25.7,155.9,242.9,545.6,87.8,3042.5,0.0,-0.866,-0.5
1,33.23738085,75.24528226,2008-01-09,55.4,97.6,116.9,116.9,55.4,1224.3,0.0,0.5,0.866
1,30.2258,78.3755,2011-08-08,17.6,41.7,180.7,250.7,110.3,564.8,2.92,-0.866,-0.5
1,29.6095,79.6628,2010-07-22,54.6,177.0,513.1,743.4,275.1,1085.6,0.73,-0.5,-0.866
1,35.2538,73.2113,2016-03-23,0.0,0.0,92.2,188.5,43.9,3200.0,0.0,1.0,0.0
1,27.15977181,88.63411246,2009-08-16,126.6,281.0,437.6,672.2,126.6,1212.3,0.0,-0.866,-0.5
1,10.3448,77.5666,2015-07-09,7.3,9.0,21.4,62.7,9.0,517.1,0.61,-0.5,-0.866
1,30.9013,79.5322,2010-09-19,30.8,115.8,122.6,158.4,67.8,4872.3,20.48,-1.0,-0.0
1,30.241,78.9,2015-07-11,13.8,105.2,145.8,191.9,64.7,1266.2,5.39,-0.5,-0.866
1,17.7963,96.1703,2008-05-02,23.9,85.9,173.6,203.6,62.1,152.1,0.07,0.5,-0.866
1,34.0966,73.4995,2011-02-06,42.2,63.1,65.2,72.5,42.2,1715.2,1.21,0.866,0.5
1,27.4513,87.6093,2013-06-05,5.7,20.1,160.4,277.7,76.6,2650.4,0.0,0.0,-1.0
1,25.6682,94.1099,2011-06-28,26.6,85.6,132.2,296.3,34.8,1356.6,0.0,0.0,-1.0
1,27.2667,85.9667,2007-09-10,3.2,18.8,97.0,228.9,50.5,2153.1,3.95,-1.0,-0.0
1,16.8686,96.1433,2016-01-24,0.1,0.1,0.1,0.1,0.1,10.9,0.04,0.5,0.866
1,27.7801,84.4384,2013-07-06,10.9,62.5,112.0,372.7,35.2,1265.4,0.0,-0.5,-0.866
1,24.004,93.9815,2015-08-01,11.3,392.8,594.3,834.6,203.7,972.9,3.69,-0.866,-0.5
1,29.9531,78.1514,2013-08-28,8.9,21.2,33.2,114.4,8.9,564.8,0.0,-0.866,-0.5
1,27.2879,88.2579,2011-06-23,20.5,54.7,162.1,278.5,58.7,3524.1,7.12,0.0,-1.0
1,30.4542,78.3911,2013-06-24,17.3,31.3,37.2,384.2,17.3,1403.9,2.11,0.0,-1.0
1,25.5242,92.9914,2010-10-09,13.6,110.9,149.2,212.4,75.2,542.1,0.32,-0.866,0.5
1,33.0809,75.2966,2015-03-15,43.7,51.0,51.7,243.8,43.7,1224.3,3.2,1.0,0.0
1,32.4298,75.5807,2016-08-07,74.2,151.3,254.3,327.2,80.0,1054.2,1.13,-0.866,-0.5
1,33.0097,74.9402,2010-02-26,4.1,4.3,4.3,9.8,4.1,1224.3,0.0,0.866,0.5
1,30.506,79.1127,2011-07-11,5.9,16.3,86.5,238.3,36.1,3184.1,3.35,-0.5,-0.866
1,33.775,74.0934,2012-08-29,2.1,4.5,56.2,93.3,29.8,2235.4,1.42,-0.866,-0.5
1,28.2872,84.2015,2015-08-04,71.3,113.3,322.6,467.9,82.2,3516.1,7.32,-0.866,-0.5
1,24.6869,93.9157,2011-07-25,4.2,9.6,78.6,169.1,37.9,869.2,0.19,-0.5,-0.866
1,33.242,75.231,2007-05-08,1.5,1.5,6.4,8.2,1.7,1224.3,0.0,0.5,-0.866
1,27.21898773,89.5187916,2010-05-21,0.0,32.0,45.9,84.9,23.5,1784.5,1.58,0.5,-0.866
1,24.3083,91.7333,2009-05-18,34.7,71.6,124.1,140.7,40.6,29.6,0.09,0.5,-0.866
1,22.2251,92.19,2009-07-31,13.6,79.2,147.7,205.1,32.9,276.0,0.45,-0.5,-0.866
1,33.1847,75.8062,2010-10-12,0.0,1.8,2.2,2.3,1.0,2027.2,0.0,-0.866,0.5
1,21.1899,92.1571,2010-06-15,69.7,222.4,289.5,328.1,92.2,4.8,0.49,0.0,-1.0
1,26.8998,86.7014,2011-07-03,89.8,151.9,329.0,512.6,89.8,919.5,0.36,-0.5,-0.866
1,16.5172,80.6024,2015-04-26,1.2,5.9,9.0,28.4,3.0,45.4,0.0,0.866,-0.5
1,25.4191,94.1079,2011-07-07,6.8,28.5,79.8,270.8,19.4,1356.6,3.64,-0.5,-0.866
1,33.1457,75.7964,2016-08-07,16.9,29.7,55.8,104.6,16.9,2027.2,0.0,-0.866,-0.5
1,33.9513,74.9845,2008-05-05,14.2,22.2,22.2,43.1,14.2,2630.7,0.0,0.5,-0.866
1,35.2631,73.1724,2011-02-06,67.9,130.8,186.6,194.3,67.9,3200.0,0.0,0.866,0.5
1,12.8041,74.8678,2016-07-04,70.5,99.4,194.7,477.7,70.5,163.0,0.0,-0.5,-0.866
1,27.4373,90.4678,2015-08-14,33.0,53.6,87.3,335.7,33.0,3134.2,1.97,-0.866,-0.5
1,30.9044,77.0969,2012-08-24,10.9,48.2,116.5,211.7,27.5,897.6,0.0,-0.866,-0.5
1,34.5396,73.3461,2016-07-16,9.8,21.8,42.2,89.2,9.8,1513.9,1.64,-0.5,-0.866
1,27.4167,86.6667,2009-09-01,7.0,28.8,69.0,300.9,12.6,2847.6,3.09,-1.0,-0.0
1,27.0713,88.4308,2007-08-25,10.6,65.3,80.6,589.0,36.2,1313.5,1.12,-0.866,-0.5
1,32.17,77.1788,2013-07-14,5.2,15.8,28.7,42.4,8.8,2281.7,7.59,-0.5,-0.866
1,32.5606,76.1206,2015-07-26,29.7,56.9,101.2,311.3,29.7,2350.5,4.36,-0.5,-0.866
1,6.9698,81.039,2010-10-03,7.1,72.2,153.5,277.4,46.6,399.5,0.0,-0.866,0.5
1,26.8716,94.9921,2010-07-20,79.5,184.2,238.1,343.1,79.5,348.9,1.94,-0.5,-0.866
1,33.6941,73.0399,2014-08-12,4.9,5.1,22.5,53.1,12.0,543.8,0.59,-0.866,-0.5
1,31.1628,77.7241,2013-07-06,77.2,121.4,141.2,213.7,77.2,1887.5,1.69,-0.5,-0.866
1,26.09748244,91.8744337,2016-07-19,53.5,105.5,223.1,430.2,64.3,400.0,0.0,-0.5,-0.866
1,27.4,92.35,2008-10-29,0.2,102.1,129.8,144.1,93.9,2753.9,1.21,-0.866,0.5
1,27.3702,88.7334,2010-09-04,20.4,51.6,129.7,386.6,28.0,3239.6,0.0,-1.0,-0.0
1,26.89,88.47,2009-06-17,19.8,42.0,54.0,79.2,19.8,1212.3,0.0,0.0,-1.0
1,28.023,83.8049,2012-09-17,165.1,257.3,444.5,467.1,165.1,1230.0,0.0,-1.0,-0.0
1,27.5108,86.02,2016-04-10,0.0,0.0,2.9,28.6,1.5,2153.1,1.7,0.866,-0.5
1,30.7221,78.6437,2010-08-20,13.3,72.6,119.9,229.0,46.4,2165.8,15.44,-0.866,-0.5
1,7.1306,80.4548,2016-05-17,48.8,421.2,546.6,623.9,259.5,681.4,0.42,0.5,-0.866
1,30.5631,79.5765,2015-04-28,3.2,18.9,24.1,72.3,8.6,3184.1,0.0,0.866,-0.5
1,28.7434,82.4753,2011-07-15,17.5,123.6,155.2,353.6,57.9,1919.1,3.16,-0.5,-0.866
1,29.6394,80.7179,2016-06-30,30.8,51.0,101.4,193.4,30.8,1805.5,1.97,0.0,-1.0
1,29.3064,81.0561,2015-08-11,7.5,28.2,96.2,245.3,33.6,2530.8,2.48,-0.866,-0.5
1,24.3527,94.3429,2011-07-22,25.1,57.2,161.2,243.4,49.4,610.5,0.41,-0.5,-0.866
1,26.0977,94.7499,2013-06-07,12.0,24.7,31.2,66.4,12.0,1466.6,1.54,0.0,-1.0
1,27.02459801,88.43849551,2009-08-16,126.6,281.0,437.6,672.2,126.6,1212.3,1.63,-0.866,-0.5
1,32.2067,76.3641,2010-07-25,2.9,7.0,52.8,139.5,22.6,1112.2,0.0,-0.5,-0.866
1,25.1622,92.0104,2016-02-25,10.7,23.0,33.6,41.5,12.3,103.5,1.96,0.866,0.5
1,36.2792,74.6006,2015-10-25,14.7,25.8,44.4,58.8,16.3,4210.9,1.39,-0.866,0.5
1,27.9333,84.4167,2011-07-01,39.4,153.1,246.0,359.2,62.4,1265.4,0.0,-0.5,-0.866
1,32.2278,78.071,2012-08-18,0.0,1.7,3.3,10.9,1.2,4677.4,3.13,-0.866,-0.5
1,28.0889,85.6352,2011-07-21,11.0,50.0,87.1,178.3,19.8,2909.1,0.0,-0.5,-0.866
1,28.2638,83.9725,2011-07-20,75.5,218.5,386.2,586.1,119.9,3042.5,13.91,-0.5,-0.866
1,26.8905,88.2789,2007-08-02,13.7,43.2,254.9,626.2,137.0,1313.5,0.0,-0.866,-0.5
1,26.9282,88.4553,2015-07-04,31.4,137.3,214.1,304.8,73.5,1212.3,1.26,-0.5,-0.866
1,30.0712,80.2386,2013-07-04,37.6,71.5,100.1,244.9,37.6,2347.7,0.95,-0.5,-0.866
1,30.8203,78.6185,2013-07-25,10.5,44.6,129.5,248.5,26.5,4043.1,0.0,-0.5,-0.866
1,27.0096,88.2548,2007-08-29,18.3,44.4,117.2,263.5,30.3,1313.5,0.0,-0.866,-0.5
1,28.0075,84.088,2011-07-02,23.9,160.9,249.2,334.7,87.1,1265.4,0.14,-0.5,-0.866
1,19.678,73.5036,2014-07-30,40.6,164.6,236.3,490.9,78.8,575.9,0.3,-0.5,-0.866
1,18.7833,73.4703,2015-06-21,40.5,87.6,129.1,240.8,40.5,587.9,4.12,0.0,-1.0
1,32.2322,76.3037,2013-08-07,9.8,74.6,150.4,234.2,38.5,1112.2,0.0,-0.866,-0.5
1,26.9435,88.4445,2010-08-17,50.1,130.9,235.3,287.3,55.6,1212.3,0.92,-0.866,-0.5
1,26.7324,88.4089,2007-06-13,19.5,31.3,282.1,314.1,166.7,273.2,3.11,0.0,-1.0
1,31.7085,76.9297,2015-07-26,14.7,42.2,166.4,310.8,62.2,1262.6,0.0,-0.5,-0.866
1,34.8075,73.6889,2010-10-07,0.0,0.0,0.1,32.5,0.1,3707.8,4.39,-0.866,0.5
1,26.8861,88.1704,2016-10-12,85.6,170.8,241.5,270.1,85.6,1313.5,0.0,-0.866,0.5
1,33.0677,75.1466,2014-09-07,2.7,114.7,248.7,262.4,90.3,1224.3,0.0,-1.0,-0.0
1,27.9142,83.7876,2013-07-22,29.6,45.6,181.7,353.2,55.6,1230.0,0.0,-0.5,-0.866
1,35.311,73.3197,2016-04-03,61.1,110.6,132.2,224.6,61.1,3200.0,0.0,0.866,-0.5
1,28.0791,96.5242,2011-03-22,13.0,179.5,253.3,295.8,87.9,1302.9,1.61,1.0,0.0
1,31.0,77.12,2008-08-14,63.1,155.9,251.2,428.3,69.2,897.6,0.0,-0.866,-0.5
1,34.0604,74.4203,2015-04-03,8.9,62.8,161.5,173.4,58.3,2235.4,0.0,0.866,-0.5
1,20.5349,73.1703,2014-08-20,3.5,4.2,22.4,62.6,8.5,123.2,0.45,-0.866,-0.5
1,27.5001,86.8669,2013-07-10,59.1,151.7,392.1,538.5,88.7,2847.6,0.0,-0.5,-0.866
1,30.1665,78.1123,2011-07-21,2.7,22.2,61.1,150.2,15.6,564.8,1.92,-0.5,-0.866
1,18.7631,73.347,2015-08-07,11.4,42.8,78.7,199.3,18.0,97.2,0.0,-0.866,-0.5
1,6.8196,80.8448,2013-05-04,10.6,36.7,100.9,141.4,21.8,681.4,0.83,0.5,-0.866
1,27.3341,88.6083,2010-04-17,5.4,9.2,26.1,49.0,6.8,3239.6,0.0,0.866,-0.5
1,29.4605,81.682,2010-08-23,6.1,93.5,192.1,237.3,52.3,2890.9,0.67,-0.866,-0.5
1,26.0319,94.5466,2015-06-24,12.4,78.4,105.0,268.2,35.3,997.1,0.0,0.0,-1.0
1,29.3083,81.057,2009-09-12,3.9,24.0,53.2,164.0,14.1,2530.8,2.48,-1.0,-0.0
1,33.7705,74.0967,2013-08-14,86.1,136.8,196.9,343.7,86.1,2235.4,1.45,-0.866,-0.5
1,32.1967,76.3194,2015-08-11,8.4,13.8,52.0,171.7,26.0,1112.2,0.0,-0.866,-0.5
1,24.5958,72.7169,2011-08-09,59.3,63.4,70.4,112.4,59.3,271.4,0.41,-0.866,-0.5
1,34.1491,76.826,2011-07-03,1.2,5.6,15.1,15.4,4.0,4452.1,0.33,-0.5,-0.866
1,30.4554,78.0973,2016-07-16,100.0,217.2,235.6,384.7,100.0,1403.9,0.0,-0.5,-0.866
1,27.0765,88.4808,2010-06-16,33.9,46.9,70.7,148.0,33.9,1212.3,0.0,0.0,-1.0
1,6.9769,80.7816,2011-01-09,128.7,215.2,272.1,314.2,128.7,681.4,0.0,0.5,0.866
1,35.049,72.7541,2010-07-30,19.5,224.5,295.3,338.1,115.3,2115.6,0.73,-0.5,-0.866
1,6.9658,80.7577,2007-01-13,0.6,21.2,46.1,48.4,14.4,681.4,0.0,0.5,0.866
1,27.1249,93.7706,2014-10-01,0.0,0.9,57.6,357.4,27.1,474.7,0.0,-0.866,0.5
1,29.5023,82.2504,2011-08-21,5.5,35.6,104.8,197.7,32.5,4306.6,1.74,-0.866,-0.5
1,26.1677,94.2442,2016-06-12,15.0,61.8,113.4,130.2,43.5,997.1,0.0,0.0,-1.0
1,15.949,73.9667,2010-07-30,76.3,172.3,500.8,954.3,99.4,188.0,0.47,-0.5,-0.866
1,16.5141,80.6055,2010-09-17,20.8,45.1,91.4,167.4,22.3,45.4,0.0,-1.0,-0.0
1,28.4659,95.86,2012-04-08,7.7,80.8,132.9,306.3,52.1,1961.6,1.34,0.866,-0.5
1,27.8009,84.8423,2016-08-01,16.7,97.5,229.4,589.0,55.4,1948.3,1.27,-0.866,-0.5
1,28.0764,83.2519,2007-07-28,35.6,179.5,285.1,546.2,100.7,1167.6,0.0,-0.5,-0.866
1,12.896,74.8735,2010-07-29,33.4,69.3,140.6,479.1,33.4,163.0,0.0,-0.5,-0.866
1,30.4783,78.2741,2011-05-31,9.1,21.7,36.9,60.2,9.1,1403.9,0.0,0.5,-0.866
1,30.688,79.0478,2014-09-11,11.1,43.4,65.0,87.7,20.6,2165.8,14.13,-1.0,-0.0
1,30.6463,79.5306,2010-08-09,20.1,68.4,141.0,376.7,35.6,3184.1,0.0,-0.866,-0.5
1,24.7505,93.4221,2010-08-27,9.5,26.8,64.1,259.9,23.3,467.1,2.48,-0.866,-0.5
1,25.4477,94.0489,2015-07-22,20.6,86.7,171.4,302.0,34.4,934.6,1.74,-0.5,-0.866
1,28.1881,84.8711,2015-06-26,29.0,43.2,146.4,283.8,39.2,1948.3,5.57,0.0,-1.0
1,9.7285,76.803,2012-08-17,35.7,55.0,108.8,179.9,35.7,420.1,1.16,-0.866,-0.5
1,26.284,94.5808,2013-08-04,15.0,32.1,71.1,232.7,23.0,482.6,2.15,-0.866,-0.5
1,26.149,91.7351,2012-06-20,61.6,119.1,181.3,251.6,61.6,400.0,0.0,0.0,-1.0
1,25.0672,93.4093,2011-05-22,33.7,70.5,128.6,149.0,33.7,467.1,1.52,0.5,-0.866
1,30.3797,78.5017,2013-06-18,1.4,224.2,282.3,372.7,122.8,2165.8,4.83,0.0,-1.0
1,24.1988,94.1016,2015-08-01,6.9,288.2,444.4,651.1,147.9,458.7,0.84,-0.866,-0.5
1,32.1764,76.3075,2015-08-12,64.7,76.7,111.9,206.0,64.7,1112.2,0.0,-0.866,-0.5
1,30.6945,79.0544,2013-06-17,119.0,283.5,370.0,424.0,130.8,2165.8,13.07,0.0,-1.0
1,28.2168,83.6666,2007-07-12,127.8,258.8,301.5,378.6,127.8,1230.0,8.05,-0.5,-0.866
1,31.0766,77.3913,2011-08-07,12.0,17.2,35.1,108.3,15.4,1887.5,1.62,-0.866,-0.5
1,27.9715,85.9623,2015-05-01,3.5,15.0,45.9,64.7,11.7,4098.7,5.7,0.5,-0.866
1,31.5124,78.1181,2016-06-17,0.4,25.2,37.9,59.8,13.4,3817.5,0.0,0.0,-1.0
1,11.4098,76.6939,2009-11-09,49.7,177.1,203.8,224.8,84.5,784.6,0.0,-0.5,0.866
1,29.3577,80.3109,2013-12-23,0.0,0.0,1.1,1.1,1.0,1463.1,0.55,-0.0,1.0
1,32.9411,75.0922,2014-11-07,17.5,17.5,17.6,19.0,17.5,1224.3,0.0,-0.5,0.866
1,29.5326,82.1482,2013-06-18,35.6,134.3,176.4,206.3,66.8,2890.9,1.47,0.0,-1.0
1,32.3682,75.5227,2012-02-15,0.1,20.2,28.1,70.0,18.2,1054.2,0.68,0.866,0.5
1,19.1711,73.0207,2013-07-24,26.8,118.4,242.5,427.4,73.2,97.2,0.0,-0.5,-0.866
1,35.2746,73.2235,2013-01-12,27.1,31.7,32.1,32.1,27.1,3200.0,0.0,0.5,0.866
1,11.3192,76.5959,2013-07-25,36.9,86.3,165.4,230.8,36.9,784.6,0.0,-0.5,-0.866
1,27.7276,88.0446,2010-08-29,10.4,17.0,62.5,165.6,21.2,3524.1,2.57,-0.866,-0.5
1,8.4863,76.9517,2013-11-13,6.5,38.2,44.3,103.2,17.7,86.2,0.26,-0.5,0.866
1,6.9366,80.6953,2012-11-02,9.7,69.7,233.3,420.9,59.5,681.4,0.0,-0.5,0.866
1,27.6041,84.8603,2010-08-23,135.7,172.7,306.8,399.8,135.7,776.6,2.51,-0.866,-0.5
1,27.8776,94.25,2013-06-01,8.3,56.7,128.9,190.1,32.3,1160.0,0.76,0.0,-1.0
1,34.5625,73.8319,2007-07-02,5.8,18.1,72.9,98.6,38.3,2292.0,3.73,-0.5,-0.866
1,30.9546,77.1792,2010-10-04,1.2,3.0,3.3,90.2,1.8,897.6,0.0,-0.866,0.5
1,12.8157,74.8586,2016-06-24,52.2,157.8,239.5,302.8,80.2,163.0,0.0,0.0,-1.0
1,26.1475,91.7356,2012-06-02,21.7,58.4,97.5,144.1,30.2,400.0,0.0,0.0,-1.0
1,33.2537,75.2006,2008-01-16,12.8,12.8,39.0,155.9,26.2,2359.8,36.12,0.5,0.866
1,24.9037,93.487,2013-09-01,5.5,8.5,84.0,131.5,47.0,952.6,0.0,-1.0,-0.0
1,28.05,84.95,2010-07-04,21.8,39.0,114.4,228.1,39.9,1948.3,0.0,-0.5,-0.866
1,29.5679,82.283,2016-07-16,18.5,53.0,106.9,176.0,20.4,4306.6,1.62,-0.5,-0.866
1,6.957291003,81.12046509,2011-02-17,0.0,0.6,2.1,209.4,0.8,399.5,0.0,0.866,0.5
1,25.4538,93.9827,2015-07-22,20.6,86.7,171.4,302.0,34.4,934.6,1.51,-0.5,-0.866
1,27.1027,88.1218,2016-07-26,111.8,237.4,614.4,1060.0,132.6,1313.5,0.0,-0.5,-0.866
1,26.1147,94.3864,2013-07-01,10.3,56.3,96.9,210.2,31.4,997.1,0.0,-0.5,-0.866
1,28.8425,81.7097,2015-08-15,10.2,42.9,84.7,180.5,20.7,2298.8,2.45,-0.866,-0.5
1,33.3037,75.1827,2011-02-13,47.0,60.1,125.8,193.6,65.7,2359.8,0.0,0.866,0.5
1,30.9035,77.0965,2010-09-19,71.2,86.0,205.7,416.6,106.8,897.6,0.0,-1.0,-0.0
1,6.754,80.9514,2014-12-26,24.8,158.4,398.8,496.8,102.4,399.5,1.28,-0.0,1.0
1,29.0396,81.2519,2011-07-02,14.0,101.6,165.5,254.3,77.9,1224.7,2.28,-0.5,-0.866
1,29.1309,81.6631,2013-07-07,30.4,186.6,276.2,373.0,82.1,2298.8,0.0,-0.5,-0.866
1,22.6368,92.1453,2007-06-11,25.7,47.7,81.6,96.5,25.7,34.4,0.32,0.0,-1.0
1,28.0336,85.2178,2016-06-28,46.8,112.9,190.9,376.9,46.8,1948.3,2.03,0.0,-1.0
1,22.3496,91.8138,2015-09-21,17.6,62.7,69.5,92.2,28.8,34.4,0.0,-1.0,-0.0
1,21.4409,92.0074,2015-06-26,94.9,332.4,487.8,634.4,174.5,16.7,0.0,0.0,-1.0
1,27.3425,88.6236,2007-09-10,29.2,148.9,431.5,752.9,107.8,3239.6,0.0,-1.0,-0.0
1,27.509,85.1505,2010-09-18,19.4,78.4,219.9,307.9,67.5,776.6,0.0,-1.0,-0.0
1,24.5202,92.7239,2016-05-18,24.1,57.3,110.3,128.5,31.5,113.2,0.31,0.5,-0.866
1,28.3323,83.7438,2007-08-28,12.1,51.7,146.6,482.0,46.0,3042.5,0.0,-0.866,-0.5
1,10.3316,76.9592,2016-05-09,3.6,64.2,134.2,168.7,37.3,540.5,0.26,0.5,-0.866
1,24.9818,93.5142,2015-07-24,14.2,90.6,174.9,284.3,54.3,952.6,0.0,-0.5,-0.866
1,28.0004,84.033,2011-06-30,87.1,165.1,215.3,264.6,87.1,1230.0,0.13,0.0,-1.0
1,33.1804,75.8101,2011-02-13,43.4,64.4,141.0,228.8,76.6,2027.2,0.0,0.866,0.5
1,26.944,88.4441,2010-06-11,4.7,33.8,70.4,109.8,24.9,1212.3,0.95,0.0,-1.0
1,33.13296295,75.43929097,2016-03-17,41.5,43.0,140.8,170.3,41.5,2027.2,0.0,1.0,0.0
1,10.0539,76.8298,2013-08-05,79.2,218.5,286.0,440.9,120.5,711.2,0.0,-0.866,-0.5
1,32.0996,77.1586,2011-03-05,0.0,30.4,68.1,100.1,24.7,2281.7,16.74,1.0,0.0
1,19.1869,73.02,2016-07-31,53.8,107.3,180.6,259.8,53.8,97.2,0.0,-0.5,-0.866
1,32.9913,75.1915,2013-08-14,29.2,64.8,135.6,245.9,45.8,1224.3,0.0,-0.866,-0.5
1,30.7386,79.4954,2016-08-04,11.7,47.6,176.9,283.2,61.2,3184.1,5.07,-0.866,-0.5
1,30.9753,78.4375,2016-07-31,32.6,63.6,125.7,239.5,32.6,4043.1,3.28,-0.5,-0.866
1,29.356,81.3098,2007-07-12,11.5,28.2,89.7,172.6,25.3,2530.8,0.0,-0.5,-0.866
1,30.301,79.3628,2013-07-24,7.7,39.8,144.0,237.0,49.9,3184.1,0.0,-0.5,-0.866
1,19.0949,72.8899,2009-09-03,64.4,101.8,165.0,215.2,64.4,97.2,0.0,-1.0,-0.0
1,11.2993,76.9354,2011-06-16,1.0,14.5,25.6,121.8,11.9,784.6,0.0,0.0,-1.0
1,26.1985,91.7998,2014-09-22,58.2,143.6,184.9,256.2,68.0,400.0,0.0,-1.0,-0.0
1,25.6269,94.1139,2013-07-12,19.2,41.8,81.1,301.0,19.2,1356.6,0.0,-0.5,-0.866
1,10.3228,76.4319,2013-08-05,63.3,173.3,255.8,408.6,84.4,88.9,0.65,-0.866,-0.5
1,31.7077,76.9313,2011-08-13,52.4,74.7,136.8,183.5,52.4,1262.6,0.0,-0.866,-0.5
1,28.799,82.4712,2011-08-22,12.4,35.6,121.0,299.3,41.9,3182.0,2.42,-0.866,-0.5
1,33.9344,74.6566,2015-03-30,7.2,99.8,111.6,151.5,66.4,2235.4,1.19,1.0,0.0
1,30.6594,79.5605,2012-08-17,15.5,25.7,59.9,208.1,15.5,3184.1,0.0,-0.866,-0.5
1,31.4582,78.2114,2010-09-19,64.4,106.8,190.7,306.6,66.6,3817.5,0.0,-1.0,-0.0
1,27.828,83.6349,2012-06-13,0.0,0.0,1.2,29.3,1.2,1230.0,2.7,0.0,-1.0
1,31.5375,77.3737,2013-08-21,5.5,46.0,88.6,206.7,23.2,2571.9,5.07,-0.866,-0.5
1,32.5659,75.0944,2008-06-15,5.4,22.8,30.4,43.6,9.8,465.4,0.69,0.0,-1.0
1,26.9974,88.4314,2015-06-17,18.4,40.3,98.3,161.6,21.9,1313.5,3.01,0.0,-1.0
1,28.4414,82.624,2014-08-15,29.3,79.8,129.2,210.9,34.3,1919.1,0.84,-0.866,-0.5
1,31.1,77.16,2008-08-17,1.9,36.6,175.6,412.9,55.0,897.6,0.0,-0.866,-0.5
1,24.4279,94.0564,2007-09-11,5.2,10.1,115.9,181.5,42.2,869.2,0.47,-1.0,-0.0
1,33.1206,75.3142,2014-10-26,0.2,3.7,3.9,8.8,2.9,2027.2,3.83,-0.866,0.5
1,10.0606,76.6331,2013-08-07,4.4,107.6,290.8,416.5,120.5,711.2,0.95,-0.866,-0.5
1,27.5,84.6663,2013-07-22,10.1,36.5,94.6,185.7,24.0,357.8,3.85,-0.5,-0.866
1,30.6785,78.3475,2010-08-09,8.9,32.7,91.7,240.2,32.5,1403.9,0.0,-0.866,-0.5
1,29.36,80.126,2010-07-20,39.9,268.4,340.5,548.8,174.8,1463.1,1.03,-0.5,-0.866
1,34.7982,71.3823,2014-11-16,0.0,0.0,0.0,30.4,0.0,1993.4,1.23,-0.5,0.866
1,26.8727,94.9275,2013-08-16,11.3,55.8,131.0,251.5,33.3,348.9,2.13,-0.866,-0.5
1,27.0011,93.7273,2010-09-10,12.0,39.5,96.7,186.4,21.1,474.7,0.0,-1.0,-0.0
1,27.7898,86.3499,2013-07-22,26.6,87.7,175.5,354.0,45.7,4098.7,3.54,-0.5,-0.866
1,29.5935,79.6805,2013-06-19,1.4,147.0,379.7,477.2,169.8,1085.6,0.72,0.0,-1.0
1,23.7327,92.7463,2014-07-14,14.3,91.2,132.9,169.6,53.4,432.1,1.4,-0.5,-0.866
1,9.8012,76.9006,2011-05-31,21.4,65.8,128.7,170.1,30.9,711.2,0.96,0.5,-0.866
1,34.209,74.3524,2014-04-15,5.3,11.7,19.3,57.6,7.6,2235.4,0.0,0.866,-0.5
1,28.1347,83.2369,2016-07-16,21.4,64.8,134.4,340.6,29.7,1167.6,0.0,-0.5,-0.866
1,34.0978,74.4016,2015-04-03,8.9,62.8,161.5,173.4,58.3,2235.4,0.0,0.866,-0.5
1,33.8667,73.7667,2007-02-25,0.0,0.0,17.9,76.1,17.1,1715.2,0.0,0.866,0.5
1,29.58,80.2214,2013-07-04,5.7,28.3,88.9,250.5,32.5,1463.1,1.33,-0.5,-0.866
1,27.3721,88.708,2013-06-08,19.4,50.9,96.1,279.8,19.4,3239.6,0.0,0.0,-1.0
1,33.241,75.234,2012-02-22,25.7,61.5,65.0,140.0,25.7,1224.3,0.0,0.866,0.5
1,18.7632,73.347,2015-07-19,15.7,39.8,61.1,123.9,15.7,97.2,0.0,-0.5,-0.866
1,28.4333,83.1202,2014-08-23,8.7,30.0,71.8,227.0,11.7,2863.4,0.0,-0.866,-0.5
1,35.2685,75.6271,2015-10-26,5.0,42.6,47.3,70.6,22.7,3918.3,0.24,-0.866,0.5
1,28.1171,83.2497,2010-08-27,20.7,56.5,503.7,654.1,232.3,1167.6,0.0,-0.866,-0.5
1,28.8519,81.7086,2013-06-18,54.0,240.0,274.8,337.7,142.6,2298.8,2.49,0.0,-1.0
1,25.203,90.5573,2016-07-19,26.2,106.4,184.0,262.9,54.7,58.1,0.8,-0.5,-0.866
1,21.443,92.0076,2012-10-30,0.3,0.3,0.3,1.2,0.3,16.7,0.0,-0.866,0.5
1,7.4685,80.6201,2013-02-15,6.3,39.6,69.0,82.4,28.1,296.6,0.0,0.866,0.5
1,28.4499,83.3453,2016-09-03,24.5,46.6,79.5,139.9,24.5,2863.4,0.32,-1.0,-0.0
1,31.3237,76.7622,2015-08-11,5.9,11.5,84.7,152.6,36.7,1262.6,0.79,-0.866,-0.5
1,33.3343,75.1969,2015-03-22,0.0,0.0,20.9,107.2,20.1,2359.8,0.0,1.0,0.0
1,26.1984,94.8158,2010-08-19,33.8,60.4,150.9,254.8,42.6,1466.6,2.28,-0.866,-0.5
1,24.4638,92.4943,2016-05-18,24.8,71.1,125.9,137.8,36.6,113.2,0.29,0.5,-0.866
1,28.3328,83.3742,2013-09-03,63.9,121.9,154.8,238.3,63.9,2863.4,0.65,-1.0,-0.0
1,32.6173,75.264,2015-08-20,16.2,24.7,42.1,131.5,16.2,465.4,1.41,-0.866,-0.5
1,14.9935,74.0478,2009-10-02,31.7,104.4,157.9,267.4,46.2,43.3,0.7,-0.866,0.5
1,23.75406693,92.74128531,2010-09-13,12.9,23.6,51.2,105.8,12.9,319.3,0.0,-1.0,-0.0
1,28.1605,84.0907,2010-07-11,1.4,122.8,171.9,298.7,68.4,1265.4,3.75,-0.5,-0.866
1,33.1617,75.3278,2011-06-09,0.2,0.2,1.4,27.0,0.6,2027.2,3.49,0.0,-1.0
1,14.7822,74.2279,2010-11-08,29.1,39.5,64.4,70.5,29.1,302.4,0.19,-0.5,0.866
1,26.0814,94.803,2010-08-14,23.0,45.4,74.8,149.2,23.0,1466.6,1.76,-0.866,-0.5
1,28.5237,82.5891,2014-08-14,34.3,56.3,112.3,189.8,34.3,1919.1,0.0,-0.866,-0.5
1,27.72,83.4724,2008-09-19,39.1,70.8,91.7,134.3,39.1,280.2,11.89,-1.0,-0.0
1,25.7902,94.1318,2016-07-10,16.9,21.9,86.1,271.1,25.2,997.1,3.4,-0.5,-0.866
1,36.1575,72.0903,2015-03-03,0.3,21.3,42.6,129.7,18.0,3718.8,0.81,1.0,0.0
1,24.8961,93.4957,2010-08-19,4.4,13.3,118.9,170.7,72.9,952.6,0.0,-0.866,-0.5
1,27.0377,88.3603,2012-09-14,82.7,217.6,248.7,302.7,86.2,1313.5,0.17,-1.0,-0.0
1,34.0049,73.7526,2010-02-08,82.7,155.8,176.9,216.3,82.7,1715.2,0.0,0.866,0.5
1,27.044,89.5744,2009-08-18,80.3,316.7,668.7,921.8,173.3,1784.5,0.33,-0.866,-0.5
1,35.3143,74.1937,2011-05-11,7.0,8.8,25.5,39.3,10.5,3130.4,0.84,0.5,-0.866
1,33.0165,74.9437,2011-02-13,39.2,43.9,108.8,164.8,64.9,1224.3,0.0,0.866,0.5
1,19.1095,72.8929,2010-06-25,23.9,70.9,94.9,519.0,25.7,97.2,0.0,0.0,-1.0
1,27.9358,85.1893,2011-07-19,32.7,69.9,224.8,372.9,86.2,1948.3,0.0,-0.5,-0.866
1,27.8953,85.6016,2014-08-07,18.9,38.6,119.6,237.4,33.4,2909.1,0.0,-0.866,-0.5
1,31.2403,77.9258,2011-08-07,34.7,48.7,63.1,154.1,34.7,2523.7,2.35,-0.866,-0.5
1,30.6509,79.5192,2011-07-08,14.4,73.3,106.1,298.0,38.0,3184.1,0.0,-0.5,-0.866
1,34.2088,74.3279,2015-04-07,6.6,6.6,83.0,182.5,42.8,2235.4,0.0,0.866,-0.5
1,24.8669,92.3576,2014-05-09,52.3,171.6,230.7,287.7,62.1,255.5,0.25,0.5,-0.866
1,25.7428,93.9136,2007-08-28,18.8,121.8,156.2,289.9,64.8,934.6,1.85,-0.866,-0.5
1,26.8366,88.0839,2015-07-01,24.7,48.7,109.2,213.5,24.7,1313.5,0.0,-0.5,-0.866
1,29.841,79.7758,2012-09-14,28.1,58.4,90.5,179.7,28.1,2347.7,1.74,-1.0,-0.0
1,20.92931962,92.22263842,2010-06-15,66.6,243.3,320.1,368.1,110.4,82.8,0.06,0.0,-1.0
1,29.4596,82.0446,2016-06-10,0.1,1.7,13.1,33.3,4.0,2890.9,2.06,0.0,-1.0
1,27.0599,88.4674,2013-09-16,0.0,1.7,10.8,147.5,5.5,1212.3,0.0,-1.0,-0.0
1,33.9659,74.3313,2007-03-23,0.0,18.5,97.9,217.5,38.1,2235.4,0.0,1.0,0.0
1,32.2338,77.1784,2011-02-25,6.4,25.9,31.5,130.8,11.8,2281.7,12.93,0.866,0.5
1,27.9271,83.529,2007-08-03,2.6,26.2,219.9,530.5,61.6,1230.0,0.15,-0.866,-0.5
1,23.3572,92.7878,2015-08-26,7.7,21.9,69.4,181.0,27.0,432.1,0.82,-0.866,-0.5
1,27.8173,83.4643,2011-07-01,59.3,211.2,247.6,315.1,98.7,1230.0,7.14,-0.5,-0.866
1,25.61560252,94.11603493,2010-08-19,14.0,24.0,67.4,166.8,14.0,1356.6,0.0,-0.866,-0.5
1,28.01031874,84.37740614,2008-08-30,2.2,62.6,263.8,399.6,105.3,1265.4,0.0,-0.866,-0.5
1,26.4333,94.8833,2010-06-17,29.2,50.2,126.8,324.9,29.6,1061.3,1.53,0.0,-1.0
1,35.5099,73.3361,2013-08-03,11.8,21.5,22.3,38.6,11.8,3200.0,0.27,-0.866,-0.5
1,30.6838,79.0479,2015-06-25,29.0,51.6,64.7,92.1,29.0,2165.8,13.67,0.0,-1.0
1,27.81229512,84.67982275,2010-07-27,22.9,75.4,148.9,343.3,34.8,1265.4,4.34,-0.5,-0.866
1,9.8957,76.9346,2013-08-05,71.1,206.8,263.0,406.1,116.5,711.2,0.0,-0.866,-0.5
1,27.2084,88.4909,2007-09-11,5.0,66.0,415.2,569.8,140.6,1212.3,0.0,-1.0,-0.0
1,11.4816,75.9957,2009-10-03,46.3,98.4,114.8,177.2,46.3,673.2,0.61,-0.866,0.5
1,7.2753,81.0714,2011-02-07,25.3,91.0,405.5,502.1,83.5,179.7,0.15,0.866,0.5
1,6.686,80.3874,2010-05-19,17.3,54.1,96.5,199.4,21.8,316.9,0.39,0.5,-0.866
1,30.966,78.4151,2010-08-20,15.5,113.9,175.6,300.4,59.3,2523.7,5.62,-0.866,-0.5
1,7.2558,80.3019,2010-04-29,6.0,17.1,61.9,116.6,17.5,70.8,1.3,0.866,-0.5
1,26.1314,91.7548,2014-09-22,58.2,143.6,184.9,256.2,68.0,400.0,0.0,-1.0,-0.0
1,27.3667,87.2167,2007-09-12,10.9,55.4,168.6,411.1,73.7,2650.4,0.63,-1.0,-0.0
1,33.5405,74.3723,2014-09-06,59.2,335.5,405.3,409.6,157.2,1724.3,0.0,-1.0,-0.0
1,15.7051,74.2197,2013-12-10,0.0,0.0,0.0,2.8,0.0,446.0,0.69,-0.0,1.0
1,27.8126,84.8051,2014-07-18,45.4,130.9,254.3,396.5,49.9,1948.3,1.34,-0.5,-0.866
1,29.8587,80.5547,2015-08-07,15.6,86.2,183.8,272.9,68.7,3297.8,1.64,-0.866,-0.5
1,28.9446,82.2494,2014-08-13,14.4,23.8,80.3,166.9,18.7,3182.0,3.25,-0.866,-0.5
1,30.7332,78.4401,2010-09-20,1.3,164.9,200.2,371.5,120.9,2165.8,60.34,-1.0,-0.0
1,34.8685,72.3183,2008-05-24,18.3,37.2,37.2,37.4,18.3,2115.6,1.54,0.5,-0.866
1,26.1699,94.4922,2016-07-11,21.9,47.9,115.2,305.3,35.9,997.1,0.75,-0.5,-0.866
1,27.2333,94.1167,2008-10-29,0.0,29.7,45.7,45.8,29.2,191.8,0.91,-0.866,0.5
1,36.3079,74.6712,2015-10-26,7.5,31.5,35.3,59.6,14.8,4210.9,1.35,-0.866,0.5
1,25.6172,96.3005,2015-01-06,0.0,6.3,6.3,6.3,3.6,409.0,0.0,0.5,0.866
1,24.1293,92.6921,2007-09-29,8.7,31.8,43.4,89.5,13.1,319.3,0.2,-1.0,-0.0
1,25.03561729,94.0144205,2011-06-28,8.3,24.0,44.2,151.9,14.0,952.6,0.28,0.0,-1.0
1,30.2411,78.9014,2015-07-26,1.1,15.1,83.2,157.7,30.5,1266.2,5.4,-0.5,-0.866
1,33.3018,75.1793,2013-08-14,21.5,38.3,65.3,194.7,21.5,2359.8,0.0,-0.866,-0.5
1,6.9935,81.0473,2007-12-24,4.0,16.6,58.2,157.9,22.8,399.5,0.0,-0.0,1.0
1,28.2649,83.7843,2010-07-26,9.8,161.8,236.4,531.4,140.1,3042.5,0.0,-0.5,-0.866
1,25.3833,94.1884,2013-08-15,9.2,38.5,135.7,286.2,45.7,1356.6,0.0,-0.866,-0.5
1,30.9015,78.7756,2010-09-19,51.3,170.6,216.9,318.1,112.8,4043.1,0.0,-1.0,-0.0
1,7.0808,80.7354,2011-04-23,13.6,46.1,121.4,197.5,28.9,681.4,0.0,0.866,-0.5
1,12.82402778,75.21163889,2017-06-27,33.4,83.0,132.5,205.9,33.4,163.0,0.19,0.0,-1.0
1,26.1666,91.7042,2015-09-23,18.0,75.2,181.7,309.3,64.8,400.0,0.0,-1.0,-0.0
1,27.21545164,85.91452544,2016-07-25,54.2,183.6,349.2,484.1,92.3,358.7,2.8,-0.5,-0.866
1,30.3642,79.3158,2013-08-18,12.9,29.4,123.0,275.1,66.0,3184.1,0.0,-0.866,-0.5
1,29.4469,81.4867,2010-08-10,9.1,27.0,80.7,224.1,24.2,2530.8,0.87,-0.866,-0.5
1,27.4159,87.6909,2016-07-10,26.3,56.4,190.9,375.7,54.3,2650.4,0.0,-0.5,-0.866
1,27.5,85.35,2009-11-05,0.7,1.7,4.3,4.3,2.1,1269.4,1.05,-0.5,0.866
1,33.1261,75.4481,2014-11-06,0.0,0.5,1.2,6.6,0.7,2027.2,0.0,-0.5,0.866
1,27.7165,85.4279,2011-08-03,41.8,137.5,202.6,355.0,73.7,1269.4,8.55,-0.866,-0.5
1,26.0977,94.7031,2013-06-07,12.0,24.7,31.2,66.4,12.0,1466.6,1.13,0.0,-1.0
1,29.5885,80.2098,2009-08-08,6.9,105.1,205.4,390.9,85.1,1463.1,1.35,-0.866,-0.5
1,27.8569,85.1287,2015-08-27,33.2,56.5,101.6,273.8,33.2,1948.3,0.0,-0.866,-0.5
1,10.2462,77.582,2010-11-23,10.6,46.3,92.2,162.7,19.2,706.3,0.22,-0.5,0.866
1,34.6758,73.0428,2015-07-27,6.7,35.9,72.8,163.4,21.2,1513.9,1.8,-0.5,-0.866
1,29.3083,80.5792,2009-08-17,156.4,226.0,296.0,447.6,156.4,1805.5,1.87,-0.866,-0.5
1,26.97,86.74,2010-06-30,11.6,31.6,71.7,264.7,13.4,919.5,0.36,0.0,-1.0
1,11.2777,77.1236,2007-10-30,11.2,79.5,122.6,217.5,35.2,784.6,0.0,-0.866,0.5
1,9.5988,76.5289,2011-08-07,28.1,99.1,148.8,278.2,44.6,9.7,1.05,-0.866,-0.5
1,30.7394,78.5306,2013-06-12,8.8,35.9,79.7,127.8,22.1,2165.8,11.27,0.0,-1.0
1,25.48,94.1383,2016-07-25,15.2,42.6,87.8,184.0,20.7,1356.6,0.0,-0.5,-0.866
1,25.0821,91.7783,2015-11-16,0.0,0.0,0.0,0.2,0.0,103.5,0.0,-0.5,0.866
1,34.0096,74.5915,2015-03-30,3.5,93.5,105.4,139.7,58.3,2235.4,0.0,1.0,0.0
1,33.1289,75.4325,2011-06-08,0.0,0.5,2.2,22.1,1.3,2027.2,0.0,0.0,-1.0
1,29.11803174,80.67774011,2008-09-20,241.8,417.4,439.7,492.1,241.8,869.2,1.14,-1.0,-0.0
1,25.6269,94.1139,2013-07-15,34.6,57.8,103.9,231.2,34.6,1356.6,0.0,-0.5,-0.866
1,25.1472,91.7483,2015-02-22,1.0,5.7,12.4,12.9,4.1,103.5,1.78,0.866,0.5
1,24.7979,92.9974,2015-07-22,32.2,140.9,358.4,467.4,131.6,467.1,0.21,-0.5,-0.866
1,26.7914,88.363,2009-08-16,27.9,88.3,205.6,374.2,58.6,1313.5,3.78,-0.866,-0.5
1,30.9085,78.3299,2015-08-15,4.1,26.7,125.1,242.4,56.2,2523.7,6.62,-0.866,-0.5
1,29.607,79.9298,2011-06-29,22.0,69.6,214.9,452.1,52.1,1463.1,1.13,0.0,-1.0
1,34.0796,74.0357,2015-03-23,0.0,0.0,1.6,62.0,1.6,1715.2,0.0,1.0,0.0
1,33.1467,75.5488,2012-04-16,0.2,9.9,51.9,55.2,20.2,2027.2,0.0,0.866,-0.5
1,30.6004,78.3154,2013-09-30,3.1,14.5,34.0,56.2,9.4,1403.9,0.0,-1.0,-0.0
1,26.1044,91.7082,2014-09-22,45.8,143.0,184.1,275.8,77.6,400.0,0.0,-1.0,-0.0
1,30.8741,76.9576,2010-09-19,90.6,110.1,394.0,600.0,275.2,897.6,0.0,-1.0,-0.0
1,33.6794,74.2525,2015-09-03,0.1,0.4,1.5,23.0,0.7,1724.3,0.99,-1.0,-0.0
1,9.751185639,77.08971658,2017-06-27,34.8,89.0,120.4,137.7,47.4,711.2,0.56,0.0,-1.0
1,31.5699,78.2844,2010-09-20,1.2,89.7,95.5,221.5,44.9,3817.5,1.01,-1.0,-0.0
1,16.5145,80.6526,2016-06-02,0.0,0.2,2.5,88.8,1.8,45.4,0.0,0.0,-1.0
1,26.9978,88.167,2015-07-01,26.4,47.3,110.5,252.0,26.4,1313.5,0.0,-0.5,-0.866
1,35.3047,69.5546,2014-03-31,0.0,0.0,11.5,52.9,10.5,2930.9,1.0,1.0,0.0
1,28.8687,82.1707,2011-08-22,9.6,22.1,120.2,239.1,70.3,2298.8,4.47,-0.866,-0.5
1,11.4477,75.8289,2009-10-03,49.7,120.4,140.6,219.2,53.7,165.2,0.58,-0.866,0.5
1,26.8545,88.3372,2011-09-28,1.0,74.5,190.3,416.4,46.8,1313.5,0.0,-1.0,-0.0
1,28.833,80.9,2008-09-21,41.0,387.8,400.0,420.2,196.9,869.2,0.76,-1.0,-0.0
1,34.1327,74.5594,2015-03-15,12.7,12.7,13.3,108.4,12.7,2235.4,0.0,1.0,0.0
1,24.9336,93.8275,2008-06-19,10.5,39.5,59.6,129.0,17.1,952.6,0.0,0.0,-1.0
1,30.0667,79.0193,2011-06-29,27.0,62.6,158.9,229.2,56.6,1266.2,27.27,0.0,-1.0
1,26.4205,94.9731,2013-08-16,14.5,41.1,98.0,217.0,18.2,1061.3,1.03,-0.866,-0.5
1,19.162,73.6873,2014-07-30,41.2,194.7,279.6,544.9,97.0,587.9,0.39,-0.5,-0.866
1,28.285,83.8521,2014-09-19,23.3,30.0,64.5,212.1,23.3,3042.5,0.0,-1.0,-0.0
1,27.1034,93.6885,2011-08-05,14.5,58.6,66.3,116.8,23.5,474.7,0.0,-0.866,-0.5
1,7.6447,80.8147,2011-02-07,14.2,69.5,503.5,571.7,194.8,296.6,0.0,0.866,0.5
1,27.4888,93.0153,2011-08-15,91.1,154.4,211.1,490.2,91.1,1755.0,1.79,-0.866,-0.5
1,36.3044,73.4245,2010-08-20,0.0,0.6,17.6,60.6,7.2,4197.7,0.27,-0.866,-0.5
1,19.3379,73.7767,2013-07-25,31.5,155.1,321.1,568.1,87.0,575.9,0.02,-0.5,-0.866
1,33.8911,74.9781,2015-03-15,19.7,20.0,20.2,187.2,19.7,2630.7,0.0,1.0,0.0
1,9.8678,76.7705,2010-10-27,17.4,22.3,47.6,76.4,17.4,711.2,0.7,-0.866,0.5
1,29.2983,80.7651,2014-06-17,22.1,33.3,39.6,47.9,22.1,1805.5,3.6,0.0,-1.0
1,23.899,94.1434,2015-08-01,7.6,406.6,690.5,963.1,240.0,458.7,1.01,-0.866,-0.5
1,34.208,77.5101,2010-08-06,12.1,17.5,20.8,30.8,12.1,4532.6,0.06,-0.866,-0.5
1,31.2077,77.193,2008-06-03,10.2,23.7,33.3,73.7,11.3,1887.5,15.72,0.0,-1.0
1,31.8246,77.4702,2014-02-12,0.0,4.5,69.1,108.1,32.5,3984.7,3.0,0.866,0.5
1,25.0118,94.3136,2016-07-07,3.0,18.6,134.3,203.4,67.5,1130.0,0.0,-0.5,-0.866
1,28.25,83.1792,2009-08-14,99.2,136.7,185.9,375.0,99.2,2863.4,4.02,-0.866,-0.5
1,33.0068,74.9455,2016-08-05,5.7,12.0,74.3,126.1,36.3,1224.3,0.0,-0.866,-0.5
1,27.5742,85.1509,2014-08-14,277.6,363.1,427.5,561.2,277.6,776.6,0.0,-0.866,-0.5
1,28.1193,95.1645,2013-02-18,7.8,21.7,21.7,21.8,13.3,697.6,1.46,0.866,0.5
1,32.3109,77.2195,2010-09-13,9.7,20.6,42.0,82.1,10.3,4872.7,8.62,-1.0,-0.0
1,26.8016,88.0499,2012-10-01,3.4,8.6,13.7,74.4,3.5,1313.5,0.0,-0.866,0.5
1,25.1019,93.3729,2015-08-11,10.6,40.0,69.6,185.2,22.3,467.1,0.79,-0.866,-0.5
1,33.27140108,75.17707406,2010-09-23,1.4,3.6,4.6,19.1,1.5,2359.8,12.75,-1.0,-0.0
1,33.2706,75.7702,2015-07-27,4.3,26.6,60.8,141.2,16.2,2942.3,4.18,-0.5,-0.866
1,22.3312,91.8252,2012-06-24,38.2,97.9,127.9,204.4,38.2,34.4,0.0,0.0,-1.0
1,24.9007,91.8644,2016-02-16,0.0,0.0,7.9,12.1,4.4,103.5,0.0,0.866,0.5
1,33.7099,74.7959,2015-03-23,0.0,0.0,12.4,90.1,12.4,2359.8,1.27,1.0,0.0
1,19.4662,72.8276,2015-09-21,5.3,21.4,69.4,153.6,25.8,125.7,0.19,-1.0,-0.0
1,27.1141,88.4658,2011-07-20,26.4,193.5,383.0,540.5,133.4,1212.3,0.0,-0.5,-0.866
1,26.4596,87.2758,2007-08-02,6.9,37.6,221.8,470.9,95.9,296.2,1.49,-0.866,-0.5
1,21.23704301,92.19530189,2010-06-15,69.7,222.4,289.5,328.1,92.2,82.8,0.5,0.0,-1.0
1,27.3773,88.559,2010-07-21,36.1,112.6,309.0,825.2,73.4,3239.6,0.0,-0.5,-0.866
1,26.2363,94.8133,2010-07-06,3.0,13.3,89.1,202.3,32.2,1466.6,2.39,-0.5,-0.866
1,25.6278,94.1051,2015-08-19,19.5,32.3,57.2,216.3,19.5,1356.6,0.0,-0.866,-0.5
1,22.6239,91.6743,2016-05-21,36.2,159.7,194.4,196.4,66.9,34.4,0.1,0.5,-0.866
1,28.0872,83.2935,2014-06-20,18.1,37.3,73.3,106.1,18.4,1167.6,0.0,0.0,-1.0
1,30.4326,78.0767,2010-09-19,85.4,180.5,256.7,544.0,91.1,1403.9,0.0,-1.0,-0.0
1,27.09,86.37,2008-07-27,9.5,49.2,143.3,580.7,36.1,677.8,2.43,-0.5,-0.866
1,27.1005,87.7831,2016-07-25,75.6,156.1,532.4,867.2,150.8,1047.2,1.57,-0.5,-0.866
1,29.158,81.5714,2016-05-19,1.3,1.7,3.8,38.9,1.3,2298.8,0.0,0.5,-0.866
1,30.7333,78.4399,2011-07-10,11.6,39.5,113.8,277.0,33.0,2165.8,60.04,-0.5,-0.866
1,23.74182634,92.7141905,2010-09-13,12.9,23.6,51.2,105.8,12.9,432.1,0.0,-1.0,-0.0
1,23.0137,91.7174,2014-08-14,12.0,40.6,85.9,162.9,18.9,76.9,0.08,-0.866,-0.5
1,22.894,91.5327,2007-10-19,10.8,23.1,106.6,316.3,41.4,10.7,0.08,-0.866,0.5
1,33.245,75.247,2008-12-20,44.3,63.7,66.8,117.0,44.3,1224.3,0.0,-0.0,1.0
1,27.3765,88.7628,2013-06-27,24.2,82.4,189.1,276.2,43.0,3239.6,0.0,0.0,-1.0
1,34.6507,74.7362,2012-03-19,30.9,34.3,47.9,66.0,30.9,3379.0,1.53,1.0,0.0
1,29.2833,80.675,2009-10-06,146.8,268.5,290.8,315.6,146.8,1805.5,3.85,-0.866,0.5
1,29.3588,81.31,2012-06-23,29.7,45.2,57.6,57.7,29.7,2530.8,0.0,0.0,-1.0
1,9.4237,76.9371,2011-08-06,22.1,73.1,105.4,208.1,33.8,420.1,0.0,-0.866,-0.5
1,26.222,94.9152,2010-08-14,28.2,72.4,133.4,258.1,33.9,1466.6,0.86,-0.866,-0.5
1,26.0137,94.5163,2013-08-04,10.4,22.2,38.0,140.2,10.5,997.1,0.0,-0.866,-0.5
1,18.5158,73.1822,2014-05-07,5.0,5.0,6.5,7.0,5.0,121.3,0.0,0.5,-0.866
1,26.1407,91.7645,2014-06-26,26.3,37.8,187.8,288.0,59.1,400.0,0.0,0.0,-1.0
1,24.808,93.117,2011-09-06,11.1,48.9,68.5,175.1,25.1,467.1,0.0,-1.0,-0.0
1,28.601,81.601,2007-08-10,0.3,16.3,95.0,338.0,33.2,1118.7,1.94,-0.866,-0.5
1,33.5708,73.494,2007-03-20,30.6,59.5,60.1,160.9,30.6,899.5,1.14,1.0,0.0
1,33.6549,74.6326,2008-10-22,2.7,5.9,9.9,73.9,2.8,1724.3,1.04,-0.866,0.5
1,27.5684,85.2254,2012-09-17,56.7,183.4,258.8,318.3,75.7,776.6,1.15,-1.0,-0.0
1,8.2117,77.312,2016-05-20,1.6,12.8,71.9,131.7,27.2,16.2,0.13,0.5,-0.866
1,23.6866,93.017,2015-08-27,10.7,35.9,72.4,174.9,17.4,943.9,1.1,-0.866,-0.5
1,15.6019,73.8093,2016-07-12,34.8,120.2,188.7,589.8,46.8,76.2,0.0,-0.5,-0.866
1,30.6521,79.5566,2011-08-08,24.0,66.7,184.4,364.3,36.1,3184.1,0.0,-0.866,-0.5
1,26.74452462,88.40011959,2009-08-16,36.5,103.6,235.0,395.5,76.0,273.2,3.03,-0.866,-0.5
1,27.1344,88.4575,2009-08-20,50.9,102.7,456.5,709.0,126.6,1212.3,0.73,-0.866,-0.5
1,25.4243,88.2746,2015-06-30,4.5,30.3,81.7,109.7,23.2,33.5,0.01,0.0,-1.0
1,25.5114,90.215,2015-06-16,21.8,56.0,281.9,371.2,139.0,150.3,0.35,0.0,-1.0
1,27.5567,85.1173,2016-07-25,30.3,65.9,166.1,282.1,46.5,776.6,0.0,-0.5,-0.866
1,25.8877,94.7861,2010-07-06,6.9,21.8,90.0,183.4,22.9,1466.6,0.68,-0.5,-0.866
1,28.1296,83.5004,2014-08-23,9.9,48.5,132.0,333.2,32.5,1230.0,3.66,-0.866,-0.5
1,27.9167,83.0833,2007-08-24,7.0,27.7,51.6,359.7,17.3,1167.6,0.0,-0.866,-0.5
1,25.6623,94.1072,2010-10-10,1.8,42.6,94.7,157.3,27.5,1356.6,0.0,-0.866,0.5
1,25.9611,91.3681,2016-07-07,19.2,169.7,414.7,570.0,84.2,174.0,0.85,-0.5,-0.866
1,9.9995,77.0309,2013-08-04,116.5,151.5,192.5,356.2,116.5,711.2,0.0,-0.866,-0.5
1,28.1314,84.8272,2016-08-08,17.0,49.0,71.0,327.3,17.8,1948.3,1.28,-0.866,-0.5
1,24.7339,93.9161,2010-03-27,2.5,2.5,2.5,2.7,2.5,869.2,0.19,1.0,0.0
1,30.6014,78.3449,2013-08-13,24.0,51.4,104.1,383.6,24.0,1403.9,0.0,-0.866,-0.5
1,10.0604,76.635,2012-08-17,36.2,56.3,116.5,194.0,36.2,711.2,0.95,-0.866,-0.5
1,34.9926,72.3661,2015-06-24,2.7,7.4,10.0,11.7,4.3,2115.6,1.04,0.0,-1.0
1,22.344,91.8161,2011-07-01,49.6,104.0,268.4,428.8,57.3,34.4,0.0,-0.5,-0.866
1,27.9911,82.3018,2014-08-16,7.6,45.2,108.5,209.3,22.6,790.0,1.03,-0.866,-0.5
1,28.3921,82.4696,2014-09-16,2.3,16.8,78.9,122.9,28.5,1919.1,0.0,-1.0,-0.0
1,30.7314,78.4347,2013-07-18,10.9,43.6,103.4,267.0,22.2,1403.9,60.63,-0.5,-0.866
1,26.1978,91.7665,2010-04-20,45.7,109.4,187.6,196.4,45.7,400.0,0.0,0.866,-0.5
1,24.819,94.3551,2015-07-31,59.9,166.0,299.1,436.3,71.0,1130.0,0.0,-0.5,-0.866
1,27.8667,83.4833,2007-09-29,52.4,78.0,223.9,268.4,72.0,1230.0,0.12,-1.0,-0.0
1,27.9526,84.227,2012-06-28,14.9,36.9,224.9,257.3,93.6,1265.4,0.0,0.0,-1.0
1,28.2653,83.6032,2010-08-29,17.6,152.9,317.3,559.9,108.4,3042.5,9.8,-0.866,-0.5
1,30.4749,79.2293,2011-02-23,0.3,0.4,2.3,66.6,1.7,3184.1,0.0,0.866,0.5
1,29.9121,78.1723,2011-08-12,11.3,37.4,85.0,174.4,17.6,564.8,0.0,-0.866,-0.5
1,28.266,84.8942,2015-06-26,29.0,43.2,146.4,283.8,39.2,4097.4,4.97,0.0,-1.0
1,21.7773,92.1991,2015-08-01,12.5,153.2,415.7,724.8,134.7,276.0,0.35,-0.866,-0.5
1,26.19037705,91.77306002,2017-07-10,30.8,86.7,173.9,414.9,37.2,400.0,0.0,-0.5,-0.866
1,25.463,92.2121,2015-06-13,35.4,305.8,420.8,506.4,144.6,843.3,0.53,0.0,-1.0
1,27.35,87.6667,2010-08-24,19.4,92.1,192.6,355.9,45.5,2650.4,0.0,-0.866,-0.5
1,24.9111,94.4759,2015-08-01,3.9,116.5,247.0,363.4,67.0,1130.0,1.0,-0.866,-0.5
1,15.7067,73.9551,2011-08-07,31.6,77.7,333.0,578.6,93.6,76.2,0.66,-0.866,-0.5
1,27.8458,95.2253,2012-09-19,50.9,106.7,178.7,301.8,50.9,697.6,0.81,-1.0,-0.0
1,20.7844,97.0235,2014-10-17,6.1,16.8,30.2,36.1,8.1,1177.1,0.05,-0.866,0.5
1,28.0816,83.2934,2014-06-20,18.1,37.3,73.3,106.1,18.4,1167.6,0.0,0.0,-1.0
1,27.88159864,83.77762394,2010-10-06,0.0,0.2,10.7,44.3,4.8,1230.0,0.0,-0.866,0.5
1,33.33280503,75.21320384,2008-02-03,18.5,24.2,24.9,27.2,18.5,2359.8,0.0,0.866,0.5
1,27.8883,85.5097,2016-07-20,35.3,137.9,254.6,444.9,54.5,2909.1,0.0,-0.5,-0.866
1,19.0997,72.8974,2010-08-17,16.6,26.0,42.6,148.8,16.6,97.2,0.0,-0.866,-0.5
1,27.3667,86.0868,2009-09-05,16.5,29.6,66.6,228.0,16.5,2153.1,0.0,-1.0,-0.0
1,23.8986,91.7599,2010-06-03,3.9,14.2,110.3,238.1,68.1,108.5,0.12,0.0,-1.0
1,31.944,77.1179,2010-09-20,7.5,40.7,72.3,168.7,24.7,2281.7,3.84,-1.0,-0.0
1,28.0054,82.68,2014-06-19,11.8,21.7,33.4,42.8,11.8,790.0,0.78,0.0,-1.0
1,33.1253,74.8288,2014-09-03,16.9,28.5,28.9,36.2,16.9,1224.3,0.0,-1.0,-0.0
1,33.0716,74.839,2016-08-07,13.1,39.2,100.5,169.2,43.0,1224.3,0.0,-0.866,-0.5
1,34.0893,74.0241,2014-05-12,35.2,57.8,86.6,118.2,35.2,1715.2,0.0,0.5,-0.866
1,25.5265,93.8673,2010-10-09,17.5,66.6,102.8,184.9,31.4,934.6,0.78,-0.866,0.5
1,27.80766085,84.69570744,2010-07-29,27.2,59.9,158.0,335.8,34.8,1948.3,4.15,-0.5,-0.866
1,28.0297,85.0934,2015-08-21,19.9,116.6,205.8,321.3,58.3,1948.3,0.0,-0.866,-0.5
1,29.0387,82.7442,2013-08-19,15.8,32.0,60.6,153.1,15.8,3182.0,1.82,-0.866,-0.5
1,30.2524,78.9228,2013-06-24,18.5,26.8,27.7,368.4,18.5,2165.8,6.74,0.0,-1.0
1,36.0282,74.548,2015-12-25,0.0,1.7,6.3,10.8,3.8,3627.3,1.05,-0.0,1.0
1,32.0987,77.1495,2010-09-06,10.4,27.6,206.2,282.0,63.1,2281.7,16.92,-1.0,-0.0
1,12.9746,80.2119,2015-11-14,3.8,37.6,190.0,258.7,75.0,49.0,0.04,-0.5,0.866
1,30.15,78.7753,2011-06-30,6.9,32.6,147.3,178.2,88.5,1266.2,0.0,0.0,-1.0
1,33.1445,75.5469,2015-04-03,3.6,56.8,120.7,126.7,44.5,2027.2,0.0,0.866,-0.5
1,26.1062,91.8717,2015-07-25,0.1,72.2,298.8,389.4,100.8,400.0,0.0,-0.5,-0.866
1,30.796,78.623,2010-09-04,44.0,157.6,215.0,305.9,92.0,4043.1,0.0,-1.0,-0.0
1,12.89163444,74.88548779,2010-06-25,64.9,134.6,174.5,534.5,64.9,163.0,0.0,0.0,-1.0
1,31.6865,77.1043,2016-07-31,4.7,30.1,93.1,145.2,42.5,1262.6,3.07,-0.5,-0.866
1,27.07,87.73,2010-08-24,13.6,97.0,186.3,347.3,52.7,1047.2,1.09,-0.866,-0.5
1,26.7973,88.1389,2016-08-09,4.1,15.7,60.6,209.8,23.8,1313.5,0.0,-0.866,-0.5
1,31.1054,77.1727,2010-07-25,13.3,26.6,132.2,183.8,35.9,897.6,0.0,-0.5,-0.866
1,28.2631,84.2461,2015-07-05,120.4,199.7,246.4,512.2,120.4,3516.1,6.46,-0.5,-0.866
1,30.9206,78.3276,2011-05-31,5.3,14.9,28.9,37.0,7.2,2523.7,6.67,0.5,-0.866
1,25.4788,94.1399,2010-10-09,13.3,60.4,102.9,200.2,25.3,1356.6,0.0,-0.866,0.5
1,28.2001,85.4611,2015-04-28,14.9,26.7,45.7,71.6,14.9,2909.1,4.75,0.866,-0.5
1,33.1078,74.7756,2015-08-06,3.3,7.0,46.2,139.7,19.4,1224.3,1.62,-0.866,-0.5
1,7.021,80.5913,2015-09-25,11.2,32.8,54.0,108.5,11.2,681.4,0.0,-1.0,-0.0
1,31.10587659,77.17798485,2011-07-12,2.7,26.1,70.5,120.4,22.2,897.6,0.0,-0.5,-0.866
1,31.6817,77.1209,2015-12-07,0.0,0.0,0.9,9.3,0.6,1262.6,3.11,-0.0,1.0
1,28.2091,82.8541,2016-07-26,131.7,203.5,309.2,549.4,131.7,1167.6,3.76,-0.5,-0.866
1,32.7327,74.8556,2011-08-11,10.4,67.0,131.1,170.8,49.2,465.4,1.74,-0.866,-0.5
1,27.2644,88.1365,2009-08-19,36.7,130.5,346.8,651.4,83.6,3524.1,6.03,-0.866,-0.5
1,28.2741,83.7417,2013-08-09,19.6,74.8,113.1,166.1,39.8,3042.5,7.9,-0.866,-0.5
1,35.1544,74.0453,2013-08-04,14.9,46.3,70.0,83.2,16.4,3707.8,0.74,-0.866,-0.5
1,33.7732,74.1011,2015-03-15,21.9,24.3,28.7,143.4,21.9,2235.4,1.37,1.0,0.0
1,28.1901,83.6972,2011-08-22,72.8,83.6,267.4,411.5,79.4,1230.0,0.0,-0.866,-0.5
1,27.3414,86.7506,2013-09-12,4.3,34.7,56.0,312.0,16.7,2847.6,3.5,-1.0,-0.0
1,27.5086,85.0855,2010-09-18,20.4,69.1,164.6,229.3,44.0,776.6,0.0,-1.0,-0.0
1,29.8521,80.553,2016-10-04,0.0,1.6,4.1,47.2,2.0,3297.8,1.63,-0.866,0.5
1,7.1623,80.4484,2016-05-18,3.9,165.6,536.6,625.3,259.5,681.4,0.83,0.5,-0.866
1,27.04,88.264,2009-07-22,22.6,40.5,80.5,166.7,22.6,1313.5,0.0,-0.5,-0.866
1,25.6157,96.3167,2014-07-04,12.4,41.9,155.6,332.8,40.9,409.0,0.0,-0.5,-0.866
1,28.2912,83.9422,2014-06-30,16.4,89.6,151.4,711.2,50.3,3042.5,23.81,0.0,-1.0
1,28.0458,83.6695,2012-07-05,46.6,69.5,107.7,352.1,46.6,1230.0,0.0,-0.5,-0.866
1,25.5006,90.0896,2014-10-20,0.2,0.5,11.4,31.8,8.1,150.3,0.39,-0.866,0.5
1,27.3167,86.5,2011-07-03,100.7,175.4,321.9,527.4,100.7,2153.1,3.72,-0.5,-0.866
1,30.3056,79.3286,2013-07-24,7.7,39.8,144.0,237.0,49.9,3184.1,0.0,-0.5,-0.866
1,29.2484,79.5371,2010-09-18,74.1,241.0,284.0,356.5,146.8,328.4,1.2,-1.0,-0.0
1,26.1662,91.7138,2013-05-11,14.0,55.1,78.7,201.0,23.6,400.0,0.0,0.5,-0.866
1,28.02,84.96,2010-07-16,21.8,76.6,283.0,463.0,113.4,1948.3,0.0,-0.5,-0.866
1,15.5935,73.9434,2011-06-14,35.4,105.3,298.5,517.5,70.9,76.2,0.0,0.0,-1.0
1,25.8376,94.5234,2013-08-04,8.9,17.1,31.1,96.0,10.2,997.1,0.57,-0.866,-0.5
1,34.9354,73.8295,2015-10-26,12.5,81.0,83.4,124.5,38.8,3707.8,2.09,-0.866,0.5
1,26.0481,94.4619,2013-08-04,10.4,22.2,38.0,140.2,10.5,997.1,0.0,-0.866,-0.5
1,22.6205,91.6591,2013-01-30,0.0,0.0,0.0,0.0,0.0,34.4,0.1,0.5,0.866
1,26.1324,91.8342,2014-09-22,58.2,143.6,184.9,256.2,68.0,400.0,0.0,-1.0,-0.0
1,27.7115,83.9072,2013-07-19,19.8,90.7,179.6,390.7,50.3,280.2,1.72,-0.5,-0.866
1,33.2451,75.2257,2007-08-06,6.7,10.0,18.1,35.1,6.7,1224.3,0.0,-0.866,-0.5
1,31.4161,77.4153,2010-09-19,44.4,58.8,131.1,241.0,58.1,2571.9,1.26,-1.0,-0.0
1,29.5089,81.6693,2015-06-29,18.3,46.6,151.7,169.3,51.9,2890.9,0.66,0.0,-1.0
1,8.3295,77.1963,2010-12-09,2.8,54.7,87.6,278.7,26.3,261.0,0.11,-0.0,1.0
1,27.6788,85.514,2015-08-07,6.9,105.7,143.0,213.5,57.5,1269.4,3.47,-0.866,-0.5
1,30.4068,79.3351,2010-08-05,13.2,35.7,152.7,260.2,48.1,3184.1,0.0,-0.866,-0.5
1,33.0086,74.9426,2014-09-04,99.0,124.5,132.5,143.5,99.0,1224.3,0.0,-1.0,-0.0
1,27.1748,88.6458,2012-06-07,3.9,7.3,62.6,132.5,28.4,1212.3,0.0,0.0,-1.0
1,7.2943,80.854,2014-10-26,14.0,41.5,101.6,230.8,28.9,296.6,0.44,-0.866,0.5
1,28.9,80.87,2008-07-18,44.5,115.8,359.6,505.6,170.5,869.2,0.73,-0.5,-0.866
1,27.059,88.4694,2014-07-15,24.6,54.4,92.8,175.5,24.6,1212.3,0.0,-0.5,-0.866
1,28.2856,83.0426,2016-07-04,48.9,106.7,334.7,541.6,92.7,2863.4,3.38,-0.5,-0.866
1,15.4123,74.2664,2013-07-03,19.7,92.4,182.9,381.4,39.8,446.0,0.31,-0.5,-0.866
1,25.8702,94.7844,2016-07-28,3.4,14.1,101.9,199.0,41.0,1466.6,0.68,-0.5,-0.866
1,26.0214,94.5224,2015-08-19,26.3,47.6,81.7,184.8,26.3,997.1,0.0,-0.866,-0.5
1,27.737,84.6073,2014-08-14,95.7,371.9,412.7,519.7,267.6,357.8,2.62,-0.866,-0.5
1,12.9141,74.856,2011-06-27,45.5,76.5,106.2,245.0,45.5,163.0,0.0,0.0,-1.0
1,29.9964,80.201,2013-07-28,16.8,46.9,192.9,739.0,77.3,2347.7,0.0,-0.5,-0.866
1,24.7459,93.4251,2015-08-11,11.8,27.0,98.3,265.9,38.3,455.5,2.45,-0.866,-0.5
1,33.6846,74.2453,2015-03-15,25.0,26.4,26.5,132.1,25.0,1724.3,1.0,1.0,0.0
1,27.8987,84.5386,2016-10-05,5.4,11.5,16.7,135.5,5.4,1265.4,0.0,-0.866,0.5
1,27.5003,90.5081,2011-07-21,14.2,123.2,295.0,565.9,100.0,3134.2,1.94,-0.5,-0.866
1,26.8867642,88.28044714,2009-08-16,42.0,121.7,243.6,407.8,49.9,1313.5,0.0,-0.866,-0.5
1,33.3041,75.1982,2015-10-25,60.1,65.9,89.0,93.0,60.1,2359.8,0.0,-0.866,0.5
1,26.191688,91.810079,2016-12-15,0.0,0.0,0.0,0.5,0.0,400.0,0.0,-0.0,1.0
1,28.0257,85.7262,2015-05-12,26.4,37.6,67.6,104.6,26.4,2909.1,0.0,0.5,-0.866
1,18.7686,73.3678,2015-06-22,20.3,143.2,244.5,412.3,61.8,97.2,0.0,0.0,-1.0
1,25.2568,92.3825,2015-08-19,48.6,153.1,244.0,297.8,59.9,843.3,0.86,-0.866,-0.5
1,19.2046,84.1917,2014-10-12,71.2,102.8,109.1,119.7,71.2,231.8,0.24,-0.866,0.5
1,27.8835,96.9262,2015-08-16,16.7,37.3,63.8,193.9,16.7,2677.3,1.69,-0.866,-0.5
1,29.1145,81.6865,2013-06-18,48.2,231.9,268.6,338.4,135.6,2298.8,0.0,0.0,-1.0
1,32.2239,76.3226,2015-07-18,5.1,134.1,162.2,344.7,89.4,1112.2,0.0,-0.5,-0.866
1,34.0347,73.3334,2011-02-06,35.4,53.3,55.0,61.0,35.4,1030.6,0.97,0.866,0.5
1,28.0822,96.5316,2016-05-01,5.1,17.6,58.4,330.4,24.7,1302.9,1.61,0.5,-0.866
1,10.3018,77.1711,2009-11-08,53.5,140.1,208.3,293.0,58.5,540.5,0.34,-0.5,0.866
1,22.4254,91.8022,2015-07-26,93.5,316.9,373.7,531.7,166.8,34.4,0.0,-0.5,-0.866
1,35.2882,73.2242,2015-10-26,20.5,73.3,75.0,109.0,32.8,3200.0,0.0,-0.866,0.5
1,26.1295,91.7056,2014-09-22,58.2,143.6,184.9,256.2,68.0,400.0,0.0,-1.0,-0.0
1,32.2237,76.3369,2014-08-08,30.4,44.5,55.8,184.9,30.4,1112.2,0.0,-0.866,-0.5
1,27.3172,86.5,2012-08-28,20.5,40.1,95.0,220.4,20.5,2153.1,3.72,-0.866,-0.5
1,27.167,88.3652,2010-08-20,70.0,119.0,319.6,409.0,77.9,1313.5,0.79,-0.866,-0.5
1,27.4503,87.74,2016-08-09,19.6,35.9,69.7,292.9,19.6,2650.4,0.0,-0.866,-0.5
1,35.4825,73.9015,2013-08-03,6.1,13.6,15.0,22.9,6.1,3051.5,0.68,-0.866,-0.5
1,28.0084,82.821,2014-06-20,17.9,34.2,51.3,60.6,17.9,1167.6,0.76,0.0,-1.0
1,25.6127,96.2961,2016-05-23,0.4,91.0,132.6,157.5,50.8,409.0,0.0,0.5,-0.866
1,31.5986,78.4384,2013-06-16,84.2,111.4,132.6,132.6,84.2,4716.9,0.0,0.0,-1.0
1,28.5746,77.2791,2015-12-24,0.0,0.0,0.0,0.2,0.0,206.4,0.02,-0.0,1.0
1,28.2924,83.871,2015-08-17,25.0,120.8,172.0,345.8,48.3,3042.5,0.0,-0.866,-0.5
1,34.1802,74.2718,2011-04-17,24.4,37.5,48.9,107.5,24.4,2235.4,0.0,0.866,-0.5
1,30.5151,78.3684,2010-08-09,6.8,27.6,83.4,299.2,27.7,1403.9,0.0,-0.866,-0.5
1,30.365,78.0641,2010-08-26,28.2,51.1,132.3,473.5,31.1,1403.9,0.0,-0.866,-0.5
1,30.557,79.56,2007-07-30,20.6,58.6,237.0,490.6,72.6,3184.1,0.0,-0.5,-0.866
1,16.5141,80.6058,2010-10-11,0.0,0.0,37.0,89.7,16.7,45.4,0.0,-0.866,0.5
1,25.5718,94.1211,2010-08-21,5.4,32.0,66.9,161.0,14.0,1356.6,0.0,-0.866,-0.5
1,28.0537,83.961,2011-07-02,23.9,160.9,249.2,334.7,87.1,1230.0,0.08,-0.5,-0.866
1,26.9122,87.919,2008-08-10,22.2,35.4,89.9,171.7,22.2,1313.5,0.0,-0.866,-0.5
1,26.1807,94.5497,2013-08-04,15.0,32.1,71.1,232.7,23.0,997.1,1.61,-0.866,-0.5
1,31.6223,78.0193,2013-06-17,62.8,168.0,238.4,249.7,83.4,3817.5,0.0,0.0,-1.0
1,27.6072,86.9985,2009-08-20,44.1,101.0,161.6,356.7,44.1,2847.6,0.41,-0.866,-0.5
1,27.3746,88.7648,2009-08-26,10.1,54.1,151.7,537.2,39.5,3239.6,0.0,-0.866,-0.5
1,31.5216,78.1346,2014-08-20,0.0,0.2,23.3,44.4,14.1,3817.5,0.0,-0.866,-0.5
1,32.9522,75.1533,2012-12-11,2.0,2.0,2.0,15.0,2.0,1224.3,0.0,-0.0,1.0
1,26.1963,91.8074,2016-07-14,10.4,29.3,133.7,344.0,35.7,400.0,0.0,-0.5,-0.866
1,34.2092,74.321,2015-03-05,7.1,17.0,86.8,221.6,39.4,2235.4,0.0,1.0,0.0
1,27.5509,88.6475,2010-07-21,36.1,112.6,309.0,825.2,73.4,3239.6,0.0,-0.5,-0.866
1,30.1035,78.4265,2010-09-19,19.8,165.5,215.9,337.2,127.9,564.8,1.37,-1.0,-0.0
1,22.0104,91.9538,2015-06-01,0.2,4.3,7.9,27.2,3.0,25.3,0.72,0.0,-1.0
1,32.351,77.2234,2009-09-03,10.4,23.5,61.3,94.3,22.6,4872.7,0.0,-1.0,-0.0
1,24.1077,94.0396,2015-08-01,11.3,392.8,594.3,834.6,203.7,972.9,2.0,-0.866,-0.5
1,25.6633,94.4703,2010-10-08,27.3,70.3,87.8,151.4,27.3,1356.6,0.39,-0.866,0.5
1,27.201,88.4883,2007-09-07,140.6,284.7,385.2,493.6,140.6,1212.3,0.37,-1.0,-0.0
1,27.8324,84.5512,2016-07-23,11.0,130.6,437.1,617.2,168.6,1265.4,0.0,-0.5,-0.866
1,30.7007,77.8644,2016-05-23,23.9,23.9,24.4,64.3,23.9,1403.9,1.3,0.5,-0.866
1,34.3427,73.4359,2014-03-19,0.0,37.2,56.5,154.7,27.1,1513.9,0.62,1.0,0.0
1,10.92631521,77.79584597,2017-05-12,5.6,13.8,17.6,25.4,5.6,284.1,0.1,0.5,-0.866
1,27.8426,85.3418,2015-08-28,15.9,68.6,101.6,274.8,33.2,2909.1,6.13,-0.866,-0.5
1,7.4695,80.6121,2011-01-09,141.2,270.6,323.6,377.4,141.2,296.6,0.0,0.5,0.866
1,28.6363,77.3957,2015-01-05,0.0,0.8,5.0,5.0,4.2,206.4,0.02,0.5,0.866
1,31.4135,77.895,2010-09-15,2.7,74.4,152.8,197.3,64.8,3817.5,3.02,-1.0,-0.0
1,33.3308,75.1774,2011-02-16,5.9,30.9,91.0,222.9,47.0,2359.8,0.0,0.866,0.5
1,35.5063,73.8056,2016-04-03,32.5,59.8,63.9,125.8,32.5,3051.5,0.68,0.866,-0.5
1,33.908,73.9339,2012-11-30,0.0,19.4,21.7,29.6,10.7,1715.2,0.9,-0.5,0.866
1,9.7268,76.8081,2012-08-17,35.7,55.0,108.8,179.9,35.7,420.1,1.17,-0.866,-0.5
1,36.1736,74.3001,2010-09-07,2.2,6.1,11.7,50.6,3.5,3627.3,1.03,-1.0,-0.0
1,29.346,81.0083,2015-08-10,17.0,21.3,100.8,238.4,33.6,2530.8,0.0,-0.866,-0.5
1,27.5778,85.1717,2016-10-02,3.6,18.3,35.7,152.3,8.3,776.6,0.0,-0.866,0.5
1,26.9865,87.8982,2015-09-05,1.6,114.7,254.9,584.4,83.3,1313.5,1.06,-1.0,-0.0
1,34.0952,73.4942,2010-02-09,20.3,155.1,198.8,237.7,94.7,1715.2,1.22,0.866,0.5
1,29.2409,95.9761,2012-06-06,19.3,88.0,159.1,200.0,43.0,3639.7,0.92,0.0,-1.0
1,34.5382,74.2493,2014-08-17,0.3,70.7,86.3,99.4,52.7,2569.6,2.09,-0.866,-0.5
1,28.4513,82.2801,2013-06-18,101.1,188.8,212.9,275.6,101.1,1919.1,2.49,0.0,-1.0
1,29.3802,79.4633,2013-07-12,12.0,33.8,105.2,228.5,37.7,1085.6,0.72,-0.5,-0.866
1,21.38070054,92.01072983,2012-06-24,107.7,187.5,251.1,370.0,107.7,16.7,0.0,0.0,-1.0
1,28.1436,84.6979,2015-04-10,0.0,0.0,0.5,23.1,0.5,1948.3,1.63,0.866,-0.5
1,26.99195749,88.42280921,2011-07-17,13.2,154.3,249.3,446.2,86.9,1313.5,4.28,-0.5,-0.866
1,32.2862,77.1613,2008-03-17,0.0,0.3,1.7,8.1,1.1,3934.9,13.57,1.0,0.0
1,27.703,85.3183,2011-07-21,10.7,76.7,133.2,318.0,37.7,1269.4,5.8,-0.5,-0.866
1,29.9,81.1333,2008-08-18,8.4,29.2,69.6,129.7,13.5,4287.8,1.28,-0.866,-0.5
1,28.0306,83.8617,2010-07-04,41.3,78.2,106.2,267.7,41.3,1230.0,0.0,-0.5,-0.866
1,30.8928,78.48,2013-07-25,5.8,38.1,94.0,159.6,23.8,4043.1,4.12,-0.5,-0.866
1,15.5931,73.8119,2011-06-17,21.2,100.4,219.6,559.4,58.6,76.2,0.0,0.0,-1.0
1,32.7029,75.9568,2010-08-26,4.9,15.4,52.7,180.2,11.0,2350.5,2.15,-0.866,-0.5
1,33.6296,74.5264,2016-07-02,12.0,63.3,84.5,307.4,46.6,1724.3,0.73,-0.5,-0.866
1,30.9009,77.4668,2010-09-19,81.2,110.7,272.0,532.5,129.5,1887.5,1.46,-1.0,-0.0
1,18.7631,73.3471,2015-08-15,8.0,25.1,50.7,138.0,10.0,97.2,0.0,-0.866,-0.5
1,27.59,86.1,2010-09-02,12.5,50.6,118.0,395.8,24.3,2153.1,0.0,-1.0,-0.0
1,31.9906,76.7907,2013-07-06,53.2,88.1,124.2,223.5,53.2,2281.7,0.0,-0.5,-0.866
1,11.3432,76.8285,2015-11-07,2.6,21.7,94.6,139.0,31.1,784.6,0.0,-0.5,0.866
1,19.0402,72.9089,2013-08-22,2.8,12.6,61.7,191.2,22.1,97.2,0.0,-0.866,-0.5
1,7.0543,80.693,2015-09-25,11.6,55.1,83.2,126.4,23.5,681.4,0.0,-1.0,-0.0
1,28.3962,83.2549,2013-09-02,51.7,68.5,118.1,176.3,51.7,2863.4,0.0,-1.0,-0.0
1,28.1906,82.314,2010-10-02,0.0,2.6,6.6,69.9,2.4,790.0,2.21,-0.866,0.5
1,27.8178,84.4443,2016-06-27,9.7,23.4,72.6,270.7,26.4,1265.4,0.0,0.0,-1.0
1,35.7497,71.7059,2015-02-25,14.5,108.0,146.2,180.1,68.6,3718.8,0.95,0.866,0.5
1,28.1321,84.4723,2016-07-01,58.7,95.4,165.6,308.4,58.7,1265.4,2.89,-0.5,-0.866
1,27.7223,83.4763,2010-06-30,3.7,10.4,56.3,194.4,16.5,280.2,11.95,0.0,-1.0
1,30.4521,78.754,2013-07-27,5.0,18.2,63.4,166.5,15.8,2165.8,2.98,-0.5,-0.866
1,28.0401,83.8901,2010-08-25,8.3,318.6,522.5,611.9,163.1,1230.0,0.0,-0.866,-0.5
1,6.9794,81.071,2011-02-01,79.7,107.9,144.9,155.2,79.7,399.5,0.0,0.866,0.5
1,32.9834,75.6953,2016-08-07,20.2,66.6,91.6,149.6,44.1,2027.2,0.0,-0.866,-0.5
1,35.3539,74.8595,2010-08-20,1.9,13.9,42.0,115.9,8.6,3674.8,1.03,-0.866,-0.5
1,27.6991,84.4179,2011-07-02,33.6,165.3,230.7,319.3,79.1,357.8,0.0,-0.5,-0.866
1,9.8539,76.9468,2013-08-05,72.6,194.8,256.4,406.9,95.4,711.2,0.55,-0.866,-0.5
1,29.7535,80.4934,2016-06-30,44.0,56.4,109.3,172.2,44.0,3297.8,3.06,0.0,-1.0
1,29.184,81.6018,2007-09-02,9.4,39.0,99.1,168.1,22.9,2298.8,0.0,-1.0,-0.0
1,29.1964,81.7557,2008-08-15,19.9,50.2,89.4,215.2,22.0,2298.8,0.0,-0.866,-0.5
1,27.8916,85.5036,2010-09-02,17.0,44.6,123.2,330.9,26.9,2909.1,0.0,-1.0,-0.0
1,27.6314,85.0813,2015-07-16,15.9,90.4,117.5,239.1,68.7,776.6,0.0,-0.5,-0.866
1,16.94054188,73.46485294,2010-07-25,83.5,267.8,603.4,754.7,181.8,400.7,0.88,-0.5,-0.866
1,30.742,78.4543,2013-08-18,12.6,36.7,103.3,299.6,30.9,2165.8,0.0,-0.866,-0.5
1,26.159,91.8178,2014-09-22,58.2,143.6,184.9,256.2,68.0,400.0,0.0,-1.0,-0.0
1,29.4578,81.4655,2016-07-16,34.3,74.6,118.1,219.7,34.3,2530.8,0.61,-0.5,-0.866
1,26.3333,91.25,2008-10-29,0.0,57.9,69.7,69.7,57.9,61.1,0.4,-0.866,0.5
1,33.3551,74.5128,2014-09-06,65.9,354.4,407.5,413.6,165.6,1724.3,1.2,-1.0,-0.0
1,26.72,95.029,2013-07-01,17.2,74.6,139.1,251.6,42.5,1061.3,0.76,-0.5,-0.866
1,25.4192,94.108,2011-07-29,14.8,31.6,96.5,314.4,20.5,1356.6,3.64,-0.5,-0.866
1,14.8009,74.118,2016-10-11,5.1,45.5,59.1,73.6,25.9,302.4,0.38,-0.866,0.5
1,27.3736,88.7323,2013-09-07,2.0,31.0,151.3,297.9,45.6,3239.6,0.0,-1.0,-0.0
1,28.4202,84.8996,2015-05-03,1.9,7.1,47.7,91.1,18.7,4097.4,4.68,0.5,-0.866
1,27.1861,87.1305,2016-07-24,106.1,246.4,494.1,626.7,110.5,919.5,4.33,-0.5,-0.866
1,27.0095,88.2592,2009-05-26,128.9,186.7,286.4,373.2,128.9,1313.5,0.0,0.5,-0.866
1,27.7667,86.1334,2009-09-07,5.1,43.2,66.0,171.3,27.2,4098.7,5.33,-1.0,-0.0
1,6.7646,80.8682,2011-01-11,4.6,113.8,325.3,535.9,99.9,681.4,1.21,0.5,0.866
1,25.1718,93.123,2009-08-27,7.3,20.5,103.1,274.9,42.2,467.1,0.27,-0.866,-0.5
1,28.4493,82.9305,2013-09-02,9.3,30.9,84.0,150.3,21.4,2863.4,2.78,-1.0,-0.0
1,36.0972,72.4515,2015-07-27,7.8,20.4,34.3,76.6,9.2,4086.8,0.2,-0.5,-0.866
1,32.5552,76.1249,2013-06-12,74.9,182.4,185.4,194.2,101.6,2350.5,4.35,0.0,-1.0
1,11.4991,76.4949,2013-06-25,19.9,52.9,133.4,321.3,36.9,673.2,0.0,0.0,-1.0
1,27.5205,89.7466,2012-09-14,28.7,101.2,112.7,168.8,51.2,3038.4,1.99,-1.0,-0.0
1,27.0736,88.4779,2009-08-20,50.9,102.7,456.5,709.0,126.6,1212.3,0.0,-0.866,-0.5
1,27.0366,88.263,2010-08-05,10.3,42.7,154.4,426.1,73.6,1313.5,0.0,-0.866,-0.5
1,30.5728,77.6521,2013-06-16,84.0,102.3,138.3,186.8,84.0,833.0,0.67,0.0,-1.0
1,29.33,80.1,2008-07-18,160.8,208.3,334.7,520.2,160.8,1463.1,1.41,-0.5,-0.866
1,16.93911427,73.4745894,2010-07-24,96.2,253.8,563.4,676.9,181.8,400.7,0.86,-0.5,-0.866
1,28.2724,83.7412,2014-11-14,1.3,1.4,1.5,18.7,1.3,3042.5,7.97,-0.5,0.866
1,31.8028,76.757,2015-08-08,38.9,181.7,229.5,375.8,127.3,2281.7,6.88,-0.866,-0.5
1,35.3063,75.6414,2010-06-04,8.8,12.1,22.6,82.1,10.5,3918.3,0.24,0.0,-1.0
1,19.1646,72.9325,2010-06-08,1.5,11.8,21.0,22.0,7.7,97.2,0.0,0.0,-1.0
1,30.81507336,78.2242533,2011-06-29,14.2,51.7,156.2,215.2,61.4,2523.7,2.29,0.0,-1.0
1,25.426,94.6024,2013-10-13,0.0,0.1,24.6,97.2,16.2,1356.6,0.31,-0.866,0.5
1,28.3884,82.2826,2010-08-19,16.1,97.6,148.2,207.3,65.7,1919.1,1.76,-0.866,-0.5
1,28.178,83.6987,2011-07-14,86.0,138.2,175.8,458.5,86.0,1230.0,0.0,-0.5,-0.866
1,34.2689,75.1495,2015-07-21,8.0,24.8,70.1,147.1,17.2,3379.0,1.56,-0.5,-0.866
1,31.703,76.936,2013-07-07,56.3,185.0,201.0,274.3,95.1,1262.6,0.0,-0.5,-0.866
1,26.0093,94.5238,2010-07-06,3.5,17.5,101.2,289.8,28.9,997.1,0.0,-0.5,-0.866
1,27.1614,93.7525,2013-09-02,12.2,37.3,78.9,156.6,18.0,474.7,0.0,-1.0,-0.0
1,18.241,73.4469,2016-06-26,20.6,120.4,207.3,290.5,64.5,602.3,0.72,0.0,-1.0
1,26.1868,91.6739,2015-09-01,42.7,141.8,243.4,444.9,88.3,400.0,0.0,-1.0,-0.0
1,25.51614662,94.2341227,2011-06-21,17.0,51.5,116.9,420.7,31.5,1356.6,0.0,0.0,-1.0
1,30.2902,79.151,2013-07-23,13.2,53.5,144.4,238.1,49.9,3184.1,2.86,-0.5,-0.866
1,12.8277,75.0772,2010-07-21,29.8,125.0,272.8,325.1,52.1,163.0,0.0,-0.5,-0.866
1,33.9861,73.8369,2016-03-20,11.0,57.9,132.8,250.0,38.7,1715.2,0.0,1.0,0.0
1,29.0834,81.5834,2010-08-30,24.5,54.8,171.0,486.2,75.4,2298.8,0.0,-0.866,-0.5
1,30.2733,79.233,2013-07-24,7.7,39.8,144.0,237.0,49.9,3184.1,3.63,-0.5,-0.866
1,15.3739,73.8911,2016-06-23,81.1,149.6,249.5,432.0,81.1,76.2,0.0,0.0,-1.0
1,31.9563,77.1135,2015-07-26,14.7,42.2,166.4,310.8,62.2,2281.7,4.7,-0.5,-0.866
1,34.2946,75.4832,2013-04-26,16.5,21.5,42.5,62.6,16.5,4054.4,0.77,0.866,-0.5
1,27.0257,88.4301,2015-06-17,18.4,40.3,98.3,161.6,21.9,1313.5,1.86,0.0,-1.0
1,33.4209,75.2045,2012-01-13,0.0,0.0,5.5,68.5,5.3,2359.8,0.0,0.5,0.866
1,30.6326,78.9953,2014-07-20,16.1,135.3,263.2,335.9,76.5,2165.8,7.62,-0.5,-0.866
1,30.306,78.0648,2016-05-22,0.5,2.6,2.6,12.1,1.7,1403.9,4.2,0.5,-0.866
1,31.0826,78.066,2013-08-18,10.2,23.2,84.5,228.8,32.9,2523.7,0.45,-0.866,-0.5
1,27.7565,88.632,2012-06-07,2.6,6.3,27.8,47.5,8.0,4609.4,2.56,0.0,-1.0
1,28.1631,85.9834,2012-05-01,0.4,3.4,11.1,35.4,2.7,4098.7,2.57,0.5,-0.866
1,27.5002,86.5833,2012-09-17,28.1,116.0,294.4,357.3,83.2,2847.6,1.22,-1.0,-0.0
1,30.1642,78.2936,2016-07-17,114.5,219.2,260.5,311.6,114.5,564.8,1.24,-0.5,-0.866
1,32.9913,75.1915,2013-08-07,5.4,32.2,105.1,198.6,41.5,1224.3,0.0,-0.866,-0.5
1,30.4084,77.0666,2010-08-22,34.6,68.1,191.0,233.5,109.5,423.7,0.77,-0.866,-0.5
1,28.0022,85.133,2016-06-29,57.0,138.7,232.7,420.9,57.0,1948.3,0.0,0.0,-1.0
1,6.6643,80.3897,2008-05-30,14.0,26.3,47.8,86.1,14.0,316.9,0.4,0.5,-0.866
1,35.6825,71.7675,2016-07-19,0.0,14.3,15.1,22.8,10.4,2921.8,0.94,-0.5,-0.866
1,26.5836,93.0038,2011-07-24,7.7,43.9,185.2,440.8,53.9,271.7,0.53,-0.5,-0.866
1,27.9783,84.8982,2012-08-15,1.6,13.7,39.8,202.8,10.2,1948.3,0.0,-0.866,-0.5
1,25.1333,93.9667,2007-08-31,7.9,26.7,127.0,163.2,66.0,952.6,0.03,-0.866,-0.5
1,15.7156,73.8049,2013-09-30,1.9,16.5,43.5,285.5,12.1,76.2,0.18,-1.0,-0.0
1,25.5576,91.8506,2007-08-26,16.3,29.4,61.4,324.8,16.3,1224.6,0.0,-0.866,-0.5
1,28.54,83.62,2010-08-01,3.8,96.8,194.9,505.2,82.0,3042.5,0.0,-0.866,-0.5
1,15.4951,73.8288,2014-05-22,0.9,12.1,12.4,66.5,9.7,76.2,0.0,0.5,-0.866
1,14.229,74.8122,2008-08-12,58.1,221.2,399.2,630.9,85.4,471.4,0.44,-0.866,-0.5
1,25.0634,94.3415,2015-07-31,50.8,125.2,194.1,316.9,50.8,1130.0,0.0,-0.5,-0.866
1,30.8183,78.6186,2010-08-20,15.5,113.9,175.6,300.4,59.3,4043.1,0.0,-0.866,-0.5
1,30.1176,78.7472,2014-08-15,33.4,81.9,101.6,241.0,40.6,1266.2,0.0,-0.866,-0.5
1,27.8884,85.2118,2015-08-29,14.6,49.0,79.3,354.3,21.7,1948.3,0.0,-0.866,-0.5
1,27.6832,85.4434,2010-08-23,61.5,107.9,222.3,339.5,61.5,1269.4,6.36,-0.866,-0.5
1,24.837,93.9128,2010-10-08,27.2,71.0,78.7,100.6,27.2,952.6,0.17,-0.866,0.5
1,27.8852,83.6275,2013-07-22,29.6,45.6,181.7,353.2,55.6,1230.0,0.0,-0.5,-0.866
1,27.1499,88.38,2007-07-16,18.7,41.7,276.6,487.9,71.1,1313.5,0.78,-0.5,-0.866
1,6.9634,80.3643,2008-04-28,12.2,51.6,86.7,199.3,28.1,681.4,0.44,0.866,-0.5
1,20.8482,92.4524,2010-10-07,63.1,154.6,166.7,235.9,65.9,82.8,0.14,-0.866,0.5
1,28.2636,83.9724,2011-07-19,119.9,158.6,381.3,544.7,119.9,3042.5,13.91,-0.5,-0.866
1,27.1954,88.6115,2009-09-17,12.2,25.9,114.0,184.7,76.0,1212.3,0.0,-1.0,-0.0
1,27.891,85.149,2011-09-25,8.8,38.2,91.3,194.4,22.1,1948.3,0.0,-1.0,-0.0
1,26.908,87.9258,2009-08-19,37.6,119.1,269.7,489.1,45.3,1313.5,0.0,-0.866,-0.5
1,28.2465,85.3644,2016-06-28,46.8,112.9,190.9,376.9,46.8,2909.1,10.51,0.0,-1.0
1,27.3329,86.0798,2012-08-21,13.4,29.4,71.1,148.2,17.1,2153.1,0.0,-0.866,-0.5
1,27.1032,93.6884,2011-07-19,10.9,70.7,188.1,228.3,40.9,474.7,0.0,-0.5,-0.866
1,19.1993,73.0109,2010-08-17,14.6,20.6,31.4,106.0,14.6,97.2,0.0,-0.866,-0.5
1,35.3526,74.8683,2010-07-29,11.1,47.1,47.3,112.3,18.2,3674.8,1.04,-0.5,-0.866
1,22.2092,92.1868,2015-08-20,38.5,100.7,129.1,214.2,38.5,25.3,0.37,-0.866,-0.5
1,27.0375,88.2627,2010-08-06,7.2,39.2,88.0,393.5,21.7,1313.5,0.0,-0.866,-0.5
1,30.7866,78.6171,2013-07-25,10.5,44.6,129.5,248.5,26.5,4043.1,0.0,-0.5,-0.866
1,25.4916,91.2698,2010-06-28,86.2,255.6,379.5,540.9,93.7,1021.1,0.3,0.0,-1.0
1,28.2826,83.7508,2013-08-06,15.3,32.9,51.3,133.8,15.7,3042.5,0.0,-0.866,-0.5
1,30.4008,79.0278,2010-09-03,22.2,45.4,89.3,234.1,26.1,2165.8,3.73,-1.0,-0.0
1,27.13862165,88.22551799,2011-08-23,11.4,73.3,375.9,570.5,254.7,1313.5,0.0,-0.866,-0.5
1,27.2317,86.822,2011-07-19,27.9,86.4,286.3,523.6,97.7,919.5,7.73,-0.5,-0.866
1,6.7397,80.1744,2008-04-27,16.8,62.9,92.6,304.5,28.2,87.1,0.54,0.866,-0.5
1,33.5452,73.7062,2007-01-05,0.0,0.0,0.0,0.0,0.0,899.5,1.4,0.5,0.866
1,34.0935,74.9112,2007-03-12,39.5,87.8,101.3,218.6,39.5,2630.7,0.49,1.0,0.0
1,7.1907,80.0317,2008-05-01,1.7,8.8,54.8,84.2,15.9,123.7,0.93,0.5,-0.866
1,9.5207,77.0198,2011-06-02,51.4,181.0,271.2,329.3,105.0,420.1,0.54,0.0,-1.0
1,27.163,94.0,2008-08-14,13.5,31.7,149.5,284.6,52.7,474.7,2.74,-0.866,-0.5
1,28.2929,82.2617,2010-07-13,20.1,68.8,114.7,200.5,24.8,1919.1,3.46,-0.5,-0.866
1,30.9058,78.0906,2013-07-24,5.0,31.8,63.0,103.3,13.6,2523.7,1.39,-0.5,-0.866
1,28.2568,85.3679,2016-09-11,39.0,78.2,198.8,346.8,45.1,4836.2,6.61,-1.0,-0.0
1,26.1619,91.7697,2014-06-27,7.0,40.5,168.1,287.1,59.1,400.0,0.0,0.0,-1.0
1,28.2748,83.7432,2015-07-29,58.7,70.2,108.9,407.3,58.7,3042.5,7.84,-0.5,-0.866
1,33.9639,74.9597,2012-09-17,26.4,35.3,62.6,257.7,26.4,2630.7,0.0,-1.0,-0.0
1,27.7172,83.4658,2011-07-03,12.9,87.0,259.0,327.9,98.7,280.2,11.86,-0.5,-0.866
1,25.0604,93.9877,2007-09-08,23.5,76.1,169.4,275.1,52.3,952.6,0.26,-1.0,-0.0
1,32.3665,77.0857,2013-10-11,2.7,7.5,8.5,36.2,4.2,3934.9,8.62,-0.866,0.5
1,25.0951,92.3567,2012-06-13,12.0,45.7,150.2,546.4,55.9,255.5,0.79,0.0,-1.0
1,27.0667,89.5833,2007-09-07,88.7,192.4,330.7,590.5,88.7,1784.5,0.34,-1.0,-0.0
1,30.4043,79.3308,2013-07-18,8.5,29.1,91.2,232.0,20.2,3184.1,0.0,-0.5,-0.866
1,30.1454,78.6007,2010-09-18,118.4,137.0,207.6,391.4,118.4,1266.2,1.95,-1.0,-0.0
1,27.2743,92.9064,2011-07-16,5.3,122.6,176.5,327.1,64.8,1755.0,1.96,-0.5,-0.866
1,27.7884,84.4866,2010-09-06,14.5,32.7,88.4,500.2,17.7,1265.4,0.0,-1.0,-0.0
1,26.9343,88.4486,2016-10-15,0.0,31.7,222.2,255.0,78.2,1212.3,0.81,-0.866,0.5
1,12.89307458,74.88567317,2010-06-27,12.8,105.7,188.7,461.5,64.9,163.0,0.0,0.0,-1.0
1,25.6226,96.2946,2016-01-25,1.7,2.1,3.5,3.5,1.7,409.0,0.0,0.5,0.866
1,31.587,78.315,2008-09-19,64.4,89.2,91.4,110.6,64.4,3817.5,0.69,-1.0,-0.0
1,34.0887,74.0227,2010-10-21,1.8,4.0,4.9,7.1,1.8,1715.2,0.0,-0.866,0.5
1,7.1855,80.7675,2015-02-14,0.0,21.0,49.2,82.0,13.8,681.4,0.84,0.866,0.5
1,26.8546,88.3373,2012-07-19,60.0,138.5,271.6,596.4,60.0,1313.5,0.0,-0.5,-0.866
1,27.822,84.4935,2010-06-27,6.4,23.3,165.6,225.5,115.0,1265.4,0.0,0.0,-1.0
1,10.007,76.7105,2012-08-17,36.2,56.3,116.5,194.0,36.2,711.2,0.0,-0.866,-0.5
1,24.9849,92.8411,2008-05-20,26.2,69.0,87.9,100.5,26.2,467.1,0.45,0.5,-0.866
1,28.7956,82.2314,2011-07-15,24.2,129.5,151.4,301.2,70.3,3182.0,3.51,-0.5,-0.866
1,33.0829,74.8333,2012-08-20,34.5,42.5,52.6,79.4,34.5,1224.3,0.0,-0.866,-0.5
1,31.69137979,77.13222306,2011-08-06,10.7,35.5,45.8,203.8,14.3,1262.6,6.73,-0.866,-0.5
1,29.88884727,80.56522226,2017-07-05,29.1,39.1,92.3,177.9,29.1,3297.8,1.66,-0.5,-0.866
1,27.9586,84.2805,2009-07-02,9.7,99.1,288.3,300.3,118.1,1265.4,0.0,-0.5,-0.866
1,25.5007,93.9854,2015-07-22,20.6,86.7,171.4,302.0,34.4,934.6,1.84,-0.5,-0.866
1,36.3085,74.8219,2010-05-15,0.6,3.9,11.0,45.6,6.5,4491.0,1.83,0.5,-0.866
1,31.1011,77.1793,2010-07-07,23.1,141.4,165.2,175.4,67.6,897.6,0.0,-0.5,-0.866
1,27.7657,84.4694,2016-01-28,0.0,0.0,0.6,7.3,0.6,1265.4,0.0,0.5,0.866
1,28.058,83.3588,2010-09-17,79.1,192.6,245.7,348.8,95.0,1167.6,0.0,-1.0,-0.0
1,28.0579,84.0719,2010-08-28,26.0,60.9,542.6,662.5,163.1,1265.4,0.2,-0.866,-0.5
1,9.9983,76.7329,2014-06-22,1.3,38.9,99.0,179.7,27.2,711.2,0.0,0.0,-1.0
1,27.86624658,84.63118672,2010-09-17,32.6,205.6,276.3,389.8,101.4,1265.4,1.86,-1.0,-0.0
1,27.20517346,86.65683342,2011-07-03,128.6,192.7,374.2,635.2,128.6,919.5,7.81,-0.5,-0.866
1,34.8482,73.5651,2015-10-26,15.1,82.9,84.0,123.2,38.6,3707.8,3.8,-0.866,0.5
1,27.7,83.45,2011-07-01,59.3,211.2,247.6,315.1,98.7,280.2,4.36,-0.5,-0.866
1,33.4702,73.8859,2014-08-17,2.6,111.1,137.4,157.7,86.8,899.5,1.44,-0.866,-0.5
1,34.6651,73.961,2014-03-18,4.0,84.6,135.9,220.0,55.3,2292.0,2.51,1.0,0.0
1,24.3069,93.125,2010-09-16,6.4,37.7,81.6,151.2,21.6,455.5,0.65,-1.0,-0.0
1,25.6263,94.1057,2015-08-20,39.7,64.8,91.4,245.6,39.7,1356.6,0.0,-0.866,-0.5
1,30.3799,78.4862,2015-07-11,22.0,91.7,188.4,206.9,51.6,2165.8,4.71,-0.5,-0.866
1,27.8609,85.7763,2014-08-25,5.6,27.2,83.9,452.9,18.9,2909.1,0.0,-0.866,-0.5
1,28.03,84.2945,2008-08-30,2.3,61.4,254.4,359.5,102.3,1265.4,0.0,-0.866,-0.5
1,31.5041,77.9521,2010-07-07,7.9,92.4,107.4,132.3,48.6,3817.5,0.0,-0.5,-0.866
1,18.7687,73.3679,2015-08-01,7.8,32.0,101.8,237.8,19.6,97.2,0.0,-0.866,-0.5
1,34.0901,74.0256,2010-06-05,0.9,15.5,17.2,44.3,13.3,1715.2,0.0,0.0,-1.0
1,27.05,90.8,2008-08-29,85.6,236.0,407.1,521.4,104.2,1332.6,2.1,-0.866,-0.5
1,28.1737,94.7596,2015-08-18,50.1,140.0,200.6,246.1,56.6,697.6,0.94,-0.866,-0.5
1,33.9337,74.9985,2008-04-05,43.1,58.7,89.6,105.3,43.1,2630.7,0.0,0.866,-0.5
1,27.0869,93.6086,2014-08-17,11.5,73.3,364.6,396.2,136.3,474.7,0.0,-0.866,-0.5
1,22.344,91.8188,2008-08-23,2.8,5.6,83.4,234.2,31.3,34.4,0.0,-0.866,-0.5
1,7.418396315,80.60846422,2010-04-27,9.2,30.4,60.1,142.5,19.1,296.6,0.0,0.866,-0.5
1,28.3034,83.3773,2010-07-26,4.8,142.7,236.1,552.9,130.2,2863.4,3.96,-0.5,-0.866
1,29.913,79.3532,2011-12-10,0.4,1.2,1.2,1.2,0.8,1871.8,1.13,-0.0,1.0
1,28.2656,83.8188,2015-07-30,102.1,170.5,208.5,263.6,102.1,3042.5,0.0,-0.5,-0.866
1,26.888,88.2796,2016-10-15,0.0,97.3,303.7,358.0,85.6,1313.5,0.0,-0.866,0.5
1,28.2782,84.2758,2013-07-18,149.4,296.7,526.6,1053.3,149.4,3516.1,6.39,-0.5,-0.866
1,11.2695,76.2227,2009-09-19,18.9,105.1,172.7,284.3,54.9,673.2,0.5,-1.0,-0.0
1,18.3978,73.5086,2016-08-03,60.6,212.9,321.4,412.9,84.1,636.0,0.92,-0.866,-0.5
1,23.8447,93.0514,2015-08-26,17.4,34.5,89.1,176.2,27.4,758.3,1.54,-0.866,-0.5
1,28.8665,79.5682,2011-08-12,14.4,57.5,76.4,141.3,21.8,328.4,1.15,-0.866,-0.5
1,27.0,86.71,2008-07-24,7.9,142.4,261.6,645.1,74.0,919.5,0.37,-0.5,-0.866
1,28.2322,83.7228,2014-08-27,14.4,71.0,122.6,393.2,48.2,1230.0,10.83,-0.866,-0.5
1,29.722,80.5118,2013-06-17,158.5,276.3,322.5,346.4,158.5,1805.5,3.15,0.0,-1.0
1,27.0927,85.5502,2016-06-27,9.4,18.5,58.8,119.5,14.4,358.7,1.09,0.0,-1.0
1,28.28,83.55,2009-09-20,8.5,15.4,23.4,85.9,8.5,3042.5,0.0,-1.0,-0.0
1,34.1114,77.5874,2010-08-06,13.8,19.7,23.6,42.3,13.8,4532.6,1.26,-0.866,-0.5
1,33.2359,75.2439,2014-03-10,58.5,73.9,79.8,120.5,58.5,1224.3,0.0,1.0,0.0
1,29.0697,82.106,2013-06-18,43.0,139.6,187.9,232.7,70.2,2298.8,1.38,0.0,-1.0
1,33.0365,74.4889,2014-09-26,0.0,1.0,1.0,2.4,1.0,683.6,1.07,-1.0,-0.0
1,25.5772,91.8666,2014-09-23,76.2,268.2,368.3,425.7,140.8,1224.6,0.0,-1.0,-0.0
1,9.9903,76.7898,2011-10-17,5.3,26.7,44.0,45.2,15.1,711.2,0.0,-0.866,0.5
1,27.2948,87.9377,2010-08-24,23.1,114.8,268.0,456.4,64.0,3524.1,3.92,-0.866,-0.5
1,16.94057232,73.46476377,2010-07-26,58.0,237.7,479.6,808.5,96.2,400.7,0.88,-0.5,-0.866
1,35.567,71.7986,2015-05-17,10.8,11.3,68.6,72.7,35.4,2921.8,0.62,0.5,-0.866
1,25.5498,92.0757,2012-06-13,13.9,34.3,85.8,332.0,20.5,1224.6,0.58,0.0,-1.0
1,6.9734,81.0836,2011-02-20,1.9,2.4,3.7,77.8,1.9,399.5,0.0,0.866,0.5
1,26.88405686,88.28087032,2009-08-20,109.9,167.5,346.0,538.4,109.9,1313.5,0.0,-0.866,-0.5
1,24.8142,93.5444,2012-06-10,9.9,17.1,35.6,224.1,10.3,952.6,1.79,0.0,-1.0
1,27.863,84.914,2007-08-10,2.2,25.6,69.3,415.2,16.3,1948.3,0.0,-0.866,-0.5
1,27.3425,88.2426,2013-09-01,35.9,56.8,126.2,218.3,35.9,3524.1,8.71,-1.0,-0.0
1,11.3237,76.9101,2015-11-07,0.5,25.1,87.2,115.7,31.7,784.6,0.0,-0.5,0.866
1,29.5477,79.3211,2010-09-19,28.1,221.4,262.3,347.2,119.3,1085.6,1.39,-1.0,-0.0
1,29.5333,80.4333,2007-09-15,0.0,1.5,2.9,108.0,0.9,1805.5,1.02,-1.0,-0.0
1,30.6358,77.5435,2010-07-17,26.6,43.0,95.3,266.5,29.3,833.0,1.37,-0.5,-0.866
1,25.0477,92.801,2010-07-25,9.9,29.6,73.3,223.4,13.4,255.5,0.38,-0.5,-0.866
1,35.2646,71.9975,2016-02-01,0.0,0.0,64.7,64.7,38.0,2921.8,1.36,0.866,0.5
1,25.70223725,94.04619681,2010-08-13,7.8,55.8,88.5,244.9,25.7,934.6,3.55,-0.866,-0.5
1,27.1176,88.1069,2016-07-20,90.3,152.7,511.4,595.4,234.1,1313.5,3.94,-0.5,-0.866
1,28.2324,83.0006,2016-07-04,48.9,106.7,334.7,541.6,92.7,1167.6,4.5,-0.5,-0.866
1,30.7395,77.2847,2012-08-24,19.3,55.2,169.9,285.5,43.6,833.0,1.65,-0.866,-0.5
1,29.3167,81.5833,2013-06-18,38.3,242.5,271.4,339.3,148.8,2890.9,0.81,0.0,-1.0
1,32.5655,76.1201,2012-02-16,0.3,9.3,67.1,118.6,29.8,2350.5,4.38,0.866,0.5
1,33.3376,75.1922,2015-02-26,2.1,115.0,121.6,175.8,84.0,2359.8,0.0,0.866,0.5
1,28.089,84.4125,2008-08-30,2.2,62.6,263.8,399.6,105.3,1265.4,0.0,-0.866,-0.5
1,32.3898,72.7253,2015-08-16,0.0,3.7,12.1,37.0,3.7,407.1,0.11,-0.866,-0.5
1,26.3185,94.5247,2016-06-14,8.5,65.3,169.8,269.1,44.2,482.6,2.19,0.0,-1.0
1,28.1836,82.8643,2016-07-22,58.0,73.3,234.3,433.8,71.7,1167.6,1.84,-0.5,-0.866
1,27.5138,87.8086,2016-07-15,51.7,124.1,310.0,621.0,57.7,2650.4,1.57,-0.5,-0.866
1,34.0823,74.056,2014-03-11,43.6,102.2,106.7,143.8,43.6,1715.2,0.0,1.0,0.0
1,32.2108,76.2833,2013-06-12,24.6,75.9,77.0,80.9,46.9,1112.2,0.0,0.0,-1.0
1,28.3667,82.1667,2007-03-21,0.0,0.9,0.9,40.2,0.9,1118.7,2.56,1.0,0.0
1,26.1844,91.7896,2014-06-26,26.3,37.8,187.8,288.0,59.1,400.0,0.0,0.0,-1.0
1,19.1355,72.9981,2011-08-28,43.4,90.0,131.9,171.2,43.4,97.2,0.0,-0.866,-0.5
1,34.2607,75.4446,2015-05-30,0.5,7.6,45.0,62.9,15.5,4054.4,0.78,0.5,-0.866
1,28.1996,84.0011,2015-07-16,52.1,458.1,478.3,690.5,316.7,1230.0,15.65,-0.5,-0.866
1,30.4517,78.1443,2015-07-24,5.8,49.2,92.6,274.6,26.7,1403.9,0.0,-0.5,-0.866
1,21.444,92.1117,2015-06-27,77.2,235.1,558.1,676.7,174.5,16.7,0.0,0.0,-1.0
1,30.6738,77.3544,2013-06-16,82.0,105.8,133.9,196.8,82.0,833.0,0.67,0.0,-1.0
1,21.5202,91.9696,2012-03-08,0.0,0.0,19.2,23.0,11.9,16.7,0.0,1.0,0.0
1,24.2451,94.0691,2007-09-10,3.8,10.2,115.9,204.0,38.0,458.7,1.36,-1.0,-0.0
1,27.21962595,89.5187916,2010-05-20,8.5,40.1,46.2,91.8,23.5,1784.5,1.59,0.5,-0.866
1,32.5764,75.8466,2011-08-27,16.1,33.6,70.4,152.7,19.7,1054.2,1.67,-0.866,-0.5
1,34.3061,77.3265,2010-08-06,10.7,15.5,17.8,25.0,10.7,4548.8,0.0,-0.866,-0.5
1,31.1066,77.209,2012-07-05,8.8,24.8,27.6,35.3,9.5,1887.5,18.84,-0.5,-0.866
1,25.6237,94.1136,2015-08-12,11.6,38.5,167.3,370.2,64.9,1356.6,0.0,-0.866,-0.5
1,33.1595,75.8011,2010-02-06,20.5,37.3,37.3,68.8,20.5,2027.2,0.0,0.866,0.5
1,34.11901266,73.87646407,2010-07-29,17.2,92.6,105.4,377.3,55.4,1715.2,0.0,-0.5,-0.866
1,26.8811,88.2779,2015-07-01,26.4,47.3,110.5,252.0,26.4,1313.5,0.0,-0.5,-0.866
1,28.3037,83.8005,2015-07-30,102.1,170.5,208.5,263.6,102.1,3042.5,0.0,-0.5,-0.866
1,27.30669194,86.77497513,2011-07-03,128.6,192.7,374.2,635.2,128.6,2847.6,5.49,-0.5,-0.866
1,9.9431,76.3738,2014-08-02,7.5,90.0,135.1,224.8,50.5,47.3,1.11,-0.866,-0.5
1,28.2265,82.553,2013-06-18,83.2,193.5,213.4,274.8,91.4,790.0,2.55,0.0,-1.0
1,16.5121,80.6296,2010-05-20,53.7,70.9,71.2,73.6,53.7,45.4,0.0,0.5,-0.866
1,28.3685,82.3731,2014-12-15,17.0,51.0,51.0,51.0,26.3,1919.1,2.15,-0.0,1.0
1,27.1675,88.3651,2012-09-16,90.9,243.8,389.8,464.5,90.9,1313.5,0.79,-1.0,-0.0
1,32.99,75.1892,2016-06-21,9.1,20.2,43.7,74.3,11.7,1224.3,0.0,0.0,-1.0
1,30.6179,78.3233,2012-08-17,4.1,17.9,76.6,220.2,15.9,1403.9,0.0,-0.866,-0.5
1,27.6363,86.2326,2014-08-08,15.2,61.1,143.5,264.4,44.6,2153.1,3.5,-0.866,-0.5
1,35.2227,72.4258,2010-08-08,13.1,44.4,64.4,410.8,19.7,2115.6,1.5,-0.866,-0.5
1,29.5388,80.9963,2013-06-18,26.0,282.7,331.3,403.6,183.5,2530.8,0.72,0.0,-1.0
1,33.3390327,75.1916877,2011-03-19,21.6,27.0,27.0,27.0,21.6,2359.8,0.0,1.0,0.0
1,31.13,77.09,2008-08-08,64.1,82.9,159.6,224.1,64.1,897.6,0.0,-0.866,-0.5
1,34.4989,73.0549,2014-09-19,0.0,0.0,0.8,79.5,0.8,1513.9,0.0,-1.0,-0.0
1,35.359,74.8686,2015-10-26,5.8,41.9,46.5,88.3,20.3,3674.8,1.04,-0.866,0.5
1,29.8496,80.5544,2007-09-11,0.9,1.4,70.6,146.8,46.4,3297.8,1.63,-1.0,-0.0
1,32.3709,77.2466,2011-06-14,1.5,6.5,7.1,43.1,4.5,4872.7,0.0,0.0,-1.0
1,28.3853,83.4625,2015-07-30,74.9,131.3,151.1,189.0,74.9,3042.5,0.6,-0.5,-0.866
1,24.4072,94.0644,2015-08-01,6.6,246.1,385.0,548.9,143.9,610.5,0.49,-0.866,-0.5
1,27.758,85.4197,2016-06-28,12.7,54.1,108.5,321.6,25.5,2909.1,7.98,0.0,-1.0
1,30.3629,79.2143,2013-07-10,4.3,32.1,134.8,278.7,38.3,3184.1,0.0,-0.5,-0.866
1,28.1981,81.8494,2010-09-27,0.0,3.4,23.0,116.4,8.8,319.7,0.94,-1.0,-0.0
1,23.7527,92.694,2010-09-16,12.6,44.4,75.1,138.8,16.8,319.3,0.0,-1.0,-0.0
1,33.0107,74.9397,2010-10-22,7.5,13.8,19.0,20.7,7.5,1224.3,0.0,-0.866,0.5
1,30.7351,79.0666,2013-06-16,132.7,183.7,224.5,227.2,132.7,3184.1,15.68,0.0,-1.0
1,27.8868,85.5107,2014-08-27,10.9,22.2,59.3,500.1,17.8,2909.1,0.0,-0.866,-0.5
1,26.138,94.25,2008-08-19,36.9,81.1,115.0,221.9,36.9,997.1,0.0,-0.866,-0.5
1,31.958,77.1104,2010-08-11,49.9,65.1,132.2,319.0,49.9,2281.7,3.58,-0.866,-0.5
1,35.8562,74.5101,2013-05-26,19.6,37.0,42.2,55.6,19.6,3627.3,0.66,0.5,-0.866
1,10.9654,76.5516,2014-10-09,12.1,27.4,70.5,214.7,17.4,370.9,0.49,-0.866,0.5
1,35.4781,74.5049,2013-08-03,9.1,16.9,16.9,20.2,9.1,3130.4,0.57,-0.866,-0.5
1,36.3128,74.6511,2010-06-04,25.4,28.8,30.2,71.6,25.4,4210.9,1.33,0.0,-1.0
1,28.4763,83.5309,2010-07-26,4.8,142.7,236.1,552.9,130.2,3042.5,0.0,-0.5,-0.866
1,23.9939,94.0573,2015-08-01,11.3,392.8,594.3,834.6,203.7,972.9,2.37,-0.866,-0.5
1,26.49349035,91.72137514,2015-09-01,17.5,88.4,160.2,483.8,49.7,139.5,0.39,-1.0,-0.0
1,27.21782272,89.51924545,2010-07-13,41.8,123.3,353.3,548.8,151.5,1784.5,1.57,-0.5,-0.866
1,27.016,86.85,2007-08-10,3.3,7.4,21.1,183.4,5.6,919.5,0.0,-0.866,-0.5
1,11.3742,77.899,2015-10-31,13.8,20.2,25.6,35.4,13.8,316.6,0.15,-0.866,0.5
1,7.2805,80.6136,2010-12-04,45.7,118.9,225.6,425.2,63.0,296.6,0.65,-0.0,1.0
1,21.9907,92.4951,2013-06-30,3.3,53.7,87.7,109.2,28.8,276.0,0.0,0.0,-1.0
1,27.58124358,83.85213651,2010-08-21,14.4,64.6,139.1,211.9,28.5,280.2,2.28,-0.866,-0.5
1,27.5072,86.1424,2016-07-18,34.5,76.6,191.6,361.8,39.0,2153.1,0.0,-0.5,-0.866
1,29.9551,78.1677,2016-07-17,127.3,222.0,241.6,264.1,127.3,564.8,0.0,-0.5,-0.866
1,32.1896,77.187,2011-07-25,17.3,28.3,41.7,59.6,17.3,2281.7,10.39,-0.5,-0.866
1,9.8232,77.1498,2012-08-17,26.5,38.8,66.7,109.3,26.5,711.2,0.0,-0.866,-0.5
1,35.6562,74.9448,2011-04-17,9.4,13.2,17.2,38.7,9.4,3674.8,0.72,0.866,-0.5
1,34.6534,73.4374,2011-02-06,43.8,75.5,86.2,92.4,43.8,1513.9,4.27,0.866,0.5
1,25.67,94.1066,2008-08-29,29.9,45.2,130.0,330.4,54.0,1356.6,0.0,-0.866,-0.5
1,28.2318,82.3527,2013-07-19,16.6,37.3,99.3,340.9,31.8,790.0,2.33,-0.5,-0.866
1,16.5157,80.6525,2010-08-31,0.7,16.4,84.3,144.5,35.2,45.4,0.0,-0.866,-0.5
1,33.0289,74.9489,2010-01-03,5.3,5.3,5.3,5.3,5.3,1224.3,0.0,0.5,0.866
1,31.8833,78.6167,2009-09-10,34.2,57.0,63.6,71.5,34.2,4635.1,0.7,-1.0,-0.0
1,10.0486,76.7606,2013-08-05,79.2,218.5,286.0,440.9,120.5,711.2,0.0,-0.866,-0.5
1,35.1148,73.0068,2014-03-09,27.2,29.3,35.4,40.0,27.2,2534.4,1.44,1.0,0.0
1,34.1482,77.5971,2010-08-06,12.1,17.5,20.8,30.8,12.1,4532.6,1.05,-0.866,-0.5
1,11.338,76.8806,2012-10-21,14.6,63.7,80.2,158.6,34.4,784.6,0.0,-0.866,0.5
1,24.9356,93.8443,2010-07-31,8.8,38.7,74.0,150.9,24.8,952.6,0.0,-0.5,-0.866
1,30.9086,77.1103,2010-09-19,71.2,86.0,205.7,416.6,106.8,897.6,0.0,-1.0,-0.0
1,26.10973183,91.80317334,2017-07-06,4.2,75.7,273.4,402.4,87.0,400.0,0.0,-0.5,-0.866
1,6.7631,81.0209,2014-10-29,17.4,33.8,66.6,306.5,17.4,399.5,2.34,-0.866,0.5
1,27.0638,88.4659,2011-06-20,5.9,53.7,109.0,139.3,40.7,1212.3,0.0,0.0,-1.0
1,19.0811,73.0226,2013-06-18,28.6,198.0,347.3,540.9,109.4,97.2,0.0,0.0,-1.0
1,7.5206,80.7014,2011-02-08,6.8,37.1,406.4,558.7,169.5,296.6,0.0,0.866,0.5
1,30.8974,77.0588,2016-10-03,1.0,3.9,7.0,21.2,2.1,897.6,0.0,-0.866,0.5
1,16.9214,73.593,2013-06-25,30.4,71.1,124.8,416.0,30.4,400.7,1.09,0.0,-1.0
1,7.9329,81.0081,2011-01-09,73.1,267.6,342.9,371.3,187.0,51.1,0.17,0.5,0.866
1,32.6598,76.853,2010-07-07,4.1,55.3,56.2,67.1,43.1,3934.9,1.56,-0.5,-0.866
1,29.139,81.623,2016-08-06,11.4,34.2,108.9,297.3,31.2,2298.8,0.0,-0.866,-0.5
1,30.6494,79.5269,2015-08-15,9.1,41.7,118.8,462.3,33.4,3184.1,0.0,-0.866,-0.5
1,31.0722,77.1402,2013-07-02,3.7,6.0,32.4,66.3,13.7,897.6,0.0,-0.5,-0.866
1,21.23291114,92.19905362,2010-06-15,69.7,222.4,289.5,328.1,92.2,82.8,0.5,0.0,-1.0
1,33.0498,74.6264,2013-08-14,24.7,54.1,113.5,263.7,31.3,683.6,1.08,-0.866,-0.5
1,24.7543,93.5039,2010-06-07,14.8,25.7,54.5,201.3,14.8,952.6,2.32,0.0,-1.0
1,18.9774,72.8102,2011-08-29,62.3,187.7,255.7,299.8,69.2,0.2,0.0,-0.866,-0.5
1,32.7571,77.4138,2010-08-04,5.8,8.5,8.5,26.3,5.8,4984.9,0.14,-0.866,-0.5
1,27.7625,83.5165,2016-07-25,37.7,60.1,184.8,365.1,67.3,1230.0,5.05,-0.5,-0.866
1,29.57990613,80.50476155,2007-08-12,33.5,40.0,62.4,196.5,33.5,1805.5,0.0,-0.866,-0.5
1,33.3852,74.2562,2015-08-09,1.4,6.5,29.1,157.8,13.8,1724.3,0.76,-0.866,-0.5
1,34.1093,73.9067,2014-09-05,92.7,270.6,289.6,310.5,114.3,1715.2,0.0,-1.0,-0.0
1,30.895,77.089,2008-12-21,0.0,1.6,1.8,2.6,0.9,897.6,0.0,-0.0,1.0
1,20.8605,92.489,2008-10-01,56.2,57.0,217.3,355.8,105.6,82.8,0.14,-0.866,0.5
1,23.7131,92.7362,2015-06-19,9.1,16.5,54.7,92.6,15.8,432.1,0.0,0.0,-1.0
1,7.1145,80.314,2011-05-27,10.0,39.2,59.0,112.2,19.7,681.4,1.13,0.5,-0.866
1,29.0958,80.3125,2009-08-20,3.2,62.3,345.3,472.0,204.9,475.4,2.27,-0.866,-0.5
1,31.1,77.1645,2008-09-19,63.9,104.2,107.3,142.4,63.9,897.6,0.0,-1.0,-0.0
1,26.3897,94.9439,2013-08-16,14.5,41.1,98.0,217.0,18.2,1061.3,1.12,-0.866,-0.5
1,31.8931,78.63,2013-07-27,2.0,2.3,4.4,8.0,2.0,4635.1,0.7,-0.5,-0.866
1,25.6219,96.2887,2016-04-02,3.0,9.7,15.2,21.8,5.4,409.0,0.0,0.866,-0.5
1,28.2632,83.3482,2013-09-03,63.9,121.9,154.8,238.3,63.9,2863.4,4.7,-1.0,-0.0
1,30.1719,80.8576,2013-07-04,21.8,46.6,72.4,145.2,21.8,3297.8,1.03,-0.5,-0.866
1,16.5676,73.6608,2010-07-22,63.5,187.0,424.5,490.0,122.8,281.5,0.45,-0.5,-0.866
1,17.0661,73.5027,2010-08-18,35.0,93.8,128.9,235.1,46.3,400.7,0.62,-0.866,-0.5
1,31.1003,77.1751,2015-07-26,33.5,54.9,106.8,291.9,33.5,897.6,0.0,-0.5,-0.866
1,32.6175,75.6157,2015-08-20,10.6,21.6,38.0,177.4,10.6,1054.2,1.28,-0.866,-0.5
1,25.1416,92.3807,2015-08-19,48.6,153.1,244.0,297.8,59.9,255.5,1.28,-0.866,-0.5
1,29.1917,80.8708,2009-08-18,65.5,232.3,325.5,528.5,116.7,869.2,2.49,-0.866,-0.5
1,26.9796,86.7001,2010-09-15,37.1,55.4,103.7,258.8,37.1,919.5,0.4,-1.0,-0.0
1,31.0358,78.8578,2015-08-01,14.6,30.9,55.8,117.3,14.6,4043.1,0.0,-0.866,-0.5
1,29.1832,81.5999,2011-08-14,30.4,64.5,153.8,277.5,30.4,2298.8,0.0,-0.866,-0.5
1,30.0705,80.2364,2015-07-19,31.6,93.5,201.9,367.1,70.8,2347.7,0.95,-0.5,-0.866
1,23.73478778,92.72124394,2009-10-05,19.7,87.2,94.6,230.0,41.3,432.1,0.0,-0.866,0.5
1,28.0993,82.8332,2008-08-16,15.4,106.2,172.3,295.3,83.6,1167.6,1.7,-0.866,-0.5
1,26.1961,91.7825,2016-06-22,9.8,19.0,122.6,242.4,37.0,400.0,0.0,0.0,-1.0
1,27.4907,86.1078,2013-08-13,12.7,32.9,139.9,282.7,52.6,2153.1,0.0,-0.866,-0.5
1,25.0728,92.3636,2015-08-19,71.7,192.9,329.4,384.7,71.7,255.5,0.79,-0.866,-0.5
1,31.7099,76.933,2011-07-10,10.6,73.9,84.5,221.4,42.5,1262.6,0.0,-0.5,-0.866
1,27.1758,88.5294,2016-01-14,3.0,3.0,14.4,15.4,5.1,1212.3,0.0,0.5,0.866
1,33.2504,75.2102,2015-07-12,3.4,60.9,100.2,123.1,30.2,2359.8,37.66,-0.5,-0.866
1,15.3826,73.9239,2012-09-01,62.5,240.6,405.5,464.3,138.7,76.2,0.0,-1.0,-0.0
1,30.9012,77.0958,2010-08-14,10.7,70.2,92.0,223.3,52.3,897.6,0.0,-0.866,-0.5
1,33.2394,75.2405,2014-05-14,3.4,47.2,74.9,95.2,29.1,1224.3,0.0,0.5,-0.866
1,29.3559,81.3097,2008-12-25,0.2,0.3,0.4,0.4,0.2,2530.8,0.0,-0.0,1.0
1,35.3599,73.9791,2010-08-11,11.7,39.4,106.6,257.8,28.4,3051.5,0.71,-0.866,-0.5
1,28.6985,82.7065,2014-08-15,29.3,79.8,129.2,210.9,34.3,1919.1,2.41,-0.866,-0.5
1,27.172,88.5292,2016-10-15,0.0,31.7,222.2,255.0,78.2,1212.3,0.0,-0.866,0.5
1,34.1534,77.5768,2012-06-08,6.6,16.5,17.5,32.9,6.6,4532.6,1.07,0.0,-1.0
1,30.2853,78.9829,2012-09-14,13.3,26.7,39.0,85.3,13.3,2165.8,5.95,-1.0,-0.0
1,33.1488,75.5526,2011-04-17,24.9,49.2,99.9,172.7,39.9,2027.2,0.0,0.866,-0.5
1,21.23967983,92.19314477,2010-06-15,69.7,222.4,289.5,328.1,92.2,82.8,0.5,0.0,-1.0
1,31.5728,77.8561,2016-08-29,7.3,22.5,45.8,95.9,14.6,3817.5,3.7,-0.866,-0.5
1,11.3403,76.8267,2014-05-04,7.9,9.6,15.6,18.5,7.9,784.6,0.0,0.5,-0.866
1,34.258,75.4189,2015-07-24,7.2,35.5,67.4,160.8,16.6,4054.4,0.79,-0.5,-0.866
1,30.5345,79.0853,2013-10-18,0.6,0.7,1.4,22.5,0.7,3184.1,3.41,-0.866,0.5
1,27.7923,84.7001,2012-09-18,39.9,237.5,384.2,503.2,99.4,1948.3,4.46,-1.0,-0.0
1,28.2333,83.9533,2007-09-08,90.1,188.7,595.9,819.1,160.0,1230.0,13.94,-1.0,-0.0
1,27.9449,83.5109,2013-11-01,1.7,5.4,16.0,38.6,5.6,1230.0,0.16,-0.5,0.866
1,28.3048,83.6011,2014-07-18,13.1,42.1,95.4,260.8,18.5,3042.5,0.0,-0.5,-0.866
1,6.9025,80.9083,2010-11-24,8.9,53.7,103.3,153.1,26.4,681.4,0.76,-0.5,0.866
1,27.7513,85.8166,2010-09-14,15.5,58.3,90.4,274.3,36.9,2909.1,0.0,-1.0,-0.0
1,16.5141,80.6053,2010-08-26,21.0,69.9,100.6,201.2,31.6,45.4,0.0,-0.866,-0.5
1,23.7313,92.7187,2015-09-14,12.8,34.5,57.7,175.7,16.8,432.1,0.0,-1.0,-0.0
1,9.8988,76.3902,2010-09-24,33.3,60.4,73.7,211.6,33.3,47.3,1.22,-1.0,-0.0
1,27.7702,85.8692,2014-08-02,20.9,49.8,126.6,278.8,28.0,2909.1,0.0,-0.866,-0.5
1,26.89,88.28,2008-06-29,14.5,56.6,95.1,240.7,27.7,1313.5,0.0,0.0,-1.0
1,30.7059,76.9844,2010-09-11,12.8,29.5,53.0,94.0,12.8,423.7,1.53,-1.0,-0.0
1,26.8928,89.4497,2009-08-18,80.3,316.7,668.7,921.8,173.3,1784.5,0.0,-0.866,-0.5
1,34.4002,74.2798,2016-04-04,10.3,80.0,101.6,186.9,39.4,2569.6,0.52,0.866,-0.5
1,26.8833,88.2833,2007-09-07,185.1,403.9,511.0,589.4,185.1,1313.5,0.0,-1.0,-0.0
1,30.3822,78.0949,2013-07-31,39.4,134.5,157.0,258.5,49.6,1403.9,0.0,-0.5,-0.866
1,34.0786,74.3836,2015-03-15,24.0,26.5,28.8,158.1,24.0,2235.4,0.0,1.0,0.0
1,31.7083,76.9316,2011-08-07,18.9,40.1,61.4,200.4,18.9,1262.6,0.0,-0.866,-0.5
1,26.8797,87.9172,2015-09-03,76.4,129.9,208.1,568.7,76.4,1313.5,0.0,-1.0,-0.0
1,30.9936,78.4594,2014-08-18,5.1,8.0,41.0,97.5,15.7,4043.1,3.35,-0.866,-0.5
1,14.7395,74.2566,2009-10-02,27.3,118.0,165.7,291.1,46.2,165.7,0.2,-0.866,0.5
1,29.5193,80.4687,2013-06-17,209.5,346.5,382.2,403.8,209.5,1805.5,0.0,0.0,-1.0
1,27.7649,87.199,2008-09-02,7.9,27.3,93.8,145.7,23.6,4333.8,2.04,-1.0,-0.0
1,25.1604,93.6795,2012-03-04,0.6,10.0,24.4,24.4,13.1,952.6,0.0,1.0,0.0
1,11.41,76.69,2008-06-25,1.2,1.3,24.4,33.3,13.2,784.6,0.0,0.0,-1.0
1,22.2009,92.2168,2011-08-08,37.3,66.3,107.9,155.8,37.3,276.0,0.4,-0.866,-0.5
1,27.337,88.609,2008-08-28,64.5,189.6,386.6,833.4,72.4,3239.6,0.0,-0.866,-0.5
1,21.4384,92.0082,2010-06-15,70.4,246.6,294.7,337.0,108.5,16.7,0.0,0.0,-1.0
1,27.322,88.6087,2010-04-17,5.4,9.2,26.1,49.0,6.8,3239.6,0.0,0.866,-0.5
1,28.7038,80.9787,2010-10-08,0.3,0.5,1.9,6.7,0.9,402.9,0.92,-0.866,0.5
1,28.4298,95.8776,2010-05-31,17.9,26.4,55.4,496.9,17.9,1961.6,1.61,0.5,-0.866
1,19.19,73.009,2016-06-21,34.8,73.8,85.6,102.5,34.8,97.2,0.0,0.0,-1.0
1,24.5204,92.7264,2016-05-18,24.1,57.3,110.3,128.5,31.5,113.2,0.31,0.5,-0.866
1,28.57,83.45,2008-06-27,66.1,107.0,165.8,312.0,66.1,3042.5,0.42,0.0,-1.0
1,27.0136,92.6351,2016-07-01,20.7,67.5,104.5,221.2,23.7,922.5,1.76,-0.5,-0.866
1,32.3237,77.1935,2011-07-08,15.6,26.6,40.0,225.8,15.6,4872.7,11.98,-0.5,-0.866
1,34.2601,75.4466,2013-08-13,25.5,35.5,44.6,89.2,25.5,4054.4,0.68,-0.866,-0.5
1,27.772,85.9052,2013-09-09,2.5,17.9,52.4,226.0,13.0,2909.1,4.28,-1.0,-0.0
1,19.1209,72.8406,2015-06-12,14.9,32.4,49.1,51.9,14.9,97.2,0.0,0.0,-1.0
1,28.2635,83.6118,2015-07-30,74.9,131.3,151.1,189.0,74.9,3042.5,8.15,-0.5,-0.866
1,27.7167,88.5577,2012-06-03,13.4,41.3,101.7,189.0,17.6,3239.6,2.71,0.0,-1.0
1,12.8446,75.2476,2013-06-18,66.6,146.2,251.8,503.4,66.6,163.0,0.97,0.0,-1.0
1,36.0636,74.2869,2010-08-01,0.5,20.3,76.6,128.6,25.6,3627.3,0.58,-0.866,-0.5
1,9.8306,76.9408,2011-06-02,55.5,182.7,269.9,319.2,105.8,711.2,0.56,0.0,-1.0
1,27.0998,93.6287,2008-06-14,16.0,45.1,97.6,226.6,19.7,474.7,0.0,0.0,-1.0
1,30.2485,78.8847,2010-07-06,13.1,30.5,49.6,70.8,13.1,1266.2,5.48,-0.5,-0.866
1,33.2395,75.2406,2014-07-22,2.5,4.3,22.7,39.9,8.6,1224.3,0.0,-0.5,-0.866
1,26.1771,91.7599,2013-05-11,14.0,55.1,78.7,201.0,23.6,400.0,0.0,0.5,-0.866
1,12.7796,75.5844,2010-10-03,10.6,54.5,152.1,233.9,36.2,667.2,0.57,-0.866,0.5
1,32.9961,75.1994,2015-08-08,5.6,12.8,65.1,230.9,18.8,1224.3,0.0,-0.866,-0.5
1,26.9986,95.4993,2012-06-25,45.9,114.2,240.8,359.3,45.9,846.9,1.48,0.0,-1.0
1,27.5523,91.752,2016-04-22,35.3,85.3,116.3,202.8,35.3,3174.7,0.0,0.866,-0.5
1,25.7713,93.8067,2011-08-13,25.7,64.5,168.5,349.8,45.3,504.5,2.1,-0.866,-0.5
1,27.0875,88.6556,2015-06-30,54.8,128.4,244.7,382.6,61.4,1212.3,0.0,0.0,-1.0
1,30.4,79.349,2007-07-30,6.0,21.5,134.1,241.0,61.1,3184.1,0.0,-0.5,-0.866
1,22.3513,91.8295,2015-07-27,27.1,287.4,385.1,558.4,166.8,34.4,0.0,-0.5,-0.866
1,34.0942,74.0226,2013-08-19,9.1,35.7,260.0,322.6,112.0,1715.2,0.0,-0.866,-0.5
1,31.6916,76.5102,2015-08-09,0.3,98.7,122.9,219.6,70.0,485.5,1.03,-0.866,-0.5
1,27.777,85.3717,2008-09-11,17.8,38.1,69.1,108.2,17.8,2909.1,8.11,-1.0,-0.0
1,6.6206,80.1721,2014-06-01,3.7,18.6,54.0,101.8,18.4,87.1,0.51,0.0,-1.0
1,27.8837,93.0515,2013-08-01,21.0,37.8,115.0,487.3,39.6,2859.1,1.85,-0.866,-0.5
1,6.8066,80.9779,2010-10-03,6.4,53.9,129.9,225.6,37.3,399.5,1.31,-0.866,0.5
1,30.0702,78.3027,2007-08-11,21.3,32.5,53.7,167.4,21.3,564.8,0.0,-0.866,-0.5
1,27.05374234,88.42572376,2011-07-19,133.4,180.3,385.6,532.1,133.4,1313.5,1.13,-0.5,-0.866
1,29.7911,80.058,2010-09-19,10.3,125.9,195.4,404.5,72.6,2347.7,1.38,-1.0,-0.0
1,35.2856,73.1642,2016-04-04,2.1,100.5,134.3,212.6,61.1,3200.0,0.0,0.866,-0.5
1,21.4406,92.118,2015-06-27,77.2,235.1,558.1,676.7,174.5,16.7,0.0,0.0,-1.0
1,33.9445,74.799,2015-03-30,7.2,99.8,111.6,151.5,66.4,2630.7,0.64,1.0,0.0
1,29.1491,81.6165,2014-07-21,15.9,76.1,168.5,306.9,38.2,2298.8,0.0,-0.5,-0.866
1,27.6661,86.0332,2010-08-02,44.5,92.2,255.5,545.1,52.8,2153.1,3.17,-0.866,-0.5
1,31.0215,77.1038,2010-09-22,58.0,71.0,179.1,565.0,82.4,897.6,0.0,-1.0,-0.0
1,32.4318,77.2147,2011-06-29,10.4,41.4,52.7,84.2,23.3,4872.7,0.0,0.0,-1.0
1,27.7768,85.8888,2015-07-16,37.1,132.9,174.9,354.4,77.2,2909.1,3.95,-0.5,-0.866
1,31.46626719,76.86927482,2015-12-29,0.0,0.0,0.6,2.5,0.6,1262.6,0.0,-0.0,1.0
1,10.2288,77.4767,2015-12-07,25.8,113.2,167.4,231.3,61.2,706.3,0.5,-0.0,1.0
1,24.8063,93.9482,2011-07-06,0.7,14.9,48.6,88.1,13.5,952.6,0.51,-0.5,-0.866
1,15.5063,73.8362,2007-09-07,38.7,99.7,379.4,534.2,94.2,76.2,0.0,-1.0,-0.0
1,15.2932,74.1447,2011-06-19,12.5,59.8,235.3,523.2,68.9,446.0,0.57,0.0,-1.0
1,27.4916,85.4416,2015-06-29,5.1,36.8,76.4,179.0,24.5,1269.4,0.8,0.0,-1.0
1,30.7,77.08,2008-09-22,1.5,5.8,85.2,93.7,55.8,423.7,1.48,-1.0,-0.0
1,33.4406,75.1996,2011-08-07,4.0,6.9,8.9,19.2,4.0,2359.8,0.0,-0.866,-0.5
1,22.7176,92.8416,2010-09-13,19.9,44.7,75.9,128.0,19.9,961.1,0.7,-1.0,-0.0
1,27.7,92.8,2009-08-12,151.3,278.0,346.4,831.2,151.3,2753.9,1.76,-0.866,-0.5
1,34.7414,71.8631,2016-06-29,0.1,9.2,9.3,30.4,7.4,775.2,1.07,0.0,-1.0
1,6.9762,80.7748,2011-01-09,128.7,215.2,272.1,314.2,128.7,681.4,0.0,0.5,0.866
1,25.5098,93.8794,2015-07-22,20.6,86.7,171.4,302.0,34.4,934.6,1.29,-0.5,-0.866
1,11.7095,76.074,2007-06-25,9.9,131.7,437.6,618.0,162.7,673.2,0.29,0.0,-1.0
1,24.8628,94.4182,2009-08-30,8.6,22.0,47.4,136.4,10.1,1130.0,0.0,-0.866,-0.5
1,6.968,80.9486,2011-03-14,1.9,6.1,6.1,50.9,3.0,399.5,1.33,1.0,0.0
1,35.2959,73.21,2013-05-25,11.5,14.4,18.6,25.2,11.5,3200.0,0.0,0.5,-0.866
1,29.6131,79.494,2010-09-19,28.9,226.7,295.6,456.0,105.3,1085.6,0.0,-1.0,-0.0
1,25.6115,96.2907,2015-03-30,0.2,2.9,17.6,17.7,8.5,409.0,0.0,1.0,0.0
1,19.6241,72.9084,2012-09-04,30.3,73.2,115.0,213.2,30.3,125.7,0.11,-1.0,-0.0
1,35.192,76.2579,2010-09-07,2.8,3.3,12.9,33.3,7.6,4039.8,1.14,-1.0,-0.0
1,24.9786,93.5027,2010-07-29,20.7,41.0,82.9,142.7,20.7,952.6,1.8,-0.5,-0.866
1,29.7225,82.5068,2009-07-01,0.7,10.2,27.3,27.8,8.4,4306.6,0.93,-0.5,-0.866
1,25.2946,92.8339,2007-08-26,57.0,139.6,171.2,230.2,66.0,542.1,1.1,-0.866,-0.5
1,28.299,84.0366,2010-07-11,17.2,202.0,374.1,490.2,134.9,3042.5,7.99,-0.5,-0.866
1,33.4431,75.1915,2013-08-14,18.9,30.8,38.0,115.3,18.9,2359.8,0.0,-0.866,-0.5
1,15.3904,73.8182,2015-07-25,23.0,96.0,184.5,303.5,39.2,76.2,0.0,-0.5,-0.866
1,32.5282,75.1199,2013-08-02,11.2,34.1,63.7,124.4,26.5,465.4,0.65,-0.866,-0.5
1,34.3951,75.6233,2010-05-17,35.8,46.2,76.3,130.3,35.8,4054.4,0.54,0.5,-0.866
1,15.6365,74.1158,2013-10-06,11.6,106.6,128.0,218.7,50.3,446.0,0.69,-0.866,0.5
1,32.0985,76.2665,2007-08-12,26.2,59.0,71.0,259.7,29.4,1112.2,0.0,-0.866,-0.5
1,26.1226,91.7162,2012-06-22,65.4,190.2,264.0,281.8,65.4,400.0,0.0,0.0,-1.0
1,25.583,91.893,2015-09-23,38.5,152.5,220.5,260.3,57.7,1224.6,0.0,-1.0,-0.0
1,28.1046,84.6634,2015-07-03,2.4,23.8,89.2,251.4,25.3,1265.4,1.72,-0.5,-0.866
1,31.5007,78.1758,2016-07-17,20.7,81.0,105.7,126.3,43.5,3817.5,0.0,-0.5,-0.866
1,7.0022,80.703,2010-05-19,5.2,18.3,41.4,113.0,7.5,681.4,0.0,0.5,-0.866
1,16.1078,73.7167,2011-07-22,33.0,102.2,392.3,699.0,126.1,188.0,0.16,-0.5,-0.866
1,30.7864,78.616,2015-08-15,5.1,32.0,94.0,239.8,21.6,4043.1,0.0,-0.866,-0.5
1,31.8795,76.9161,2013-07-07,56.3,185.0,201.0,274.3,95.1,2281.7,1.88,-0.5,-0.866
1,28.2317,84.8756,2016-07-04,18.4,58.0,169.6,288.9,61.8,1948.3,6.08,-0.5,-0.866
1,24.6005,92.3814,2010-06-03,2.4,19.9,135.7,293.1,73.2,113.2,0.45,0.0,-1.0
1,34.2101,74.3445,2011-04-06,3.4,15.1,36.6,89.1,10.0,2235.4,0.0,0.866,-0.5
1,30.4305,78.0803,2014-07-19,9.5,126.2,251.0,281.4,85.9,1403.9,0.0,-0.5,-0.866
1,27.6454,84.125,2011-07-06,5.4,40.1,222.3,318.9,83.3,357.8,1.14,-0.5,-0.866
1,30.0718,80.2369,2013-07-19,114.8,231.8,546.1,864.0,142.1,2347.7,0.95,-0.5,-0.866
1,28.22020061,84.17758452,2010-07-11,21.6,191.4,413.7,553.9,109.2,1265.4,6.42,-0.5,-0.866
1,27.6063,87.2196,2010-06-30,5.1,113.8,155.1,329.8,62.9,2650.4,2.0,0.0,-1.0
1,27.8196,85.2114,2013-06-18,24.3,100.3,167.6,264.5,42.4,1948.3,0.0,0.0,-1.0
1,35.8975,75.52,2008-08-05,9.6,11.7,11.7,25.5,9.6,4823.1,0.69,-0.866,-0.5
1,29.3833,81.3167,2008-08-29,2.7,20.3,40.7,141.4,14.2,2530.8,0.0,-0.866,-0.5
1,30.733,78.439,2007-07-30,6.2,16.2,66.7,174.5,16.2,2165.8,59.88,-0.5,-0.866
1,27.5799,91.8569,2016-04-22,35.3,85.3,116.3,202.8,35.3,3174.7,0.0,0.866,-0.5
1,33.1662,75.3098,2007-09-05,1.7,2.6,5.8,24.3,1.9,1224.3,6.23,-1.0,-0.0
1,7.4678,80.6241,2011-02-01,46.7,59.1,72.5,74.5,46.7,296.6,0.0,0.866,0.5
1,34.4667,72.6792,2016-04-10,0.6,10.9,19.3,112.6,6.2,1042.5,1.02,0.866,-0.5
1,34.5554,73.3569,2016-07-16,9.8,21.8,42.2,89.2,9.8,1513.9,1.55,-0.5,-0.866
1,28.1038,85.0548,2012-03-01,11.6,49.8,52.7,94.0,28.8,1948.3,0.0,1.0,0.0
1,9.9147,77.011,2013-08-04,116.5,151.5,192.5,356.2,116.5,711.2,0.0,-0.866,-0.5
1,27.5754,91.9754,2016-08-05,8.0,12.1,50.5,207.9,14.7,3174.7,0.6,-0.866,-0.5
1,16.6252,80.6128,2007-06-25,4.6,31.1,163.1,199.4,83.2,45.4,0.0,0.0,-1.0
1,27.44,92.2833,2011-08-12,4.5,13.7,62.4,278.8,20.2,2753.9,0.49,-0.866,-0.5
1,30.4041,79.3276,2013-07-25,33.9,54.8,169.4,266.6,49.9,3184.1,0.0,-0.5,-0.866
1,26.2083,94.5438,2013-08-04,15.0,32.1,71.1,232.7,23.0,997.1,1.83,-0.866,-0.5
1,34.0968,74.4117,2015-03-15,24.0,26.5,28.8,158.1,24.0,2235.4,0.0,1.0,0.0
1,12.8962,74.8859,2016-07-16,16.1,44.0,102.5,348.9,19.9,163.0,0.0,-0.5,-0.866
1,24.6596,93.9784,2008-06-09,5.9,29.6,51.5,68.4,18.3,869.2,0.43,0.0,-1.0
1,19.0263,72.8676,2013-07-10,54.6,82.9,125.4,234.1,54.6,97.2,0.36,-0.5,-0.866
1,28.10025822,84.42143526,2008-08-30,2.2,62.6,263.8,399.6,105.3,1265.4,0.0,-0.866,-0.5
1,25.8266,94.1497,2013-10-05,27.6,45.0,61.6,155.1,27.6,997.1,3.34,-0.866,0.5
1,29.3576,79.5519,2010-07-20,142.7,409.2,463.2,564.3,179.4,1085.6,0.99,-0.5,-0.866
1,6.9438,81.0684,2014-12-26,37.1,166.8,516.9,611.9,165.2,399.5,0.0,-0.0,1.0
1,28.2598,84.0999,2010-08-03,4.4,38.3,252.8,455.9,108.5,3516.1,7.68,-0.866,-0.5
1,27.6674,86.7174,2011-08-13,21.1,36.5,96.2,353.1,28.0,2847.6,0.62,-0.866,-0.5
1,28.298,84.9671,2016-07-05,13.2,40.8,181.7,347.0,61.8,4097.4,5.81,-0.5,-0.866
1,20.8486,92.4504,2010-05-24,49.4,115.2,181.4,181.4,49.4,82.8,0.14,0.5,-0.866
1,28.694,80.595,2008-09-21,122.4,493.2,504.4,517.9,191.1,227.6,0.55,-1.0,-0.0
1,21.0853,92.1414,2015-06-27,58.6,207.4,515.1,631.5,159.0,4.8,0.53,0.0,-1.0
1,27.3824,86.0567,2011-09-17,40.6,65.1,101.3,178.5,40.6,2153.1,0.0,-1.0,-0.0
1,33.0852,74.8799,2013-07-05,10.5,19.8,21.5,147.7,10.5,1224.3,0.0,-0.5,-0.866
1,26.1768,91.7702,2016-07-14,10.4,29.3,133.7,344.0,35.7,400.0,0.0,-0.5,-0.866
1,27.8997,93.3497,2010-04-02,19.7,62.1,116.6,218.1,26.0,2859.1,1.51,0.866,-0.5
1,27.0816,88.4397,2015-07-07,2.4,43.3,193.8,310.4,73.5,1212.3,1.34,-0.5,-0.866
1,15.5419,73.9214,2013-08-17,25.2,67.8,110.5,245.1,27.5,76.2,0.0,-0.866,-0.5
1,9.6991,76.8168,2012-08-17,35.7,55.0,108.8,179.9,35.7,420.1,1.17,-0.866,-0.5
1,25.6167,96.3167,2010-07-15,17.6,46.3,181.6,322.4,65.4,409.0,0.0,-0.5,-0.866
1,26.9071,87.9217,2015-06-30,15.7,43.5,99.4,205.1,19.5,1313.5,0.0,0.0,-1.0
1,27.6264,83.3789,2011-07-01,59.3,211.2,247.6,315.1,98.7,220.2,36.52,-0.5,-0.866
1,33.5808,74.9035,2011-04-19,7.3,39.4,64.8,161.9,23.9,2359.8,0.7,0.866,-0.5
1,33.287,77.2853,2014-12-31,0.0,0.0,0.0,10.6,0.0,4844.0,0.29,-0.0,1.0
1,31.5158,78.2619,2010-10-14,0.0,0.1,1.4,5.1,0.9,3817.5,0.0,-0.866,0.5
1,33.35406635,75.17240669,2011-02-07,65.7,123.1,131.9,145.3,65.7,2359.8,0.0,0.866,0.5
1,10.077,76.322,2012-10-22,40.2,101.7,130.0,196.1,49.9,47.3,1.18,-0.866,0.5
1,23.7281,92.7175,2013-05-11,6.4,19.2,72.3,106.4,26.7,432.1,0.0,0.5,-0.866
1,30.9141,76.818,2010-10-03,0.0,0.0,0.0,86.2,0.0,897.6,0.86,-0.866,0.5
1,25.16,93.686,2015-06-19,2.2,12.7,37.3,125.8,11.5,952.6,0.0,0.0,-1.0
1,29.1585,79.1464,2014-07-23,13.5,38.4,167.9,236.9,55.6,328.4,2.49,-0.5,-0.866
1,34.4943,71.2562,2015-01-04,1.5,1.5,1.5,1.5,1.5,991.3,0.98,0.5,0.866
1,27.9196,83.8799,2013-07-22,17.1,26.5,116.1,254.4,42.0,1230.0,0.0,-0.5,-0.866
1,33.3216,75.1984,2013-08-14,21.5,38.3,65.3,194.7,21.5,2359.8,0.0,-0.866,-0.5
1,30.8522,76.991,2010-08-13,6.9,26.5,70.9,153.1,15.1,897.6,0.0,-0.866,-0.5
1,28.1281,83.3841,2015-11-11,0.5,3.2,8.1,25.8,4.6,1167.6,0.15,-0.5,0.866
1,6.9793,80.4562,2016-08-07,4.0,7.3,16.5,101.1,4.2,681.4,0.0,-0.866,-0.5
1,25.3433,92.2897,2010-05-11,37.4,149.6,172.9,207.9,67.9,843.3,1.0,0.5,-0.866
1,27.5798729,91.85672387,2010-11-22,0.0,10.0,27.1,50.0,10.9,3174.7,0.0,-0.5,0.866
1,33.2412,75.2382,2012-08-22,4.7,43.2,50.9,72.0,26.5,1224.3,0.0,-0.866,-0.5
1,11.3464,76.8076,2016-04-13,0.5,1.3,6.9,7.4,2.9,784.6,0.0,0.866,-0.5
1,28.5714,77.2135,2015-01-29,0.0,0.0,0.0,20.8,0.0,206.4,0.03,0.5,0.866
1,27.66868142,86.04142973,2017-06-28,12.2,61.2,119.2,211.8,28.8,2153.1,5.45,0.0,-1.0
1,28.5167,83.3426,2015-07-30,42.4,79.1,92.6,132.8,42.4,2863.4,0.59,-0.5,-0.866
1,26.1016,91.6906,2013-05-11,5.3,39.9,72.3,108.9,31.2,400.0,0.0,0.5,-0.866
1,24.2315,92.6755,2013-05-07,66.5,98.0,120.6,141.3,66.5,319.3,0.24,0.5,-0.866
1,28.2183,85.3573,2016-09-11,39.0,78.2,198.8,346.8,45.1,2909.1,8.9,-1.0,-0.0
1,26.8843,88.1835,2015-06-30,14.6,45.9,95.1,255.6,25.0,1313.5,0.0,0.0,-1.0
1,26.1965,91.763,2010-04-20,45.7,109.4,187.6,196.4,45.7,400.0,0.0,0.866,-0.5
1,27.499,87.106,2008-08-29,19.7,81.9,205.9,343.2,49.8,2847.6,0.57,-0.866,-0.5
1,31.4551,78.1996,2013-06-16,84.5,121.6,152.3,152.3,84.5,3817.5,0.0,0.0,-1.0
1,34.7976,70.977,2016-04-11,7.1,16.7,28.0,108.7,7.9,1993.4,1.54,0.866,-0.5
1,29.5829,80.2182,2014-07-28,25.8,49.6,87.4,424.8,25.8,1463.1,1.33,-0.5,-0.866
1,23.7736,94.1201,2015-08-01,9.9,366.3,677.4,932.7,242.8,458.7,1.12,-0.866,-0.5
1,34.219,77.2665,2008-03-30,0.1,0.1,1.4,11.5,1.0,4532.6,0.18,1.0,0.0
1,28.6809,77.1958,2011-08-27,6.3,13.8,45.6,155.6,21.8,206.4,0.04,-0.866,-0.5
1,30.6509,79.0264,2010-08-20,19.2,206.0,256.2,387.0,176.9,2165.8,17.66,-0.866,-0.5
1,26.1028,91.8806,2015-08-22,30.5,116.3,289.2,400.3,78.5,400.0,0.0,-0.866,-0.5
1,33.3645,75.1999,2011-04-17,25.9,50.9,96.5,138.0,32.9,2359.8,0.0,0.866,-0.5
1,6.973059881,81.08551842,2011-04-19,31.6,41.3,65.1,102.6,31.6,399.5,0.0,0.866,-0.5
1,6.639631955,80.64175069,2011-05-01,2.9,7.4,39.1,177.0,9.3,316.9,0.46,0.5,-0.866
1,25.83762589,93.94633448,2017-06-25,16.6,37.6,67.8,267.6,18.0,504.5,4.39,0.0,-1.0
1,16.9648,73.5189,2007-06-25,40.3,248.9,458.1,612.6,137.6,400.7,0.83,0.0,-1.0
1,27.8519,85.5248,2014-09-25,8.4,20.7,96.2,189.9,50.4,2909.1,0.0,-1.0,-0.0
1,28.25,82.7311,2011-09-17,1.8,20.2,54.0,117.3,15.9,1919.1,1.83,-1.0,-0.0
1,32.8363,75.1489,2013-08-06,14.8,27.9,79.4,121.1,33.4,1224.3,0.0,-0.866,-0.5
1,34.8733,72.6625,2010-02-08,85.2,172.6,187.1,264.8,85.2,2115.6,0.44,0.866,0.5
1,19.34,73.7746,2016-07-10,52.0,113.0,173.8,328.1,52.0,575.9,0.02,-0.5,-0.866
1,32.3573,77.3052,2013-08-15,18.4,45.7,85.7,156.0,18.4,4872.7,0.0,-0.866,-0.5
1,31.1263,77.3525,2015-07-26,22.4,35.2,79.2,228.1,22.4,1887.5,2.73,-0.5,-0.866
1,31.0343,78.7248,2013-08-17,11.2,34.6,132.8,299.0,42.1,4043.1,0.0,-0.866,-0.5
1,32.737,74.876,2011-08-11,6.5,57.2,144.5,172.8,70.2,465.4,1.68,-0.866,-0.5
1,12.8747,74.9566,2015-07-14,18.4,32.7,93.3,118.3,21.6,163.0,0.0,-0.5,-0.866
1,33.6917,76.0412,2011-07-19,0.0,2.3,13.7,29.4,5.0,4207.6,1.13,-0.5,-0.866
1,11.404,76.6952,2015-09-06,22.4,68.5,79.3,84.8,26.3,784.6,0.0,-1.0,-0.0
1,26.9734,87.3412,2013-07-11,5.5,37.5,211.5,358.7,67.0,1047.2,0.0,-0.5,-0.866
1,12.8715,74.8862,2010-07-31,25.5,109.4,204.2,458.4,50.3,163.0,0.0,-0.5,-0.866
1,33.04965334,75.29048614,2016-03-26,14.5,17.8,23.4,156.4,14.5,1224.3,1.48,1.0,0.0
1,32.2241,76.3374,2015-07-31,25.7,66.7,157.8,300.3,40.9,1112.2,0.0,-0.5,-0.866
1,6.7374,80.9568,2015-04-20,40.6,64.3,193.1,326.3,65.7,168.9,1.05,0.866,-0.5
1,26.0838,94.564,2013-08-04,10.4,22.2,38.0,140.2,10.5,997.1,0.0,-0.866,-0.5
1,34.1481,77.6538,2010-08-06,13.7,23.4,27.6,38.7,13.7,4532.6,1.07,-0.866,-0.5
1,28.1778,83.7,2009-10-06,16.4,22.7,24.1,41.9,16.4,1230.0,0.0,-0.866,0.5
1,24.042,92.6724,2015-08-27,6.2,24.1,49.2,113.3,13.1,319.3,0.24,-0.866,-0.5
1,28.0667,83.25,2007-08-31,8.6,32.4,73.7,138.7,13.8,1167.6,0.0,-0.866,-0.5
1,30.2416,78.8996,2011-06-29,10.7,42.6,100.3,114.9,41.7,1266.2,5.38,0.0,-1.0
1,11.3484,76.7937,2008-02-13,2.6,9.4,40.5,49.6,13.5,784.6,0.0,0.866,0.5
1,6.99,81.0567,2014-12-26,37.1,166.8,516.9,611.9,165.2,399.5,0.0,-0.0,1.0
1,29.1265,81.2574,2011-07-02,10.1,67.8,138.7,238.2,51.0,1224.7,3.14,-0.5,-0.866
1,30.5004,79.3888,2010-09-04,38.9,161.7,327.6,467.6,70.1,3184.1,0.0,-1.0,-0.0
1,27.125,93.7145,2011-07-15,38.8,101.1,127.9,192.1,52.6,474.7,0.0,-0.5,-0.866
1,35.7972,73.3185,2010-07-29,35.1,90.1,92.2,114.2,42.2,4143.2,0.72,-0.5,-0.866
1,28.3537,82.6184,2014-08-12,3.8,24.2,83.3,179.7,25.5,1919.1,1.28,-0.866,-0.5
1,28.8254,96.1509,2013-04-07,0.5,32.3,80.6,201.0,31.1,3639.7,0.98,0.866,-0.5
1,33.2443135,75.22742083,2007-07-02,4.9,13.8,56.0,87.1,24.6,1224.3,0.0,-0.5,-0.866
1,31.0931,77.1675,2010-07-25,13.3,26.6,132.2,183.8,35.9,897.6,0.0,-0.5,-0.866
1,24.416,94.0984,2015-08-01,6.6,246.1,385.0,548.9,143.9,610.5,0.49,-0.866,-0.5
1,26.4205,94.9731,2013-08-30,8.7,23.6,96.3,181.6,27.1,1061.3,1.03,-0.866,-0.5
1,32.9148,75.0556,2014-09-06,74.3,252.4,283.9,289.4,99.0,1224.3,0.0,-1.0,-0.0
1,32.1002,76.2699,2012-08-24,14.6,29.5,311.8,363.1,131.5,1112.2,0.0,-0.866,-0.5
1,34.3591,73.4689,2012-08-23,1.8,19.9,25.7,53.0,15.0,2292.0,0.43,-0.866,-0.5
1,33.2418,75.242,2008-02-13,0.0,0.0,24.3,120.9,20.9,1224.3,0.0,0.866,0.5
1,19.9166,94.3761,2010-10-23,34.0,108.5,168.6,212.3,46.1,353.2,0.03,-0.866,0.5
1,32.4035,77.5796,2009-09-10,21.7,49.2,50.1,80.2,27.5,4872.7,0.9,-1.0,-0.0
1,6.8745,81.0455,2014-12-27,13.4,117.9,362.7,504.5,102.4,399.5,0.0,-0.0,1.0
1,31.0851,77.1665,2015-07-13,21.2,99.9,180.8,271.1,42.3,897.6,0.0,-0.5,-0.866
1,33.2359,75.244,2014-02-23,0.0,20.4,20.4,41.4,12.0,1224.3,0.0,0.866,0.5
1,27.8664,83.1036,2013-08-08,12.6,28.4,65.7,194.5,19.0,1167.6,1.0,-0.866,-0.5
1,29.2675,80.9499,2010-07-17,10.5,29.2,131.2,238.6,40.9,2530.8,2.85,-0.5,-0.866
1,25.4786,94.1327,2010-08-27,17.5,27.6,60.5,151.4,17.5,1356.6,0.0,-0.866,-0.5
1,16.5175,80.6117,2013-10-25,34.0,68.8,96.6,98.1,34.0,45.4,0.0,-0.866,0.5
1,27.4885,88.4451,2011-06-17,71.2,109.4,135.5,248.8,71.2,3239.6,0.0,0.0,-1.0
1,34.2116,77.3504,2010-08-06,10.7,15.5,17.8,25.0,10.7,4532.6,0.05,-0.866,-0.5
1,25.8782,94.1739,2011-07-01,11.1,64.3,134.2,227.8,38.5,997.1,2.19,-0.5,-0.866
1,27.1695,88.3664,2016-10-15,2.1,108.6,247.4,320.6,90.1,1313.5,0.55,-0.866,0.5
1,29.2777,80.9871,2014-07-20,30.6,144.4,216.2,376.4,65.0,2530.8,2.7,-0.5,-0.866
1,28.2798,83.8494,2015-07-30,102.1,170.5,208.5,263.6,102.1,3042.5,0.0,-0.5,-0.866
1,26.9149,87.3372,2013-09-06,2.6,38.9,126.5,244.0,35.6,1047.2,1.4,-1.0,-0.0
1,27.859,83.6014,2013-07-22,7.5,21.0,134.4,325.7,53.2,1230.0,2.18,-0.5,-0.866
1,27.5905,87.7955,2015-06-10,36.7,75.4,116.5,249.4,36.7,2650.4,1.13,0.0,-1.0
1,31.5593,77.9277,2014-08-26,0.1,1.4,11.6,50.9,4.1,3817.5,1.91,-0.866,-0.5
1,28.678,84.2297,2016-04-18,11.1,20.4,48.9,78.6,16.2,3516.1,1.75,0.866,-0.5
1,25.0318,92.4584,2015-03-19,0.0,0.0,0.1,0.1,0.1,255.5,0.59,1.0,0.0
1,30.383,78.5094,2010-02-23,7.4,10.5,10.5,50.2,7.4,2165.8,4.94,0.866,0.5
1,32.219,78.072,2010-07-07,2.3,60.6,61.1,63.8,40.1,4677.4,3.18,-0.5,-0.866
1,27.7395,83.5753,2011-07-01,59.3,211.2,247.6,315.1,98.7,280.2,9.0,-0.5,-0.866
1,27.9333,83.653,2010-09-04,7.2,31.4,102.4,746.7,22.3,1230.0,0.0,-1.0,-0.0
1,30.5568,79.5541,2015-04-30,2.3,8.9,28.5,64.6,8.6,3184.1,0.0,0.866,-0.5
1,28.611,94.9829,2013-09-02,44.6,90.9,151.1,206.5,44.6,1472.0,1.03,-1.0,-0.0
1,23.5397,93.3783,2016-07-28,4.7,30.3,59.9,100.9,15.8,943.9,0.15,-0.5,-0.866
1,32.9295,75.1432,2012-09-15,3.5,10.8,40.3,123.9,13.1,1224.3,0.0,-1.0,-0.0
1,36.2665,74.6006,2014-09-11,1.3,4.5,20.7,60.3,6.3,4210.9,1.4,-1.0,-0.0
1,26.1049,91.7369,2012-06-25,42.1,150.6,385.2,431.2,65.4,400.0,0.0,0.0,-1.0
1,26.9599,88.268,2009-08-16,42.0,121.7,243.6,407.8,49.9,1313.5,0.0,-0.866,-0.5
1,34.5474,73.3455,2016-10-01,0.0,0.4,3.4,16.4,1.5,1513.9,1.59,-0.866,0.5
1,30.4054,79.3426,2010-07-29,5.9,23.2,78.8,442.7,23.4,3184.1,0.0,-0.5,-0.866
1,32.3712,77.2466,2008-06-18,3.5,22.2,45.8,82.6,11.4,4872.7,0.0,0.0,-1.0
1,28.8254,96.1517,2012-06-02,31.4,51.4,61.0,76.7,31.4,3639.7,0.98,0.0,-1.0
1,27.36,93.0385,2015-07-15,52.8,142.2,211.3,402.5,66.8,1755.0,2.05,-0.5,-0.866
1,30.1977,77.9137,2010-09-19,57.4,152.6,210.5,390.5,88.5,564.8,2.87,-1.0,-0.0
1,33.1213,75.2449,2015-03-05,15.0,21.3,130.2,274.8,54.6,1224.3,1.49,1.0,0.0
1,28.6881,81.6309,2014-07-27,17.9,38.8,103.6,305.2,21.1,1118.7,1.85,-0.5,-0.866
1,29.378,81.3559,2013-06-27,7.1,30.5,75.7,414.0,20.5,2530.8,0.0,0.0,-1.0
1,26.1309,91.8383,2013-10-06,22.4,47.5,64.0,134.7,22.4,400.0,0.0,-0.866,0.5
1,35.8026,74.9832,2014-01-06,0.0,1.9,1.9,1.9,1.9,4203.5,0.82,0.5,0.866
1,27.7786,85.3867,2015-06-13,12.5,69.8,73.6,79.5,30.1,2909.1,8.1,0.0,-1.0
1,27.1418,87.7788,2013-06-15,14.2,17.9,36.2,97.9,14.2,1047.2,3.9,0.0,-1.0
1,27.6019,85.225,2016-07-25,46.5,90.3,176.5,329.9,46.5,776.6,1.3,-0.5,-0.866
1,28.3036,95.4112,2010-09-09,49.7,114.1,547.2,707.6,170.9,1961.6,1.57,-1.0,-0.0
1,35.7275,71.7095,2015-02-25,14.5,108.0,146.2,180.1,68.6,2921.8,0.99,0.866,0.5
1,15.323,73.974,2008-09-10,64.7,127.7,154.4,188.6,64.7,76.2,0.07,-1.0,-0.0
1,25.1555,93.8474,2011-05-31,58.2,167.6,196.6,370.2,85.4,952.6,0.02,0.5,-0.866
1,28.2717,83.5906,2013-06-06,21.9,32.5,56.1,269.3,21.9,3042.5,0.0,0.0,-1.0
1,29.1657,81.5631,2011-08-14,33.4,60.9,151.7,269.1,33.4,2298.8,0.0,-0.866,-0.5
1,9.5527,76.9299,2012-08-17,40.6,71.3,119.6,213.5,40.6,420.1,0.0,-0.866,-0.5
1,35.3544,73.0208,2007-07-07,8.4,15.5,31.6,117.3,8.5,3200.0,0.0,-0.5,-0.866
1,30.6639,78.0574,2013-08-18,14.0,28.8,96.8,241.1,30.1,1403.9,1.1,-0.866,-0.5
1,25.2745,94.0212,2010-10-08,32.8,72.5,84.7,160.9,32.8,934.6,3.99,-0.866,0.5
1,25.0888,92.8551,2011-05-24,16.3,91.4,209.5,293.2,56.1,467.1,0.55,0.5,-0.866
1,27.404,87.065,2012-08-21,17.4,34.5,53.8,114.4,17.4,2847.6,0.65,-0.866,-0.5
1,27.3392,88.6188,2010-08-27,33.8,79.6,395.9,932.2,105.5,3239.6,0.0,-0.866,-0.5
1,36.1512,73.7448,2012-03-20,11.1,48.4,67.3,97.1,22.5,3724.9,0.36,1.0,0.0
1,17.4655,78.4606,2016-10-17,0.0,0.0,0.3,31.4,0.3,494.6,0.05,-0.866,0.5
1,30.3069,78.0169,2013-06-17,66.9,196.8,231.5,267.8,100.7,1403.9,4.15,0.0,-1.0
1,27.4191,87.2714,2012-10-01,18.9,30.6,34.6,243.4,18.9,2650.4,0.64,-0.866,0.5
1,26.048,91.8695,2015-09-05,3.4,95.7,465.4,688.2,160.6,400.0,0.0,-1.0,-0.0
1,24.3599,85.6179,2013-07-27,18.1,35.2,41.5,87.3,18.1,284.2,0.15,-0.5,-0.866
1,21.47819035,91.96737514,2015-09-01,65.6,105.7,122.7,307.7,65.6,16.7,0.0,-1.0,-0.0
1,23.3439,93.0748,2010-09-13,18.4,38.5,59.9,95.2,18.4,943.9,0.48,-1.0,-0.0
1,28.5266,83.2765,2015-07-30,35.7,66.2,99.0,208.4,35.7,2863.4,0.36,-0.5,-0.866
1,29.5194,80.469,2011-07-21,15.1,144.3,267.8,402.7,102.7,1805.5,0.0,-0.5,-0.866
1,27.7948,84.8566,2010-09-18,27.0,161.0,287.8,394.1,101.4,1948.3,1.32,-1.0,-0.0
1,28.2974,83.8,2015-06-18,3.7,14.9,59.7,85.5,24.4,3042.5,0.0,0.0,-1.0
1,30.638,78.3297,2010-07-06,27.4,58.8,89.2,118.6,27.4,1403.9,0.0,-0.5,-0.866
1,26.7103,94.693,2013-08-11,22.5,56.7,109.6,208.6,29.3,1061.3,1.89,-0.866,-0.5
1,27.1979,87.0809,2016-07-24,115.7,250.4,480.8,668.6,115.7,919.5,4.35,-0.5,-0.866
1,12.8806,75.0327,2010-11-11,12.6,30.9,83.4,131.0,23.6,163.0,0.0,-0.5,0.866
1,31.0164,77.0991,2014-10-15,3.9,12.8,12.8,29.2,8.7,897.6,0.0,-0.866,0.5
1,29.2611,81.1833,2009-10-06,61.0,121.3,124.2,136.9,61.0,2530.8,3.04,-0.866,0.5
1,6.9565,81.0243,2011-02-01,79.7,107.9,144.9,155.2,79.7,399.5,0.0,0.866,0.5
1,27.3543,88.6428,2010-05-31,2.9,15.6,61.4,189.6,21.5,3239.6,0.0,0.5,-0.866
1,24.7679,93.4108,2010-10-08,36.1,79.3,96.8,174.8,36.1,467.1,2.57,-0.866,0.5
1,33.2257,75.6695,2011-03-03,29.6,80.3,124.0,167.4,38.4,2027.2,4.11,1.0,0.0
1,20.7916,97.0484,2014-06-15,2.7,13.7,27.2,63.5,10.6,1177.1,0.05,0.0,-1.0
1,33.2599,75.8886,2011-04-17,15.4,30.3,73.7,153.0,39.3,2942.3,36.38,0.866,-0.5
1,27.7366,85.3305,2013-05-31,38.4,109.4,165.2,233.3,57.2,1269.4,8.08,0.5,-0.866
1,27.8173,83.4644,2011-07-03,12.9,87.0,259.0,327.9,98.7,1230.0,7.13,-0.5,-0.866
1,27.8027,85.9149,2016-06-07,5.4,22.8,46.5,112.9,11.4,2909.1,5.49,0.0,-1.0
1,34.0123,77.9988,2012-07-07,0.5,1.0,1.0,15.9,0.5,4953.0,0.47,-0.5,-0.866
1,30.0261,78.6278,2015-06-21,12.5,42.2,48.2,52.5,19.1,1266.2,1.28,0.0,-1.0
1,19.2677,73.0618,2014-09-02,38.4,258.4,350.2,440.1,126.7,125.7,0.15,-1.0,-0.0
1,29.7036,78.5658,2009-09-01,7.4,18.0,34.5,49.1,7.4,516.7,0.87,-1.0,-0.0
1,27.9604,84.2231,2011-08-14,59.6,89.0,104.8,323.9,59.6,1265.4,0.0,-0.866,-0.5
1,33.798,74.2562,2014-09-04,144.8,222.4,225.6,231.7,144.8,2235.4,1.55,-1.0,-0.0
1,33.2477,75.1919,2011-03-01,1.7,11.8,64.6,86.3,18.4,1224.3,25.38,1.0,0.0
1,30.5345,79.0853,2013-10-16,0.0,0.7,11.4,27.1,6.4,3184.1,3.41,-0.866,0.5
1,35.4784,72.5894,2015-10-27,0.0,40.3,53.4,103.8,25.7,3624.5,0.97,-0.866,0.5
1,27.9706,83.397,2013-07-22,13.3,33.3,187.7,383.6,57.1,1167.6,0.16,-0.5,-0.866
1,25.72,94.6219,2015-08-02,7.1,41.0,68.6,299.5,28.5,1356.6,0.79,-0.866,-0.5
1,30.6539,78.3366,2013-07-26,4.3,19.4,94.6,180.2,23.0,1403.9,0.0,-0.5,-0.866
1,26.0101,94.5282,2016-07-26,1.5,76.4,112.3,191.6,47.1,997.1,0.0,-0.5,-0.866
1,25.6566,96.3495,2016-07-12,24.0,44.7,84.9,328.4,24.0,409.0,0.0,-0.5,-0.866
1,30.4605,79.4774,2013-07-24,10.7,67.1,181.5,379.1,40.2,3184.1,0.0,-0.5,-0.866
1,19.029,73.311,2015-06-22,13.1,101.1,163.4,302.0,46.9,97.2,1.08,0.0,-1.0
1,27.9582,84.2726,2009-07-31,33.2,96.7,541.4,604.1,304.2,1265.4,0.0,-0.5,-0.866
1,33.623,72.9793,2010-08-14,9.7,22.0,25.3,60.9,10.8,543.8,0.65,-0.866,-0.5
1,28.1855,83.6527,2016-07-27,19.1,241.5,392.4,614.1,160.8,1230.0,7.61,-0.5,-0.866
1,28.758,77.15,2013-05-26,0.0,0.0,0.0,0.3,0.0,222.2,0.04,0.5,-0.866
1,12.9455,75.7797,2015-07-08,6.8,13.5,26.5,127.1,6.8,667.2,0.29,-0.5,-0.866
1,32.7334,77.5914,2007-08-12,4.5,11.7,14.3,19.8,6.6,4872.7,0.17,-0.866,-0.5
1,27.1722,87.0479,2011-07-03,107.5,158.2,373.6,625.1,107.5,919.5,2.85,-0.5,-0.866
1,34.3932,73.4538,2008-01-06,8.0,20.1,20.1,20.1,9.3,2292.0,4.22,0.5,0.866
1,30.3351,78.5113,2016-07-16,76.8,141.1,166.0,326.7,76.8,2165.8,3.15,-0.5,-0.866
1,27.0875,88.4572,2007-09-20,0.0,3.0,28.7,423.9,10.4,1212.3,0.73,-1.0,-0.0
1,25.682,94.1076,2010-10-09,13.3,61.5,99.5,164.0,27.5,1356.6,0.0,-0.866,0.5
1,27.6746,83.7533,2013-07-19,25.3,110.2,165.6,406.1,63.8,280.2,2.18,-0.5,-0.866
1,28.172,85.0852,2015-06-25,4.0,27.3,70.5,397.9,13.3,1948.3,4.43,0.0,-1.0
1,34.5255,73.3447,2016-07-16,9.8,21.8,42.2,89.2,9.8,1513.9,1.67,-0.5,-0.866
1,6.973070057,81.08552027,2011-02-14,0.7,0.7,32.4,356.9,20.7,399.5,0.0,0.866,0.5
1,7.033,81.0673,2011-02-07,24.4,76.9,306.7,378.2,79.7,399.5,0.0,0.866,0.5
1,27.7757,85.9614,2013-09-09,2.5,17.9,52.4,226.0,13.0,4098.7,0.0,-1.0,-0.0
1,27.0524,90.4997,2009-10-06,22.6,40.8,42.4,73.2,22.6,1332.6,2.05,-0.866,0.5
1,31.673,76.5338,2013-07-14,1.0,4.7,30.1,106.4,22.5,485.5,1.02,-0.5,-0.866
1,31.09907494,77.1723589,2010-06-09,8.9,139.2,140.9,176.7,100.7,897.6,0.0,0.0,-1.0
1,22.202,92.2217,2015-02-08,0.0,0.0,0.0,0.0,0.0,276.0,0.4,0.866,0.5
1,26.8599,89.3943,2010-07-21,175.4,341.0,498.4,1118.0,175.4,1784.5,0.0,-0.5,-0.866
1,24.9016,91.8771,2015-06-11,95.5,181.9,277.0,482.4,95.5,103.5,0.0,0.0,-1.0
1,28.6572,82.2345,2011-08-31,8.2,29.3,42.6,123.5,15.4,1919.1,1.62,-0.866,-0.5
1,17.3895,78.499,2007-08-13,0.0,10.2,16.2,75.6,5.4,494.6,0.05,-0.866,-0.5
1,20.9383,92.2195,2015-07-27,68.0,318.6,444.2,614.5,136.8,82.8,0.14,-0.5,-0.866
1,27.8143,85.8315,2010-09-06,48.6,69.0,134.3,298.0,48.6,2909.1,0.0,-1.0,-0.0
1,28.2064,85.575,2015-04-25,4.1,7.4,10.6,54.3,4.1,2909.1,9.56,0.866,-0.5
1,30.7292,78.4396,2013-08-17,11.2,34.6,132.8,299.0,42.1,2165.8,63.02,-0.866,-0.5
1,25.2193,90.5549,2015-08-19,52.3,144.9,205.2,267.8,52.3,58.1,0.78,-0.866,-0.5
1,27.5748,91.8644,2016-07-28,8.2,37.9,210.7,448.6,44.4,3174.7,0.0,-0.5,-0.866
1,21.44,92.0,2008-07-03,54.5,123.4,281.1,370.2,55.5,16.7,0.0,-0.5,-0.866
1,27.6,87.24,2008-07-22,142.9,206.6,273.6,507.2,142.9,2650.4,2.03,-0.5,-0.866
1,27.0971,90.4032,2007-09-10,48.8,100.0,503.2,693.1,160.1,1332.6,2.02,-1.0,-0.0
1,27.7908,84.4783,2015-04-28,14.6,20.6,42.7,58.9,14.6,1265.4,0.0,0.866,-0.5
1,29.2385,81.7285,2011-08-14,23.4,50.9,117.3,201.0,23.4,2298.8,0.0,-0.866,-0.5
1,14.7812,74.499,2009-10-02,31.8,139.3,182.9,290.0,55.3,302.4,0.14,-0.866,0.5
1,28.0276,83.3164,2010-08-19,10.3,74.3,137.2,229.9,47.7,1167.6,0.0,-0.866,-0.5
1,25.318,94.0441,2013-08-09,5.9,21.6,107.2,162.8,61.7,934.6,3.92,-0.866,-0.5
1,28.0081,84.6476,2014-08-15,32.1,261.7,347.7,552.8,185.4,1265.4,0.71,-0.866,-0.5
1,29.3038,80.6581,2016-06-04,3.7,13.1,61.3,143.7,28.8,1805.5,2.56,0.0,-1.0
1,31.5596,77.1679,2013-07-07,31.3,140.5,163.4,250.7,85.4,1262.6,3.08,-0.5,-0.866
1,33.5791,73.0868,2013-06-30,3.2,12.4,33.7,33.9,11.0,543.8,0.74,0.0,-1.0
1,24.7016,93.5291,2015-08-11,11.8,27.0,98.3,265.9,38.3,869.2,2.82,-0.866,-0.5
1,7.6192,80.6405,2011-02-07,17.8,75.7,477.1,554.0,169.5,296.6,0.0,0.866,0.5
1,28.4197,83.1421,2010-07-16,35.5,56.8,108.7,224.6,35.5,2863.4,0.0,-0.5,-0.866
1,34.6861,73.1879,2008-04-05,59.1,69.1,70.5,73.4,59.1,1513.9,2.14,0.866,-0.5
1,23.9304,88.2374,2007-07-21,30.0,70.3,139.6,169.3,30.0,24.8,0.01,-0.5,-0.866
1,28.2719,83.7405,2011-08-19,22.4,154.0,285.3,591.0,79.4,3042.5,8.01,-0.866,-0.5
1,33.2424,75.2381,2012-02-04,35.8,41.7,41.7,47.7,35.8,1224.3,0.0,0.866,0.5
1,22.3521,91.8151,2013-07-28,60.2,163.0,192.4,211.8,60.2,34.4,0.0,-0.5,-0.866
1,30.3214,78.0319,2011-07-06,17.7,29.8,41.3,264.2,17.7,1403.9,3.8,-0.5,-0.866
1,32.9041,75.0911,2016-08-07,19.3,47.1,102.1,160.7,36.3,1224.3,0.0,-0.866,-0.5
1,30.1944,79.1939,2013-07-23,13.2,53.5,144.4,238.1,49.9,1871.8,0.0,-0.5,-0.866
1,31.7756,76.9876,2015-08-13,17.3,87.9,295.4,547.0,121.2,2281.7,7.31,-0.866,-0.5
1,30.6935,77.4266,2016-07-26,55.7,61.3,91.6,224.8,55.7,833.0,1.49,-0.5,-0.866
1,26.9318,87.3201,2013-09-06,2.6,38.9,126.5,244.0,35.6,1047.2,1.41,-1.0,-0.0
1,25.0633,92.8025,2010-06-16,16.0,67.0,116.2,578.6,37.5,255.5,0.29,0.0,-1.0
1,25.6703,94.1095,2011-07-11,19.3,25.8,52.5,238.5,19.3,1356.6,0.0,-0.5,-0.866
1,36.4628,74.6191,2010-10-07,0.0,0.0,0.0,27.2,0.0,4210.9,1.5,-0.866,0.5
1,34.1577,73.8257,2015-04-14,0.0,0.0,0.0,101.7,0.0,1715.2,0.0,0.866,-0.5
1,11.344,76.8691,2013-11-24,5.5,7.9,21.4,82.9,6.5,784.6,0.0,-0.5,0.866
1,10.4497,77.5206,2011-10-15,27.3,51.8,70.3,76.6,27.3,517.1,0.68,-0.866,0.5
1,30.4876,78.0366,2012-08-05,5.4,84.7,133.1,212.8,64.4,1403.9,0.0,-0.866,-0.5
1,29.2027,80.5307,2011-08-16,22.1,104.2,167.7,289.9,44.6,869.2,2.59,-0.866,-0.5
1,32.5612,76.1238,2015-03-10,0.0,29.9,64.4,259.0,29.6,2350.5,4.38,1.0,0.0
1,28.3131,84.9895,2016-09-28,4.3,15.4,43.4,163.6,9.9,4097.4,5.76,-1.0,-0.0
1,22.0,92.3333,2010-06-15,71.5,222.7,247.9,281.6,99.1,276.0,0.13,0.0,-1.0
1,29.5987,79.6592,2013-06-17,144.5,350.2,414.0,526.8,169.8,1085.6,0.72,0.0,-1.0
1,26.8692,88.4695,2016-10-12,87.0,192.1,249.9,268.8,91.2,1212.3,0.0,-0.866,0.5
1,29.2,81.7,2008-08-27,7.2,15.1,43.1,147.8,11.0,2298.8,0.0,-0.866,-0.5
1,29.6042,79.5343,2010-09-18,92.5,210.0,286.1,446.8,105.3,1085.6,0.0,-1.0,-0.0
1,27.7713,86.166,2013-07-22,47.2,130.4,246.7,603.0,53.4,4098.7,7.7,-0.5,-0.866
1,27.7759,85.8701,2016-10-01,8.5,25.8,64.8,174.2,21.4,2909.1,0.0,-0.866,0.5
1,26.8042,88.125,2009-08-19,21.3,90.3,237.2,424.6,58.6,1313.5,0.0,-0.866,-0.5
1,6.8334,80.9933,2011-02-11,1.3,29.6,83.1,278.4,23.8,399.5,1.04,0.866,0.5
1,31.0655,77.1325,2010-07-31,8.5,35.1,114.1,251.8,33.2,897.6,0.0,-0.5,-0.866
1,8.742,76.8902,2009-09-12,0.0,0.9,61.4,175.4,29.1,86.2,0.19,-1.0,-0.0
1,10.0011,76.7416,2012-08-17,36.2,56.3,116.5,194.0,36.2,711.2,0.0,-0.866,-0.5
1,22.3507,91.8147,2015-07-19,20.8,111.8,157.6,301.6,49.4,34.4,0.0,-0.5,-0.866
1,12.845,75.66,2008-08-12,40.8,146.6,237.3,343.4,65.3,667.2,0.51,-0.866,-0.5
1,32.6188,75.3504,2011-08-27,7.5,17.9,44.3,77.0,17.0,1054.2,1.22,-0.866,-0.5
1,33.519,70.8242,2016-07-26,4.6,7.4,19.0,97.5,5.8,1263.4,0.69,-0.5,-0.866
1,27.7592,82.6335,2010-08-19,6.0,39.8,66.9,124.5,18.3,790.0,0.75,-0.866,-0.5
1,26.8826,88.2806,2015-07-07,2.0,51.3,137.2,262.5,31.3,1313.5,0.0,-0.5,-0.866
1,27.0674,89.5615,2010-07-22,65.6,356.8,657.5,1202.6,172.5,1784.5,0.33,-0.5,-0.866
1,30.6293,78.3303,2013-08-19,13.3,36.6,105.6,278.9,33.3,1403.9,0.0,-0.866,-0.5
1,25.705,94.04,2008-08-07,9.5,52.2,145.8,282.5,32.6,934.6,3.67,-0.866,-0.5
1,26.3186,94.5121,2011-06-20,15.1,61.6,133.6,308.3,41.2,482.6,2.2,0.0,-1.0
1,15.15,74.11,2008-08-09,90.9,201.2,314.0,669.6,90.9,302.4,0.73,-0.866,-0.5
1,28.0877,83.0971,2007-08-24,7.0,27.7,51.6,359.7,17.3,1167.6,0.0,-0.866,-0.5
1,27.26132994,86.77220558,2011-07-03,128.6,192.7,374.2,635.2,128.6,2847.6,5.9,-0.5,-0.866
1,25.1122,94.3591,2015-08-01,4.1,103.7,196.1,296.5,50.8,1130.0,0.0,-0.866,-0.5
1,27.2319,88.497,2010-08-26,11.9,101.1,338.8,678.5,102.1,1212.3,0.0,-0.866,-0.5
1,32.2934,77.1803,2015-04-03,19.3,63.9,104.4,106.0,32.3,3934.9,9.58,0.866,-0.5
1,33.1517,75.5464,2008-01-06,14.0,29.3,29.3,29.3,15.3,2027.2,0.0,0.5,0.866
1,29.428,81.28,2008-08-06,6.4,33.5,95.1,198.2,28.1,2530.8,0.0,-0.866,-0.5
1,33.577,74.1872,2011-02-13,37.6,47.6,99.9,137.9,52.3,1724.3,1.39,0.866,0.5
1,26.7215,95.0283,2010-07-19,62.0,113.7,188.8,271.6,62.0,1061.3,0.76,-0.5,-0.866
1,26.8988,87.2773,2013-09-06,2.6,38.9,126.5,244.0,35.6,1047.2,1.45,-1.0,-0.0
1,30.3846,78.8371,2010-08-20,16.2,179.0,213.4,325.8,140.5,2165.8,16.78,-0.866,-0.5
1,22.1909,92.2135,2015-08-21,7.6,83.0,125.5,218.1,38.5,276.0,0.4,-0.866,-0.5
1,27.2872,88.2816,2007-09-18,3.0,12.2,44.5,490.4,10.4,3524.1,6.62,-1.0,-0.0
1,30.5589,77.2889,2010-07-25,8.9,14.1,88.0,139.5,33.7,833.0,0.64,-0.5,-0.866
1,29.7415,81.2467,2010-12-30,10.3,10.4,10.4,10.8,10.3,2530.8,2.11,-0.0,1.0
1,30.4238,79.6724,2010-08-22,11.6,52.2,150.0,291.4,58.6,3184.1,2.33,-0.866,-0.5
1,23.7365,92.7146,2010-08-06,17.9,61.9,118.5,245.4,29.2,432.1,0.0,-0.866,-0.5
1,27.0502,89.9442,2010-07-21,164.9,413.5,602.0,1286.3,164.9,1606.5,0.33,-0.5,-0.866
1,23.7705,92.5217,2012-11-11,0.0,0.0,32.2,45.2,15.5,319.3,1.8,-0.5,0.866
1,19.336,73.7793,2016-07-03,28.0,77.6,148.5,291.4,29.0,575.9,0.02,-0.5,-0.866
1,33.3307,75.1772,2011-02-24,12.0,30.4,40.4,131.4,18.4,2359.8,0.0,0.866,0.5
1,29.5442,81.6254,2014-06-07,0.1,0.4,3.1,29.6,1.3,2890.9,0.76,0.0,-1.0
1,34.141,74.6568,2015-06-25,3.2,35.2,37.8,42.4,26.4,2235.4,1.01,0.0,-1.0
1,28.1952,83.6099,2007-07-05,3.9,15.1,43.5,144.2,12.5,1230.0,10.48,-0.5,-0.866
1,31.5168,78.0976,2013-06-15,21.8,64.2,98.1,104.3,21.8,3817.5,0.0,0.0,-1.0
1,30.135,78.3896,2010-09-03,52.9,86.6,116.0,243.4,52.9,564.8,1.21,-1.0,-0.0
1,27.7185,83.47,2015-08-08,3.9,21.7,56.6,186.6,25.2,280.2,11.86,-0.866,-0.5
1,26.1498,94.6055,2013-08-04,15.0,32.1,71.1,232.7,23.0,997.1,1.44,-0.866,-0.5
1,30.75402442,79.49970189,2010-09-17,50.3,57.7,84.4,268.8,50.3,4872.3,9.04,-1.0,-0.0
1,27.3144,89.545,2009-10-15,0.0,0.0,7.8,253.0,7.5,3436.9,2.31,-0.866,0.5
1,27.9411,85.6838,2014-07-13,15.8,65.5,123.1,254.1,28.0,2909.1,0.0,-0.5,-0.866
1,27.7009,86.726,2016-07-07,22.7,68.9,164.1,521.1,33.2,2847.6,1.0,-0.5,-0.866
1,33.2483,75.2131,2016-08-07,17.1,24.4,53.8,90.5,17.1,1224.3,29.21,-0.866,-0.5
1,26.9015,88.4719,2016-07-21,98.2,243.7,521.8,609.6,124.4,1212.3,1.84,-0.5,-0.866
1,28.7014,82.6513,2011-08-03,51.0,72.0,137.1,381.2,51.0,1919.1,2.41,-0.866,-0.5
1,33.0271,75.0018,2011-08-07,7.4,19.4,45.0,133.9,11.6,1224.3,0.0,-0.866,-0.5
1,6.9315,81.1752,2011-02-11,0.2,29.7,104.8,409.1,33.8,399.5,0.0,0.866,0.5
1,26.8836,88.2791,2009-05-26,156.1,213.4,278.5,329.6,156.1,1313.5,0.0,0.5,-0.866
1,29.5798,80.2123,2012-03-04,0.0,0.0,7.4,9.2,7.0,1463.1,1.34,1.0,0.0
1,28.61209203,81.64645269,2014-08-16,18.4,82.9,133.5,293.0,47.6,1118.7,1.96,-0.866,-0.5
1,26.148,94.8422,2010-08-14,19.4,39.5,71.2,216.1,19.9,1466.6,2.38,-0.866,-0.5
1,29.8825,81.2603,2016-07-29,6.4,17.5,43.7,131.4,11.0,4287.8,1.2,-0.5,-0.866
1,27.3258,86.087,2007-09-03,4.7,42.4,119.5,185.4,32.1,2153.1,2.28,-1.0,-0.0
1,15.9517,73.9958,2010-07-30,76.3,172.3,500.8,954.3,99.4,188.0,0.51,-0.5,-0.866
1,22.3421,91.8242,2008-08-18,20.6,74.0,146.6,260.6,31.3,34.4,0.0,-0.866,-0.5
1,19.1287,72.8889,2010-07-31,29.0,68.9,139.6,390.6,29.0,97.2,0.0,-0.5,-0.866
1,27.0087,88.443,2015-06-17,18.4,40.3,98.3,161.6,21.9,1212.3,1.62,0.0,-1.0
1,24.896,91.9022,2008-08-01,17.5,41.9,115.7,334.7,21.6,103.5,0.0,-0.866,-0.5
1,31.5494,76.9001,2009-09-09,52.1,55.6,82.3,183.5,52.1,1262.6,0.0,-1.0,-0.0
1,25.5144,90.2167,2011-08-16,73.4,104.6,187.9,345.2,73.4,150.3,0.35,-0.866,-0.5
1,35.1807,76.0557,2015-07-24,0.0,0.0,19.3,46.7,8.9,4039.8,1.87,-0.5,-0.866
1,12.8659,74.8852,2015-04-22,10.1,31.4,46.9,85.2,16.7,163.0,0.0,0.866,-0.5
1,29.3987,79.4841,2010-09-20,5.8,127.2,292.1,452.2,105.3,1085.6,0.72,-1.0,-0.0
1,29.48,80.94,2009-12-23,0.0,0.0,0.0,0.8,0.0,2530.8,1.49,-0.0,1.0
1,30.9111,78.6814,2015-08-15,5.1,32.0,94.0,239.8,21.6,4043.1,0.0,-0.866,-0.5
1,25.606,96.275,2008-07-30,11.3,34.4,107.8,316.6,25.4,409.0,0.0,-0.5,-0.866
1,31.71456806,77.02239366,2011-08-07,18.9,40.1,61.4,200.4,18.9,1262.6,7.02,-0.866,-0.5
1,27.3027,86.5079,2016-07-29,9.9,41.4,334.0,736.9,113.2,2153.1,3.73,-0.5,-0.866
1,27.5964,85.1114,2007-09-07,2.4,132.1,201.7,271.1,96.1,776.6,0.0,-1.0,-0.0
1,28.4505,83.342,2013-09-03,63.9,121.9,154.8,238.3,63.9,2863.4,0.32,-1.0,-0.0
1,21.7684,92.3783,2012-06-24,89.5,125.7,181.0,282.9,89.5,276.0,0.25,0.0,-1.0
1,29.9862,78.6115,2010-07-20,126.3,199.2,228.0,311.7,126.3,1266.2,1.2,-0.5,-0.866
1,11.405,76.0376,2012-07-22,18.4,46.4,70.9,181.7,18.4,673.2,0.59,-0.5,-0.866
1,33.9548314,74.79428356,2015-03-28,26.2,26.2,38.0,98.7,26.2,2630.7,0.64,1.0,0.0
1,25.52,91.27,2007-09-11,7.9,36.9,360.9,519.8,115.4,1021.1,0.31,-1.0,-0.0
1,22.3605,91.8236,2015-09-27,0.0,0.2,125.4,182.6,56.2,34.4,0.0,-1.0,-0.0
1,26.7969,89.591,2008-06-07,25.2,48.1,177.7,207.8,66.7,1784.5,0.46,0.0,-1.0
1,21.3354,95.0827,2011-10-20,0.6,53.6,106.2,122.7,37.6,181.4,0.1,-0.866,0.5
1,11.4046,76.6953,2007-10-26,11.0,40.2,106.4,161.2,30.3,784.6,0.0,-0.866,0.5
1,26.1964,91.7652,2014-06-28,4.7,38.0,113.7,288.5,45.1,400.0,0.0,0.0,-1.0
1,34.0886,74.0301,2015-04-03,18.4,87.0,172.6,178.7,45.0,1715.2,0.0,0.866,-0.5
1,30.4091,79.0579,2013-06-24,18.5,26.8,27.7,368.4,18.5,2165.8,2.75,0.0,-1.0
1,26.8772,87.3215,2016-10-13,2.8,10.1,62.0,106.4,16.0,1047.2,1.41,-0.866,0.5
1,31.7017,76.973,2013-07-07,56.3,185.0,201.0,274.3,95.1,1262.6,0.0,-0.5,-0.866
1,22.3913,91.8177,2015-07-19,20.8,111.8,157.6,301.6,49.4,34.4,0.0,-0.5,-0.866
1,31.645,78.4354,2010-07-07,1.0,40.4,43.2,45.5,20.3,3817.5,1.09,-0.5,-0.866
1,27.0678,88.456,2015-07-01,13.2,54.6,103.4,200.8,30.1,1212.3,0.97,-0.5,-0.866
1,27.06826195,88.28121204,2007-09-05,94.1,171.3,230.5,300.5,94.1,1313.5,0.0,-1.0,-0.0
1,34.09,74.0256,2010-05-25,0.0,3.1,7.8,53.3,4.0,1715.2,0.0,0.5,-0.866
1,15.3956,74.0113,2015-08-05,17.3,31.2,72.4,262.1,19.0,76.2,0.76,-0.866,-0.5
1,30.0134,79.9261,2010-08-18,84.2,147.1,209.3,407.5,84.2,2347.7,0.47,-0.866,-0.5
1,24.4265,94.1913,2015-08-01,6.8,208.1,439.2,593.6,114.9,610.5,0.53,-0.866,-0.5
1,28.3594,82.1279,2011-08-22,4.4,15.9,65.2,164.0,14.9,1118.7,3.03,-0.866,-0.5
1,29.0508,81.3,2013-06-17,239.2,314.2,315.2,367.7,239.2,1224.7,2.25,0.0,-1.0
1,9.835,76.8661,2013-08-07,3.1,98.7,240.3,321.2,96.1,711.2,0.9,-0.866,-0.5
1,31.563,77.9796,2010-09-19,48.7,77.4,152.6,248.1,64.8,3817.5,0.0,-1.0,-0.0
1,27.0483,86.3248,2015-07-05,9.0,43.2,89.0,135.5,20.4,677.8,2.31,-0.5,-0.866
1,16.656,73.5178,2009-10-01,9.9,61.9,74.4,141.8,30.6,281.5,0.44,-0.866,0.5
1,33.0272,74.9465,2014-08-16,28.3,48.4,58.2,97.7,28.3,1224.3,0.0,-0.866,-0.5
1,33.9823,73.796,2014-09-03,51.9,67.5,78.6,111.1,51.9,1715.2,0.0,-1.0,-0.0
1,31.4898,76.7043,2013-06-11,24.5,32.1,32.6,34.9,24.5,1262.6,1.17,0.0,-1.0
1,26.8352,88.1881,2015-07-01,18.5,49.8,118.1,293.9,24.7,1313.5,0.0,-0.5,-0.866
1,26.8992,88.1667,2009-08-20,109.9,167.5,346.0,538.4,109.9,1313.5,0.0,-0.866,-0.5
1,29.139,81.773,2011-08-14,23.4,50.9,117.3,201.0,23.4,2298.8,0.0,-0.866,-0.5
1,23.72988966,92.71495623,2010-09-13,12.9,23.6,51.2,105.8,12.9,432.1,0.0,-1.0,-0.0
1,26.1833,91.8,2007-09-13,17.7,22.0,123.8,371.6,45.6,400.0,0.0,-1.0,-0.0
1,26.8712,88.3052,2010-07-04,10.1,95.5,163.6,542.8,54.2,1313.5,0.0,-0.5,-0.866
1,27.1667,88.35,2007-09-09,24.9,277.2,573.2,670.5,185.1,1313.5,8.23,-1.0,-0.0
1,29.4903,90.9352,2012-05-03,1.3,5.0,15.6,30.8,4.5,4565.4,0.47,0.5,-0.866
1,30.67629482,79.04191791,2011-06-29,8.7,91.3,156.6,195.0,46.8,2165.8,14.34,0.0,-1.0
1,6.9554,80.9282,2011-02-01,79.7,107.9,144.9,155.2,79.7,681.4,0.74,0.866,0.5
1,25.9702,91.8587,2014-10-05,0.0,0.6,2.3,115.3,1.3,400.0,0.0,-0.866,0.5
1,30.7284,79.4971,2010-08-16,9.9,73.1,195.1,361.9,43.5,3184.1,8.03,-0.866,-0.5
1,27.8187,85.7734,2016-05-20,5.5,9.0,38.2,69.7,12.8,2909.1,0.0,0.5,-0.866
1,28.0461,83.2627,2016-10-03,6.8,14.9,31.0,113.1,10.2,1167.6,0.0,-0.866,0.5
1,31.7093,76.9297,2013-07-07,56.3,185.0,201.0,274.3,95.1,1262.6,0.0,-0.5,-0.866
1,28.6792,82.6789,2014-08-10,16.0,49.9,85.7,192.7,21.5,1919.1,2.42,-0.866,-0.5
1,32.0275,77.3446,2015-08-18,1.5,18.5,100.5,342.4,32.1,3984.7,17.74,-0.866,-0.5
1,27.7344,88.633,2011-08-25,8.8,24.1,46.3,235.5,11.4,3239.6,3.15,-0.866,-0.5
1,28.3341,83.4966,2013-07-22,19.2,37.7,201.6,391.2,80.5,3042.5,0.0,-0.5,-0.866
1,27.7167,85.15,2008-09-12,17.7,52.3,75.3,111.5,17.8,776.6,2.75,-1.0,-0.0
1,26.7903,88.11,2016-08-09,5.8,10.3,46.7,211.1,16.3,1313.5,0.0,-0.866,-0.5
1,27.339,88.6065,2012-06-14,25.0,47.5,92.3,170.4,25.0,3239.6,0.0,0.0,-1.0
1,33.8147,72.9394,2010-02-09,18.7,109.5,129.4,167.1,69.6,1030.6,0.6,0.866,0.5
1,33.9741,73.792,2012-08-23,2.9,10.3,19.6,56.1,4.7,1715.2,0.0,-0.866,-0.5
1,27.21819015,86.91913823,2011-07-03,107.5,158.2,373.6,625.1,107.5,919.5,7.63,-0.5,-0.866
1,30.416,78.3415,2015-07-24,5.8,49.2,92.6,274.6,26.7,1403.9,2.3,-0.5,-0.866
1,27.8315,85.1638,2014-08-29,14.3,31.6,58.2,315.1,14.3,1948.3,0.0,-0.866,-0.5
1,27.9937,82.4827,2010-08-22,96.8,122.6,178.4,253.8,96.8,790.0,0.31,-0.866,-0.5
1,34.5847,73.3731,2012-08-19,3.2,4.1,13.0,25.5,3.9,1513.9,1.57,-0.866,-0.5
1,31.1191,77.5092,2010-09-19,81.2,110.7,272.0,532.5,129.5,1887.5,0.68,-1.0,-0.0
1,25.4993,94.1192,2007-09-09,12.8,92.0,186.7,416.2,57.3,1356.6,0.0,-1.0,-0.0
1,10.2445,77.5146,2011-11-03,9.2,24.2,113.3,217.4,26.6,706.3,0.5,-0.5,0.866
1,35.2169,76.4243,2010-08-07,6.1,13.8,16.5,22.8,7.3,4039.8,0.82,-0.866,-0.5
1,30.2414,78.908,2011-06-07,2.7,3.4,13.7,39.7,8.8,1266.2,5.99,0.0,-1.0
1,30.7204,79.0758,2015-07-28,4.8,23.9,69.5,149.6,19.5,3184.1,21.69,-0.5,-0.866
1,33.3296,75.203,2015-03-02,54.6,108.2,223.9,278.4,84.0,2359.8,0.0,1.0,0.0
1,19.3805,84.5699,2016-06-26,7.9,15.0,20.8,66.9,7.9,380.5,0.23,0.0,-1.0
1,25.5212,90.232,2007-07-27,62.9,175.3,254.6,358.9,73.5,150.3,0.12,-0.5,-0.866
1,35.3005,74.4492,2016-10-11,0.0,2.1,21.5,44.4,9.5,3130.4,0.92,-0.866,0.5
1,27.7211,83.4692,2009-12-26,0.0,0.0,0.0,0.2,0.0,280.2,12.0,-0.0,1.0
1,28.9429,82.3354,2014-08-14,36.7,66.3,114.4,214.1,36.7,3182.0,0.75,-0.866,-0.5
1,28.4167,83.6667,2007-09-26,38.4,111.9,117.0,171.8,57.6,3042.5,0.0,-1.0,-0.0
1,34.0404,75.3156,2015-07-10,29.2,42.5,55.0,76.7,29.2,3818.1,1.89,-0.5,-0.866
1,23.9278,94.0906,2015-08-01,11.3,392.8,594.3,834.6,203.7,458.7,1.05,-0.866,-0.5
1,27.92,85.19,2008-07-06,20.9,107.4,240.3,457.3,48.0,1948.3,0.0,-0.5,-0.866
1,6.9851,81.0556,2013-02-15,10.0,45.6,94.6,108.5,23.6,399.5,0.0,0.866,0.5
1,24.9667,93.55,2007-08-26,42.9,97.0,117.6,155.6,42.9,952.6,0.0,-0.866,-0.5
1,32.3733,77.2498,2010-07-07,7.0,94.6,104.3,150.5,63.1,4872.7,0.0,-0.5,-0.866
1,33.13810294,75.51068484,2016-03-17,50.1,52.8,158.3,172.6,50.1,2027.2,0.0,1.0,0.0
1,20.87,92.5275,2010-06-15,56.1,199.5,287.2,340.4,76.8,82.8,0.16,0.0,-1.0
1,19.1935,73.0114,2010-08-19,2.6,43.0,55.6,94.7,25.8,97.2,0.0,-0.866,-0.5
1,27.7745,85.2401,2010-09-02,18.0,47.6,134.4,375.1,31.2,1948.3,6.33,-1.0,-0.0
1,27.8287,85.5763,2015-05-03,0.4,5.0,40.8,71.5,20.0,2909.1,0.0,0.5,-0.866
1,25.1775,93.0123,2012-06-03,159.2,268.8,339.3,383.5,159.2,467.1,0.0,0.0,-1.0
1,20.8287,92.4063,2010-06-15,56.1,199.5,287.2,340.4,76.8,82.8,0.16,0.0,-1.0
1,31.7766,76.9832,2014-09-09,4.2,29.1,146.5,202.2,36.5,2281.7,7.38,-1.0,-0.0
1,21.06313524,92.19566765,2010-06-15,66.6,243.3,320.1,368.1,110.4,82.8,0.73,0.0,-1.0
1,7.088,80.6517,2011-04-23,13.6,46.1,121.4,197.5,28.9,681.4,0.0,0.866,-0.5
1,33.0186,75.2405,2015-03-28,7.7,7.7,9.9,79.8,7.7,1224.3,0.0,1.0,0.0
1,32.9918,75.1945,2013-07-29,32.6,47.0,87.8,242.8,32.6,1224.3,0.0,-0.5,-0.866
1,27.0161,88.2478,2015-06-29,15.9,88.7,162.6,327.9,44.4,1313.5,0.0,0.0,-1.0
1,10.3031,76.7604,2013-08-07,11.5,148.5,384.1,552.5,137.3,540.5,0.24,-0.866,-0.5
1,34.8067,73.5654,2011-02-06,75.3,137.3,176.7,183.8,75.3,3707.8,3.74,0.866,0.5
1,25.3056,93.1265,2012-06-03,143.7,236.6,296.5,336.2,143.7,542.1,0.14,0.0,-1.0
1,33.1463,75.7454,2008-05-01,1.6,3.5,10.9,14.6,4.0,2027.2,0.0,0.5,-0.866
1,27.9995,84.6333,2014-07-22,25.5,45.3,196.2,392.8,66.8,1265.4,0.62,-0.5,-0.866
1,24.3311,91.5642,2015-02-09,0.0,0.0,0.0,0.0,0.0,29.6,0.09,0.866,0.5
1,28.278,84.35,2008-08-26,121.9,251.7,316.4,465.2,121.9,3516.1,6.33,-0.866,-0.5
1,27.832,84.5423,2016-06-27,9.7,23.4,72.6,270.7,26.4,1265.4,0.0,0.0,-1.0
1,33.2413,75.2381,2012-04-24,3.3,20.3,44.0,73.5,16.2,1224.3,0.0,0.866,-0.5
1,15.3925,73.8377,2008-06-06,48.0,69.2,88.7,119.2,48.0,76.2,0.0,0.0,-1.0
1,28.2045,84.7387,2014-08-08,14.3,48.8,159.4,310.6,51.3,1948.3,4.36,-0.866,-0.5
1,33.2611,75.2138,2014-09-11,0.4,1.5,106.4,232.6,69.5,2359.8,61.93,-1.0,-0.0
1,35.7508,68.8479,2014-11-09,0.1,10.9,20.8,33.4,6.9,1070.2,1.16,-0.5,0.866
1,27.7667,85.7,2007-09-05,78.3,129.3,189.6,287.3,78.3,2909.1,0.0,-1.0,-0.0
1,25.1941,94.4481,2015-08-01,3.6,81.5,151.4,300.6,44.4,1130.0,0.43,-0.866,-0.5
1,9.879,76.9683,2013-08-05,71.1,206.8,263.0,406.1,116.5,711.2,0.0,-0.866,-0.5
1,18.7654,73.364,2013-11-13,0.0,0.0,0.0,0.0,0.0,97.2,0.0,-0.5,0.866
1,10.3184,77.5277,2010-11-16,17.5,25.3,59.9,123.6,17.5,517.1,0.62,-0.5,0.866
1,25.4196,94.1054,2010-07-29,20.5,46.6,117.4,253.3,22.8,1356.6,3.61,-0.5,-0.866
1,27.0165,88.2476,2015-06-13,50.3,120.6,243.4,476.1,50.3,1313.5,0.0,0.0,-1.0
1,14.8937,74.5828,2015-07-19,14.2,43.7,60.7,115.4,15.1,302.4,0.12,-0.5,-0.866
1,7.2853,80.4829,2011-04-22,19.8,53.6,123.2,209.8,24.4,296.6,1.28,0.866,-0.5
1,27.7838,85.8369,2010-09-02,17.4,46.6,135.2,440.9,26.6,2909.1,0.0,-1.0,-0.0
1,25.83,94.13,2011-08-18,3.8,16.1,74.6,337.4,30.9,997.1,4.11,-0.866,-0.5
1,9.7967,77.0611,2016-06-15,4.2,18.3,109.4,231.8,39.3,711.2,0.0,0.0,-1.0
1,24.5938,72.7308,2015-07-28,118.6,559.7,617.7,643.7,255.2,271.4,0.41,-0.5,-0.866
1,29.5863,80.2186,2015-07-24,5.0,35.3,84.3,187.5,37.3,1463.1,1.34,-0.5,-0.866
1,24.9926,93.4946,2013-05-12,4.0,149.6,539.1,610.9,154.6,952.6,1.81,0.5,-0.866
1,26.88211522,88.3195318,2009-08-16,42.0,121.7,243.6,407.8,49.9,1313.5,0.0,-0.866,-0.5
1,23.4495,92.8112,2015-08-28,1.3,16.5,45.2,160.1,9.9,432.1,0.8,-0.866,-0.5
1,24.7992,93.948,2011-07-22,10.9,31.1,117.0,159.5,37.9,952.6,0.49,-0.5,-0.866
1,26.1665,91.7049,2013-10-06,22.4,47.5,64.0,134.7,22.4,400.0,0.0,-0.866,0.5
1,19.2179,73.1694,2010-08-30,30.7,138.9,184.1,252.1,59.2,97.2,0.13,-0.866,-0.5
1,33.0977,75.5787,2015-03-15,43.5,53.5,56.0,315.6,43.5,2027.2,0.0,1.0,0.0
1,28.3511,84.1176,2014-04-25,0.4,0.8,1.0,4.0,0.4,3516.1,2.25,0.866,-0.5
1,33.2466,75.1611,2011-03-19,21.6,27.0,27.0,27.0,21.6,1224.3,11.63,1.0,0.0
1,27.9687,83.9066,2013-07-22,17.1,26.5,116.1,254.4,42.0,1230.0,0.0,-0.5,-0.866
1,26.3335,94.5512,2010-06-15,18.6,46.1,82.0,435.5,18.6,482.6,2.28,0.0,-1.0
1,10.3228,76.4319,2013-08-04,84.4,132.9,193.8,381.1,84.4,88.9,0.65,-0.866,-0.5
1,24.954,94.2156,2015-08-01,4.1,103.7,196.1,296.5,50.8,1130.0,0.27,-0.866,-0.5
1,10.0533,76.4788,2013-07-23,20.2,65.0,135.4,256.3,26.6,47.3,1.12,-0.5,-0.866
1,22.2144,92.235,2015-06-26,76.3,252.0,334.1,442.9,124.3,276.0,0.18,0.0,-1.0
1,27.9512,85.6846,2011-07-15,15.6,106.0,143.6,365.5,57.3,2909.1,0.0,-0.5,-0.866
1,27.805,84.9005,2016-08-01,8.8,74.5,199.8,478.7,42.4,1948.3,0.0,-0.866,-0.5
1,25.1796,93.0083,2010-10-09,24.4,120.4,148.5,251.7,81.1,467.1,0.0,-0.866,0.5
1,25.4379,94.1162,2007-10-19,15.4,33.4,99.8,265.0,28.4,1356.6,0.0,-0.866,0.5
1,25.6183,96.2964,2015-03-08,0.0,0.0,0.6,2.4,0.3,409.0,0.0,1.0,0.0
1,33.616,77.7652,2015-07-21,8.5,30.4,47.6,89.2,14.1,4844.0,0.37,-0.5,-0.866
1,30.012,78.197,2011-07-29,9.3,27.7,56.9,125.5,11.2,564.8,0.0,-0.5,-0.866
1,32.304,77.2106,2010-07-11,6.6,16.7,111.4,157.6,63.1,4872.7,7.14,-0.5,-0.866
1,25.7055,94.0132,2007-10-16,19.0,57.7,111.8,267.7,30.6,934.6,5.09,-0.866,0.5
1,30.7991,79.4356,2010-09-19,45.0,152.6,167.8,240.6,77.7,4872.3,7.67,-1.0,-0.0
1,35.2817,75.6394,2015-04-01,11.2,23.6,59.2,66.1,19.9,3918.3,0.24,0.866,-0.5
1,27.3034,93.804,2016-07-16,24.9,67.5,98.0,170.7,24.9,1222.9,0.0,-0.5,-0.866
1,28.3092,95.4149,2010-10-03,6.2,12.4,65.0,194.0,35.6,1961.6,1.56,-0.866,0.5
1,18.7591,73.3852,2009-06-29,7.8,28.2,51.3,69.1,12.8,97.2,0.0,0.0,-1.0
1,11.51185539,76.01854791,2017-06-27,61.1,224.3,374.5,451.0,94.3,673.2,0.61,0.0,-1.0
1,25.9466,94.6279,2014-09-08,3.9,15.2,27.6,60.3,10.8,997.1,0.99,-1.0,-0.0
1,27.6047,88.6463,2013-09-08,3.7,23.5,201.2,414.8,67.4,3239.6,0.0,-1.0,-0.0
1,26.8597,89.3903,2012-09-15,70.2,223.5,317.0,360.3,118.8,1784.5,0.0,-1.0,-0.0
1,33.4372,75.2027,2013-02-22,35.7,43.1,71.7,100.5,35.7,2359.8,0.0,0.866,0.5
1,28.3952,83.5043,2013-06-10,7.0,19.8,65.4,168.1,21.9,3042.5,0.0,0.0,-1.0
1,27.8808,83.3395,2010-09-15,18.5,35.5,88.1,188.6,28.2,1167.6,0.18,-1.0,-0.0
1,26.8096,88.526,2007-06-15,49.9,110.0,365.7,400.5,166.7,1212.3,4.55,0.0,-1.0
1,19.0176,72.8562,2010-06-08,2.6,19.5,28.4,29.0,10.3,97.2,0.39,0.0,-1.0
1,27.6291,87.9436,2010-10-08,0.4,0.5,1.8,6.0,0.8,3524.1,2.26,-0.866,0.5
1,19.0298,72.9104,2007-06-25,20.6,145.1,311.5,406.1,95.3,97.2,0.0,0.0,-1.0
1,34.151,74.1213,2010-02-10,0.0,95.1,212.4,257.8,81.2,2235.4,0.0,0.866,0.5
1,27.9654,84.4107,2011-07-02,53.7,155.5,267.3,405.2,62.4,1265.4,0.0,-0.5,-0.866
1,15.0296,74.0253,2007-08-07,34.5,138.0,456.0,671.2,143.4,43.3,0.74,-0.866,-0.5
1,7.5694,80.5284,2012-12-18,18.2,62.9,67.4,75.4,27.4,296.6,0.0,-0.0,1.0
1,25.2269,93.1658,2010-06-15,4.2,23.1,38.1,334.7,10.3,467.1,0.26,0.0,-1.0
1,30.709,76.9834,2014-08-04,4.7,10.2,39.3,91.1,14.9,423.7,1.52,-0.866,-0.5
1,28.6019,83.3378,2016-07-20,14.0,50.5,132.2,299.9,26.6,2863.4,0.45,-0.5,-0.866
1,33.3118,75.7525,2013-07-08,2.4,13.5,16.1,60.6,9.2,2942.3,3.33,-0.5,-0.866
1,19.0222,72.8663,2013-07-10,54.6,82.9,125.4,234.1,54.6,97.2,0.37,-0.5,-0.866
1,7.2532,80.6909,2011-01-09,173.8,279.8,350.9,377.7,173.8,296.6,0.73,0.5,0.866
1,26.7225,95.0281,2010-07-06,6.5,22.6,102.9,243.0,35.1,1061.3,0.76,-0.5,-0.866
1,24.3481,94.1146,2015-08-01,6.9,288.2,444.4,651.1,147.9,610.5,0.5,-0.866,-0.5
1,28.18,85.11,2008-06-24,21.0,64.9,230.2,452.7,51.9,1948.3,3.81,0.0,-1.0
1,35.4453,73.9342,2012-09-18,1.4,15.9,28.7,61.5,11.2,3051.5,0.67,-1.0,-0.0
1,6.5261,80.1563,2014-06-01,3.7,18.6,54.0,101.8,18.4,87.1,0.52,0.0,-1.0
1,29.5866,80.2154,2016-08-05,31.9,37.4,78.8,323.9,31.9,1463.1,1.34,-0.866,-0.5
1,30.9209,77.0206,2011-07-08,6.9,13.8,17.2,94.8,6.9,897.6,0.0,-0.5,-0.866
1,26.1468,91.6469,2015-02-14,0.3,0.7,0.8,1.2,0.3,400.0,0.0,0.866,0.5
1,25.3612,92.2845,2010-04-21,18.7,137.8,228.7,266.9,67.8,843.3,0.88,0.866,-0.5
1,24.6108,92.562,2015-02-19,0.7,0.7,2.6,2.6,1.8,113.2,0.45,0.866,0.5
1,25.7354,90.3852,2014-09-21,23.6,64.6,100.8,137.5,27.4,344.3,0.02,-1.0,-0.0
1,28.7773,82.4728,2011-09-05,4.9,20.6,78.7,224.4,18.1,3182.0,2.54,-1.0,-0.0
1,25.8143,90.5763,2014-09-24,2.9,80.3,156.2,204.3,63.8,130.3,0.54,-1.0,-0.0
1,25.63961883,94.11112157,2010-09-12,15.5,40.9,77.5,162.5,15.5,1356.6,0.0,-1.0,-0.0
1,33.2355,75.2449,2014-03-20,0.0,7.3,34.0,164.4,25.2,1224.3,0.0,1.0,0.0
1,27.8686,83.6606,2013-07-22,15.2,33.7,155.8,322.1,63.8,1230.0,0.0,-0.5,-0.866
1,24.5308,92.5121,2016-05-18,24.8,71.1,125.9,137.8,36.6,113.2,0.26,0.5,-0.866
1,33.1754,75.8103,2015-03-21,0.0,0.0,58.0,123.4,33.4,2027.2,0.0,1.0,0.0
1,27.2676,88.2891,2016-10-12,78.2,156.2,212.1,226.6,78.2,3524.1,6.56,-0.866,0.5
1,26.8342,88.2798,2009-09-18,12.1,29.4,41.8,219.7,12.1,1313.5,0.0,-1.0,-0.0
1,27.795,84.432,2008-08-14,32.7,59.7,119.3,315.0,32.7,1265.4,0.0,-0.866,-0.5
1,30.5319,79.3541,2011-06-07,7.8,10.7,34.7,102.0,16.2,3184.1,0.0,0.0,-1.0
1,27.9639,84.8981,2014-07-18,57.3,113.3,222.8,417.8,57.3,1948.3,0.0,-0.5,-0.866
1,27.4385,87.0898,2008-08-31,18.1,115.1,309.4,443.1,59.5,2847.6,0.64,-0.866,-0.5
1,30.56,77.3,2008-09-19,26.6,43.1,44.4,49.5,26.6,833.0,0.65,-1.0,-0.0
1,23.7269,92.7265,2015-08-27,3.8,21.9,47.3,122.4,12.9,432.1,0.0,-0.866,-0.5
1,27.256,90.5257,2012-04-06,19.5,39.4,51.8,117.9,19.5,3134.2,1.87,0.866,-0.5
1,25.3908,94.0926,2015-07-22,20.6,86.7,171.4,302.0,34.4,1356.6,1.98,-0.5,-0.866
1,22.3555,91.8205,2007-06-11,45.5,95.9,160.7,175.1,45.5,34.4,0.0,0.0,-1.0
1,27.9507,84.415,2011-07-02,53.7,155.5,267.3,405.2,62.4,1265.4,0.0,-0.5,-0.866
1,24.0896,91.4663,2013-05-08,74.1,204.5,389.2,439.8,78.2,25.2,0.13,0.5,-0.866
1,19.17377751,72.88274367,2010-07-22,45.0,137.4,215.9,282.0,49.5,97.2,0.0,-0.5,-0.866
1,26.84850975,88.26181745,2011-06-17,37.3,64.0,96.5,168.4,37.3,1313.5,0.0,0.0,-1.0
1,27.1303,87.8711,2010-08-24,19.4,92.1,192.6,355.9,45.5,1313.5,2.57,-0.866,-0.5
1,31.1581,77.7155,2010-09-20,2.2,79.1,99.8,323.3,57.5,1887.5,1.68,-1.0,-0.0
1,28.7236,82.1515,2008-07-31,27.4,127.3,178.5,298.5,87.9,1118.7,2.16,-0.5,-0.866
1,29.5952,79.6625,2013-07-31,7.1,29.1,86.9,412.4,20.4,1085.6,0.72,-0.5,-0.866
1,26.1966,91.802,2016-07-20,15.9,51.8,157.7,316.8,48.8,400.0,0.0,-0.5,-0.866
1,17.2634,73.5446,2007-09-01,32.1,113.6,209.9,346.7,54.1,518.2,0.48,-1.0,-0.0
1,25.08303063,94.23757741,2017-04-06,7.5,66.3,165.2,304.5,56.2,1130.0,0.0,0.866,-0.5
1,32.2282,77.1898,2011-06-29,6.8,27.0,34.5,45.6,15.0,3984.7,15.16,0.0,-1.0
1,30.7362,78.44,2012-08-14,11.3,32.4,67.7,220.5,14.7,2165.8,60.32,-0.866,-0.5
1,27.8595,83.7711,2013-06-18,25.7,100.6,149.3,228.1,47.3,1230.0,0.0,0.0,-1.0
1,33.53,71.0525,2015-07-13,4.5,35.9,63.2,96.7,24.0,780.6,0.89,-0.5,-0.866
1,27.425,87.0569,2009-09-19,10.7,49.7,56.3,149.4,27.7,2847.6,0.33,-1.0,-0.0
1,27.7368,86.1636,2015-05-12,2.2,7.5,14.2,38.8,4.6,2153.1,6.37,0.5,-0.866
1,25.4749,93.1477,2010-10-09,17.1,86.7,127.2,188.6,51.0,542.1,0.11,-0.866,0.5
1,30.89221723,77.09003076,2016-07-02,39.7,51.2,71.3,83.1,39.7,897.6,0.0,-0.5,-0.866
1,26.1097,91.7747,2014-09-22,45.8,143.0,184.1,275.8,77.6,400.0,0.0,-1.0,-0.0
1,28.6167,82.6167,2007-08-24,5.4,11.9,47.5,198.4,16.4,1919.1,1.16,-0.866,-0.5
1,26.2753,94.6654,2010-08-17,4.8,68.7,115.5,227.4,42.6,482.6,1.94,-0.866,-0.5
1,15.8513,73.8161,2011-07-17,66.8,270.1,465.8,629.0,127.8,188.0,0.15,-0.5,-0.866
1,27.0771,88.482,2008-06-30,15.5,43.6,119.4,249.6,46.4,1212.3,0.0,0.0,-1.0
1,30.73,78.4378,2015-07-19,18.2,47.2,107.6,306.0,36.5,2165.8,59.28,-0.5,-0.866
1,33.2361,75.2441,2012-02-19,2.0,2.9,50.7,87.1,37.6,1224.3,0.0,0.866,0.5
1,31.348,77.4614,2013-06-16,93.5,141.9,239.5,258.1,93.5,2571.9,0.96,0.0,-1.0
1,33.4341,75.1923,2008-01-07,14.2,38.5,39.8,39.8,14.2,2359.8,0.0,0.5,0.866
1,26.1001,91.6849,2014-09-22,45.8,143.0,184.1,275.8,77.6,400.0,0.0,-1.0,-0.0
1,28.524,84.0095,2012-05-05,6.2,18.7,28.7,44.1,7.5,3042.5,0.75,0.5,-0.866
1,34.9033,72.6459,2010-02-26,23.1,62.2,62.4,129.5,34.4,2115.6,0.43,0.866,0.5
1,33.6118,73.0439,2011-07-29,1.6,16.6,29.6,41.9,8.9,543.8,0.64,-0.5,-0.866
1,7.159883,80.562102,2016-11-18,24.8,42.0,85.6,108.5,24.8,681.4,1.01,-0.5,0.866
1,28.235,94.9612,2016-07-19,30.1,94.6,225.3,278.5,71.8,697.6,1.1,-0.5,-0.866
1,27.62,86.84,2013-07-10,26.4,62.1,158.3,239.4,27.7,2847.6,0.0,-0.5,-0.866
1,33.40832011,75.20596208,2017-04-08,6.2,93.4,150.3,157.9,68.2,2359.8,0.0,0.866,-0.5
1,9.497393176,76.8696375,2011-08-06,22.8,66.1,100.3,203.7,28.3,420.1,0.0,-0.866,-0.5
1,17.0032,73.3572,2011-06-17,19.8,73.7,182.4,535.4,34.8,36.0,0.53,0.0,-1.0
1,27.9726582,83.76126893,2017-07-05,24.9,92.2,187.6,245.1,45.2,1230.0,0.0,-0.5,-0.866
1,27.9869,84.2765,2016-06-16,52.0,75.5,130.8,193.4,52.0,1265.4,0.0,0.0,-1.0
1,12.8733,74.8481,2007-08-09,16.3,42.4,131.2,395.9,45.2,163.0,0.0,-0.866,-0.5
1,26.9722,88.4481,2010-08-19,74.2,162.7,327.2,393.5,74.2,1212.3,2.83,-0.866,-0.5
1,34.1586,72.8541,2013-09-07,3.0,4.1,12.8,34.3,3.6,1030.6,0.63,-1.0,-0.0
1,30.3299,79.3206,2016-06-29,9.0,34.2,69.5,122.0,19.4,3184.1,0.0,0.0,-1.0
1,33.0,74.9277,2008-08-15,32.5,46.8,102.2,233.2,34.8,1224.3,0.0,-0.866,-0.5
1,28.376,83.4946,2013-06-10,7.0,19.8,65.4,168.1,21.9,3042.5,0.0,0.0,-1.0
1,35.0111,72.7056,2010-07-29,89.7,263.2,276.0,318.6,115.3,2115.6,0.79,-0.5,-0.866
1,27.4083,87.2739,2014-08-04,3.2,36.4,66.0,159.4,17.8,2650.4,0.66,-0.866,-0.5
1,13.6529,79.3439,2013-11-17,15.2,36.5,36.5,42.0,19.4,302.8,0.31,-0.5,0.866
1,27.04357147,88.26522126,2009-05-26,128.9,186.7,286.4,373.2,128.9,1313.5,0.0,0.5,-0.866
1,7.2097,80.207,2011-05-27,3.9,15.4,24.9,47.1,7.8,123.7,1.39,0.5,-0.866
1,27.1748,86.775,2016-07-31,11.2,36.7,231.0,741.9,113.8,919.5,3.7,-0.5,-0.866
1,31.4881,76.6702,2013-06-11,24.5,32.1,32.6,34.9,24.5,1262.6,1.29,0.0,-1.0
1,28.0095,83.8669,2016-07-31,17.8,98.0,280.0,598.9,98.5,1230.0,0.0,-0.5,-0.866
1,30.4528,78.1045,2015-07-24,7.8,38.1,96.8,298.9,23.9,1403.9,0.0,-0.5,-0.866
1,10.0838,77.0696,2011-06-02,55.0,162.2,225.4,286.0,93.0,711.2,0.2,0.0,-1.0
1,26.1699,91.7986,2007-07-19,8.2,36.9,162.8,284.3,61.0,400.0,0.0,-0.5,-0.866
1,19.241559,72.970312,2016-12-23,0.0,0.0,0.0,0.0,0.0,97.2,0.0,-0.0,1.0
1,30.23936058,77.9558167,2017-07-13,0.2,60.0,85.4,154.5,33.7,564.8,2.37,-0.5,-0.866
1,30.50415824,79.48751264,2017-04-06,20.4,53.9,54.1,58.1,30.0,3184.1,0.0,0.866,-0.5
1,30.24147729,78.89773782,2017-07-07,37.3,49.3,85.1,170.4,37.3,1266.2,5.4,-0.5,-0.866
1,27.357968,85.975127,2016-09-11,15.5,42.0,169.4,295.4,45.5,2153.1,3.47,-1.0,-0.0
1,19.17066427,73.02142667,2017-06-26,29.2,82.5,98.6,179.4,37.9,97.2,0.0,0.0,-1.0
1,19.292213,73.064979,2017-07-11,7.5,15.1,44.3,198.7,8.6,125.7,0.12,-0.5,-0.866
1,31.01260519,78.88449525,2017-04-06,20.8,72.5,72.5,72.7,41.1,4043.1,0.0,0.866,-0.5
1,30.41288197,78.08379453,2017-07-11,46.5,70.4,96.9,201.0,46.5,1403.9,0.0,-0.5,-0.866
1,27.61274095,85.09556375,2017-06-21,19.9,30.9,82.4,159.1,20.6,776.6,0.0,0.0,-1.0
1,30.81350174,78.6179215,2017-04-05,36.0,41.4,42.8,43.5,36.0,4043.1,0.0,0.866,-0.5
1,30.61461423,78.3157525,2017-04-06,25.0,65.6,65.6,66.5,38.1,1403.9,0.0,0.866,-0.5
1,19.17041801,73.02151508,2017-07-06,6.4,18.7,81.5,267.0,26.6,97.2,0.0,-0.5,-0.866
1,30.59661,79.569767,2016-09-11,8.0,18.7,30.2,55.5,8.2,3184.1,0.0,-1.0,-0.0
1,27.11610665,93.79559574,2017-07-09,104.8,177.2,254.3,514.3,104.8,474.7,0.0,-0.5,-0.866
1,25.181453,93.118105,2017-04-04,60.2,66.5,457.8,481.4,161.2,467.1,0.26,0.866,-0.5
1,25.178619,92.012806,2017-03-16,0.0,0.0,30.5,72.3,13.9,103.5,1.98,1.0,0.0
1,35.99797569,71.56077472,2017-02-04,50.4,115.7,171.1,333.3,55.9,4041.2,0.51,0.866,0.5
1,7.704408,80.77697,2017-02-26,11.3,13.4,15.9,60.4,11.3,296.6,0.0,0.866,0.5
1,24.506937,91.588893,2016-11-01,1.4,4.0,28.1,28.2,12.2,29.6,0.02,-0.5,0.866
1,34.57829667,73.3605212,2017-01-08,0.9,33.4,113.2,113.3,33.1,1513.9,1.56,0.5,0.866
1,35.72120055,74.81907701,2017-04-22,9.9,17.6,29.8,42.4,12.2,3674.8,1.01,0.866,-0.5
1,25.82601444,91.87113067,2017-07-09,9.1,19.2,194.7,401.5,102.5,400.0,2.12,-0.5,-0.866
1,33.24823884,75.21350071,2017-02-05,48.7,87.8,99.2,242.6,48.7,1224.3,29.3,0.866,0.5
1,27.79532591,84.43283218,2017-06-22,8.3,141.3,183.3,230.0,110.0,1265.4,0.0,0.0,-1.0
1,27.02099026,89.90712175,2017-07-08,147.1,167.8,309.7,753.7,147.1,1606.5,0.32,-0.5,-0.866
1,31.10312666,77.20355516,2017-09-02,4.9,42.3,65.9,114.8,19.4,1887.5,16.59,-1.0,-0.0
1,28.18269,85.343049,2016-09-12,38.9,105.0,199.2,382.8,45.1,2909.1,5.52,-1.0,-0.0
1,28.2622,85.373125,2016-09-12,38.9,105.0,199.2,382.8,45.1,4836.2,6.59,-1.0,-0.0
1,6.959222,80.794842,2017-03-07,5.5,6.3,30.6,58.6,8.9,681.4,0.0,1.0,0.0
1,22.97758595,91.80439129,2017-06-18,13.3,41.1,245.2,368.2,142.9,76.9,0.06,0.0,-1.0
1,28.064974,83.244916,2016-10-22,2.8,5.2,10.1,48.3,3.3,1167.6,0.0,-0.866,0.5
1,11.339753,76.869056,2017-03-24,0.0,0.0,3.7,39.5,1.6,784.6,0.0,1.0,0.0
1,36.2806339,74.61062816,2017-04-22,18.9,43.5,56.2,58.5,18.9,4210.9,1.37,0.866,-0.5
1,27.140584,86.398964,2016-09-12,51.6,134.8,232.3,566.5,55.5,677.8,2.48,-1.0,-0.0
1,34.08452617,74.03027722,2017-01-25,58.2,114.7,118.3,151.3,58.2,1715.2,0.0,0.5,0.866
1,31.0563269,77.13685018,2017-01-06,18.0,18.0,21.2,21.2,18.0,897.6,0.0,0.5,0.866
1,24.79591421,93.72386429,2017-03-30,145.4,167.5,176.4,204.7,145.4,952.6,0.17,1.0,0.0
1,33.30044087,75.18163117,2017-02-03,0.0,0.0,13.7,155.1,8.3,2359.8,0.0,0.866,0.5
1,27.02856666,89.57220662,2017-07-08,175.0,201.3,338.9,567.5,175.0,1784.5,0.33,-0.5,-0.866
1,20.944738,85.156627,2017-03-27,0.0,0.0,0.0,3.6,0.0,206.6,0.1,1.0,0.0
1,35.44377033,73.98356806,2017-04-06,15.1,46.6,48.2,62.2,20.8,3051.5,0.72,0.866,-0.5
1,34.89483946,72.79989006,2017-02-22,0.5,2.1,77.6,83.8,44.1,2115.6,1.19,0.866,0.5
1,22.90813548,92.47207294,2017-06-09,11.2,52.5,112.2,359.4,40.7,299.2,0.64,0.0,-1.0
1,35.378269,71.786687,2017-02-18,36.1,48.4,54.1,128.8,36.1,2921.8,1.52,0.866,0.5
1,28.282927,83.583154,2016-09-18,9.2,31.5,143.3,245.0,89.0,3042.5,0.0,-1.0,-0.0
1,30.8754355,77.00009329,2017-01-26,37.0,72.7,74.0,83.3,37.0,897.6,0.0,0.5,0.866
1,25.43807422,91.79904872,2017-06-17,35.1,104.2,266.2,297.3,86.3,1224.6,0.0,0.0,-1.0
1,11.329547,76.801586,2016-11-16,0.6,3.0,5.7,21.2,2.4,784.6,0.0,-0.5,0.866
1,27.340009,87.196504,2016-09-21,33.7,86.0,187.9,319.9,50.0,2650.4,4.0,-1.0,-0.0
1,25.51826286,91.9630294,2017-02-15,0.0,0.1,2.0,5.0,1.9,1224.6,0.0,0.866,0.5
1,26.16066111,91.85294885,2017-04-05,1.3,45.3,158.8,199.5,46.4,400.0,0.0,0.866,-0.5
1,34.58916028,74.24641226,2017-04-18,0.0,0.0,0.0,110.4,0.0,2569.6,2.11,0.866,-0.5
1,33.1292173,75.44618906,2017-04-16,0.0,0.0,0.0,151.7,0.0,2027.2,0.0,0.866,-0.5
1,33.365952,70.760821,2016-11-16,0.0,0.0,1.5,2.5,1.5,1263.4,0.75,-0.5,0.866
1,27.51353298,89.79033898,2017-07-08,60.8,92.8,202.9,405.5,60.8,3038.4,2.05,-0.5,-0.866
1,29.44260809,81.58545459,2017-07-01,38.6,44.5,61.0,106.8,38.6,2890.9,0.96,-0.5,-0.866
1,23.65637182,93.02746602,2017-06-17,5.0,24.7,219.8,308.9,110.5,943.9,1.16,0.0,-1.0
1,25.092576,91.763689,2017-03-06,0.4,36.5,37.0,102.7,35.8,103.5,0.0,1.0,0.0
1,33.220138,75.796448,2017-03-19,0.0,0.8,3.4,54.5,2.6,2027.2,10.08,1.0,0.0
1,27.1071241,93.65156438,2017-07-09,83.8,158.2,240.7,499.0,83.8,474.7,0.0,-0.5,-0.866
1,28.101232,83.405823,2016-09-20,20.7,39.0,67.0,161.4,20.7,1167.6,0.16,-1.0,-0.0
1,26.985606,87.322163,2016-09-21,39.9,69.1,166.0,278.7,48.8,1047.2,0.0,-1.0,-0.0
1,25.481623,93.141692,2017-04-04,49.1,61.1,291.5,313.9,82.3,542.1,0.12,0.866,-0.5
1,24.83507319,93.89896294,2017-07-09,4.9,67.1,171.0,316.7,51.1,952.6,0.17,-0.5,-0.866
1,33.17580726,75.81055668,2017-02-25,0.8,0.8,41.8,46.6,16.5,2027.2,0.0,0.866,0.5
1,28.471897,84.811891,2016-09-16,4.3,10.4,105.1,240.3,35.9,4097.4,4.76,-1.0,-0.0
1,33.43537575,75.19067397,2016-12-26,0.0,3.0,3.0,7.6,2.9,2359.8,0.0,-0.0,1.0
1,33.17598419,75.81088889,2017-04-15,0.0,0.0,0.2,138.9,0.2,2027.2,0.0,0.866,-0.5
1,32.99132221,75.19427899,2017-04-12,0.0,0.0,107.7,170.1,101.1,1224.3,0.0,0.866,-0.5
1,27.21668161,93.63051815,2017-07-11,6.3,139.0,218.7,516.1,75.3,474.7,0.0,-0.5,-0.866
1,33.37197314,75.19440189,2017-02-27,0.0,0.4,12.0,47.1,11.1,2359.8,0.0,0.866,0.5
1,18.769972,73.36312926,2017-01-30,0.0,0.0,0.0,0.0,0.0,97.2,0.0,0.5,0.866
1,32.83198,75.730159,2016-11-10,0.0,0.0,0.4,2.2,0.4,2027.2,1.0,-0.5,0.866
1,32.3071683,77.60234008,2017-04-30,12.3,13.8,25.9,36.2,12.3,4872.7,1.11,0.866,-0.5
1,8.584503303,76.97925203,2017-04-13,7.9,23.0,42.3,86.3,8.8,86.2,0.22,0.866,-0.5
1,24.37169581,93.70684171,2017-07-10,26.8,48.2,108.3,256.0,26.8,869.2,0.29,-0.5,-0.866
1,29.61896246,81.322472,2017-07-10,14.9,42.1,110.0,218.4,31.8,2530.8,0.0,-0.5,-0.866
1,27.85256028,84.55829403,2017-04-14,5.8,5.8,5.8,31.1,5.8,1265.4,0.0,0.866,-0.5
1,34.91321927,72.75163388,2017-04-27,0.0,0.4,33.0,36.1,23.5,2115.6,1.1,0.866,-0.5
1,34.63639,74.77415081,2017-01-25,38.5,92.2,103.7,133.6,41.7,3379.0,1.52,0.5,0.866
1,25.67836832,91.9234343,2017-06-17,41.4,97.2,246.5,291.5,69.6,1224.6,1.61,0.0,-1.0
1,33.85483981,74.76317443,2015-03-30,11.4,113.2,127.6,181.2,72.6,2630.7,0.73,1.0,0.0
1,27.56884999,85.50492198,2017-07-09,76.7,125.8,219.2,450.0,76.7,1269.4,1.7,-0.5,-0.866
1,27.0844941,93.60505989,2017-07-09,100.5,198.0,282.3,536.5,100.5,474.7,0.0,-0.5,-0.866
1,32.34193603,77.22157675,2017-05-05,0.0,35.0,56.1,73.5,22.3,4872.7,0.0,0.5,-0.866
1,33.18025403,75.80786093,2017-03-30,0.0,0.5,0.7,9.7,0.5,2027.2,0.0,1.0,0.0
1,29.83416882,80.26894533,2017-07-11,11.1,141.3,288.3,385.2,98.9,2347.7,1.57,-0.5,-0.866
1,11.28965,76.94171,2016-11-16,0.2,1.9,2.8,12.6,1.7,784.6,0.0,-0.5,0.866
1,25.167803,92.019575,2017-03-08,2.4,3.6,41.0,73.0,35.3,103.5,1.96,1.0,0.0
1,24.70412149,92.23034662,2017-06-18,59.0,132.7,271.2,392.4,73.8,113.2,0.19,0.0,-1.0
1,25.195355,93.172758,2017-04-04,46.9,53.7,365.0,385.2,126.9,467.1,0.26,0.866,-0.5
1,33.27070612,75.17529327,2017-02-04,39.1,39.1,50.5,194.2,39.1,2359.8,12.24,0.866,0.5
1,23.33501164,92.85410625,2017-06-12,169.0,237.1,294.1,555.7,169.0,943.9,0.87,0.0,-1.0
1,11.35008,76.791735,2016-12-22,0.0,0.0,0.0,28.4,0.0,784.6,0.0,-0.0,1.0
1,27.79280733,84.43347027,2017-07-12,0.2,124.2,225.0,320.9,110.0,1265.4,0.0,-0.5,-0.866
1,25.08734272,91.75063827,2017-01-23,0.0,0.0,0.0,0.0,0.0,103.5,0.0,0.5,0.866
1,35.4781125,73.27650031,2017-04-22,20.7,28.2,35.0,35.1,20.7,3200.0,0.0,0.866,-0.5
1,33.24199059,75.22770891,2017-01-06,34.3,40.5,42.7,42.7,34.3,1224.3,0.0,0.5,0.866
1,33.33819588,75.19229171,2017-01-06,32.8,41.2,45.3,45.3,32.8,2359.8,0.0,0.5,0.866
1,35.85332031,71.77677082,2017-02-04,55.9,100.8,135.3,236.1,55.9,3718.8,1.11,0.866,0.5
1,24.27173018,93.28039349,2017-07-09,2.5,21.5,84.1,204.1,22.0,455.5,0.71,-0.5,-0.866
1,27.583849,91.876945,2017-07-11,6.0,60.0,153.8,319.7,31.4,3174.7,0.0,-0.5,-0.866
1,33.38247258,75.7228768,2017-02-23,1.6,31.8,97.6,99.1,28.0,2942.3,3.55,0.866,0.5
1,33.288297,75.178026,2017-02-28,1.9,1.9,4.1,74.6,1.9,2359.8,0.0,0.866,0.5
1,35.08160909,72.97571516,2017-04-24,10.0,39.5,43.7,43.7,20.1,2534.4,1.32,0.866,-0.5
1,25.69111465,94.09483333,2017-07-12,11.3,135.2,285.7,546.8,98.8,1356.6,0.0,-0.5,-0.866
1,27.360364,88.651914,2017-07-10,10.3,193.3,305.6,533.3,92.6,3239.6,0.0,-0.5,-0.866
1,35.11357355,73.00616682,2017-02-12,0.0,0.0,7.9,94.0,7.8,2534.4,1.44,0.866,0.5
1,23.32140323,93.75079688,2017-03-19,0.0,0.5,0.5,81.7,0.5,967.5,0.44,1.0,0.0
1,34.06830898,74.63364102,2017-07-13,0.1,20.0,20.2,36.0,10.6,2235.4,0.76,-0.5,-0.866
1,27.14163897,93.66495709,2017-07-09,75.3,149.9,261.0,479.3,75.3,474.7,0.0,-0.5,-0.866
1,27.05957271,93.50102778,2017-07-09,79.7,173.6,275.6,529.4,79.7,474.7,0.0,-0.5,-0.866
1,22.64753,92.15455,2017-03-16,0.0,0.0,122.2,150.7,80.4,34.4,0.36,1.0,0.0
1,35.03832793,72.89541201,2017-01-08,4.0,49.7,155.8,155.8,51.0,2534.4,0.85,0.5,0.866
1,27.104022,93.61156568,2017-04-26,46.9,186.7,201.8,261.6,79.9,474.7,0.0,0.866,-0.5
1,35.46378481,73.24949043,2017-03-22,59.0,82.5,83.3,111.1,59.0,3200.0,0.0,1.0,0.0
1,25.118398,92.853913,2017-04-04,94.7,195.5,614.4,627.6,173.8,467.1,0.72,0.866,-0.5
1,33.2216593,75.26926793,2017-02-02,0.0,0.7,9.1,118.5,6.6,1224.3,0.0,0.866,0.5
1,34.10563,71.157068,2016-11-05,0.0,14.0,15.1,19.9,14.0,986.6,0.17,-0.5,0.866
1,25.61953667,96.3086022,2017-02-09,0.0,0.0,0.0,2.1,0.0,409.0,0.0,0.866,0.5
1,32.95544044,74.9648329,2017-04-08,2.0,90.2,153.0,153.8,84.7,1224.3,0.0,0.866,-0.5
1,35.7276334,71.30557792,2017-02-06,2.6,51.6,106.5,183.2,45.6,3323.6,0.97,0.866,0.5
1,33.370552,75.193916,2017-03-10,11.8,35.3,38.8,55.3,12.5,2359.8,0.0,1.0,0.0
1,25.132228,93.04681,2017-04-04,58.4,67.8,477.0,500.0,173.4,467.1,0.0,0.866,-0.5
1,27.092916,93.61882043,2017-07-09,67.0,142.9,234.6,462.1,67.0,474.7,0.0,-0.5,-0.866
1,25.6320357,94.10065403,2017-07-09,20.2,43.5,96.7,297.3,20.7,1356.6,0.0,-0.5,-0.866
1,23.438189,91.125374,2017-03-16,0.0,0.0,59.9,80.0,45.5,28.1,0.02,1.0,0.0
1,26.96437841,92.78260587,2017-06-18,18.1,149.7,243.4,274.0,77.8,922.5,1.4,0.0,-1.0
1,28.21798862,84.71592278,2017-05-11,4.3,15.8,49.8,61.7,16.8,1948.3,4.58,0.5,-0.866
1,33.336892,75.19165535,2017-02-19,16.6,20.5,21.9,70.8,16.6,2359.8,0.0,0.866,0.5
1,33.25646771,75.77361313,2017-02-26,0.0,1.5,26.4,54.3,14.5,2942.3,11.3,0.866,0.5
1,33.3373721,75.19213091,2017-03-06,0.0,0.0,16.1,41.3,13.2,2359.8,0.0,1.0,0.0
1,26.95223279,93.85748748,2017-07-10,61.4,247.3,326.3,606.4,140.6,474.7,0.0,-0.5,-0.866
1,24.0135808,92.67420963,2017-04-25,0.7,62.4,130.8,138.3,49.0,319.3,0.08,0.866,-0.5
1,25.73318099,93.99655231,2017-05-16,18.6,40.0,54.9,100.3,18.6,934.6,5.54,0.5,-0.866
1,33.49573061,75.18134474,2017-02-18,5.8,8.2,11.2,106.4,5.8,2359.8,0.0,0.866,0.5
1,31.76419233,77.29184098,2017-04-17,0.0,0.0,0.0,82.0,0.0,3984.7,4.22,0.866,-0.5
1,26.66354481,94.62220277,2017-06-24,18.9,58.2,116.2,304.6,32.3,482.6,0.36,0.0,-1.0
1,33.18368391,75.80816901,2017-04-22,1.8,2.9,3.0,6.4,1.8,2027.2,0.0,0.866,-0.5
1,33.3191592,75.19329838,2017-04-17,0.0,0.0,0.0,204.3,0.0,2359.8,0.0,0.866,-0.5
1,25.72019272,94.03225673,2017-07-08,15.1,100.2,286.4,609.9,75.6,934.6,4.55,-0.5,-0.866
1,15.2875681,73.97726045,2017-04-19,0.0,0.8,1.1,1.4,0.6,76.2,0.71,0.866,-0.5
1,34.08325186,74.84254061,2017-04-07,21.9,132.8,183.2,213.5,75.0,2630.7,0.64,0.866,-0.5
1,28.13673979,85.31637561,2017-07-10,20.2,144.6,223.3,476.4,104.2,2909.1,5.94,-0.5,-0.866
1,33.153219,75.678275,2017-04-02,0.0,2.0,2.5,8.3,2.0,2027.2,0.0,0.866,-0.5
1,29.48397512,81.03043256,2017-07-09,8.3,38.9,107.9,158.4,28.9,2530.8,0.0,-0.5,-0.866
1,25.77171292,93.93507183,2017-04-07,4.8,18.2,89.2,203.7,37.2,504.5,1.9,0.866,-0.5
1,34.40393623,74.26149296,2017-04-07,13.8,108.9,142.8,158.4,68.3,2569.6,0.51,0.866,-0.5
1,27.48969875,85.05138733,2017-06-21,30.1,40.0,56.6,85.8,30.1,776.6,0.0,0.0,-1.0
1,7.160382,80.45979,2016-12-08,3.2,3.2,4.5,7.5,3.2,681.4,0.83,-0.0,1.0
1,24.33197035,91.8008536,2017-06-19,32.1,107.3,178.8,354.0,56.7,29.6,0.1,0.0,-1.0
1,33.24788762,75.21401709,2017-01-26,61.5,136.5,140.1,200.6,61.5,1224.3,29.25,0.5,0.866
1,33.36011691,75.17291044,2017-01-26,64.0,154.1,160.6,206.1,64.0,2359.8,0.0,0.5,0.866
1,34.07756418,74.58081937,2017-02-23,0.1,13.4,75.9,79.6,28.0,2235.4,0.0,0.866,0.5
1,28.190436,83.332177,2017-03-05,0.0,0.0,0.9,3.0,0.5,1167.6,3.87,1.0,0.0
1,33.12172879,75.40856188,2017-04-08,4.7,81.3,150.1,152.9,56.0,2027.2,4.93,0.866,-0.5
1,22.84756674,91.95656252,2017-06-18,17.0,35.3,274.2,424.0,188.9,76.9,0.91,0.0,-1.0
1,29.34137027,81.30954554,2017-07-03,5.2,100.3,126.4,163.4,57.7,2530.8,0.0,-0.5,-0.866
1,25.82860033,91.876717,2017-07-06,4.7,73.0,288.0,417.9,102.5,400.0,2.44,-0.5,-0.866
1,32.00653439,78.56989163,2017-02-21,13.4,52.5,57.0,75.7,26.1,4635.1,0.55,0.866,0.5
1,29.39496837,81.37064669,2017-07-10,13.1,74.4,161.2,302.2,50.2,2530.8,0.0,-0.5,-0.866
1,27.07671517,93.59755441,2017-07-09,100.5,198.0,282.3,536.5,100.5,474.7,0.0,-0.5,-0.866
1,27.04040393,89.90633458,2017-07-08,126.9,153.3,290.3,772.4,126.9,1606.5,0.32,-0.5,-0.866
1,33.33074507,71.27227905,2017-01-07,0.0,7.5,31.8,31.8,13.2,780.6,0.61,0.5,0.866
1,11.34376314,76.79310973,2017-01-30,0.1,15.0,32.5,44.3,9.9,784.6,0.0,0.5,0.866
1,36.269037,72.23157,2017-02-17,7.9,21.6,25.1,70.7,10.4,4125.2,0.41,0.866,0.5
1,23.725943,92.7178,2016-09-17,11.3,42.5,83.7,112.7,24.4,432.1,0.0,-1.0,-0.0
1,36.21630141,73.29837013,2017-04-06,4.4,15.4,23.9,33.2,6.1,4143.2,0.23,0.866,-0.5
1,31.77315744,77.30471357,2017-03-22,0.4,0.4,15.2,67.2,12.1,3984.7,4.75,1.0,0.0
1,25.73111942,93.98827528,2017-07-09,18.4,50.2,229.2,602.5,68.4,934.6,5.14,-0.5,-0.866
1,28.219177,83.686001,2016-09-18,24.1,67.0,213.5,389.3,109.3,1230.0,8.02,-1.0,-0.0
1,11.339839,76.841106,2016-12-14,6.0,27.0,27.6,89.6,15.9,784.6,0.0,-0.0,1.0
1,25.06466676,94.27420555,2017-07-08,67.4,123.7,239.9,349.7,67.4,1130.0,0.0,-0.5,-0.866
1,33.17191499,75.81074366,2017-04-25,0.2,7.9,10.9,10.9,5.0,2027.2,0.0,0.866,-0.5
1,31.09793945,77.15163968,2017-04-06,12.0,46.6,47.3,48.0,25.3,897.6,0.0,0.866,-0.5
1,11.34942664,76.84947966,2017-05-07,5.7,10.9,30.6,36.2,12.7,784.6,0.0,0.5,-0.866
1,33.32217847,75.19281971,2017-05-05,0.7,6.1,14.0,41.4,6.8,2359.8,0.0,0.5,-0.866
1,26.2632687,94.81481951,2017-07-10,29.4,88.4,260.0,498.5,78.9,1061.3,2.28,-0.5,-0.866
1,27.6802471,93.62592773,2017-04-22,7.0,16.3,43.7,100.5,26.2,1222.9,1.07,0.866,-0.5
1,27.16009861,91.6036289,2017-07-08,116.5,140.3,271.4,474.8,116.5,1372.6,2.12,-0.5,-0.866
1,29.16952271,81.57140363,2017-04-21,1.2,9.9,16.1,22.0,6.9,2298.8,0.0,0.866,-0.5
1,27.8080337,84.43352419,2017-06-23,0.7,119.0,179.1,227.0,110.0,1265.4,0.0,0.0,-1.0
1,33.144018,75.54564,2017-07-12,10.0,22.5,26.6,87.4,10.0,2027.2,0.0,-0.5,-0.866
1,24.82767572,93.51825,2017-07-09,8.6,43.4,143.9,361.8,47.4,952.6,1.75,-0.5,-0.866
1,27.61790706,93.84196894,2017-04-22,15.0,29.3,46.1,93.9,15.0,1222.9,0.77,0.866,-0.5
1,28.308297,83.174393,2017-03-05,0.0,0.3,1.9,4.8,1.6,2863.4,2.55,1.0,0.0
1,11.328578,76.903045,2016-12-16,0.0,5.3,27.2,71.5,18.0,784.6,0.0,-0.0,1.0
1,25.61919207,92.7094701,2017-04-29,2.5,5.1,52.6,229.9,23.0,843.3,0.29,0.866,-0.5
1,32.3614925,77.23398736,2017-04-23,9.2,10.7,10.7,13.8,9.2,4872.7,0.0,0.866,-0.5
1,34.17504678,73.75421332,2017-06-23,0.0,7.0,20.5,29.0,8.3,1715.2,0.0,0.0,-1.0
1,33.40307977,75.68061125,2017-03-25,0.1,0.8,12.6,31.7,7.4,2942.3,3.38,1.0,0.0
1,26.181606,91.772042,2016-12-15,0.0,0.0,0.0,0.5,0.0,400.0,0.0,-0.0,1.0
0,25.6828,68.7378,2011-06-08,0.0,0.0,0.0,0.0,0.0,19.7,0.01,0.0,-1.0
0,9.5663,79.2079,2015-06-12,0.0,10.8,12.1,22.4,7.5,1.3,0.02,0.0,-1.0
0,30.7138,89.5271,2009-07-13,0.8,12.6,32.6,71.4,7.1,5111.3,0.26,-0.5,-0.866
0,23.0612,92.4674,2018-08-28,9.4,17.8,63.3,147.9,18.6,299.2,0.32,-0.866,-0.5
0,26.6053,88.7037,2012-08-03,0.4,19.4,76.0,221.5,37.3,139.3,2.27,-0.866,-0.5
0,29.78,74.7569,2019-01-11,0.0,0.0,1.9,1.9,1.9,206.2,0.01,0.5,0.866
0,14.5322,74.224,2017-11-23,0.0,0.0,6.8,6.8,6.0,165.7,0.27,-0.5,0.866
0,28.9104,80.6388,2014-08-12,14.7,34.0,99.2,230.0,36.3,869.2,0.72,-0.866,-0.5
0,36.4198,72.0808,2008-07-25,0.0,0.0,0.0,0.0,0.0,4211.8,0.48,-0.5,-0.866
0,32.3331,72.5088,2020-04-22,0.0,0.8,29.4,31.6,28.4,407.1,0.27,0.866,-0.5
0,35.6566,90.4779,2016-07-04,4.2,16.8,25.8,48.1,11.8,5002.1,0.08,-0.5,-0.866
0,31.7501,82.9761,2012-05-12,0.4,0.9,0.9,6.4,0.5,4957.3,0.08,0.5,-0.866
0,13.6836,75.1057,2009-08-03,6.4,18.3,143.0,262.8,54.6,365.7,0.42,-0.866,-0.5
0,32.673,80.4826,2013-05-18,0.0,0.6,3.3,5.2,2.2,4982.9,0.05,0.5,-0.866
0,27.7352,69.7368,2017-03-02,0.0,0.1,0.1,0.1,0.1,90.5,0.02,1.0,0.0
0,30.7249,73.6171,2018-03-14,0.1,0.1,3.3,6.4,2.6,174.6,0.02,1.0,0.0
0,20.3788,93.7973,2010-03-26,0.2,0.2,0.2,0.2,0.2,499.8,0.56,1.0,0.0
0,15.0575,88.5494,2022-08-26,1.3,2.3,17.5,80.8,6.7,0.0,0.0,-0.866,-0.5
0,11.1439,76.7529,2008-12-19,0.0,0.8,0.8,7.9,0.8,540.9,0.57,-0.0,1.0
0,34.4527,71.0558,2010-10-09,0.0,0.0,0.0,2.7,0.0,991.3,1.02,-0.866,0.5
0,28.0284,74.0061,2023-08-09,0.0,0.0,0.0,84.5,0.0,263.3,0.06,-0.866,-0.5
0,31.3804,69.3006,2015-06-05,3.3,7.5,7.5,10.7,3.3,1631.2,0.36,0.0,-1.0
0,35.7151,90.1096,2012-10-08,0.0,1.1,11.0,15.0,8.8,4986.5,0.11,-0.866,0.5
0,35.7862,91.9178,2012-10-01,1.8,1.8,6.5,32.5,1.9,4799.6,0.28,-0.866,0.5
0,32.2578,74.5618,2018-09-15,63.4,72.0,78.2,89.4,63.4,260.0,0.2,-1.0,-0.0
0,34.6771,71.4026,2015-12-06,0.0,0.0,0.0,0.9,0.0,991.3,1.23,-0.0,1.0
0,14.1417,88.9092,2013-01-26,0.0,0.0,0.0,0.0,0.0,0.0,0.0,0.5,0.866
0,20.1625,94.141,2019-08-23,26.7,255.5,294.2,546.7,137.2,353.2,0.26,-0.866,-0.5
0,29.8526,74.4558,2023-09-23,7.3,13.2,22.4,38.4,7.3,188.6,0.02,-1.0,-0.0
0,35.0012,94.2971,2023-08-24,1.6,2.2,9.8,38.6,6.2,4548.2,0.05,-0.866,-0.5
0,19.3022,94.7522,2022-07-06,10.2,48.9,81.1,130.1,26.0,180.3,0.13,-0.5,-0.866
0,31.4867,79.4896,2007-09-23,0.2,0.3,0.8,3.7,0.5,4659.3,0.16,-1.0,-0.0
0,32.202,90.585,2018-06-01,0.1,3.1,4.0,4.3,1.7,4788.8,0.07,0.0,-1.0
0,15.4584,79.5046,2020-10-27,0.7,0.9,26.2,114.1,25.1,185.9,0.21,-0.866,0.5
0,13.0826,80.8572,2019-01-11,0.0,0.0,0.1,0.1,0.1,3.4,0.0,0.5,0.866
0,33.7079,85.4608,2020-08-03,3.7,12.0,26.4,47.7,6.0,5039.8,0.02,-0.866,-0.5
0,29.3369,79.1842,2020-09-27,0.0,0.4,8.8,22.8,3.2,1085.6,1.27,-1.0,-0.0
0,29.127,96.0135,2011-05-01,22.6,22.6,22.7,173.7,22.6,3639.7,0.58,0.5,-0.866
0,27.4839,90.6235,2010-05-20,23.0,60.1,84.3,170.2,33.5,3134.2,1.95,0.5,-0.866
0,34.7441,73.8507,2014-08-27,4.1,17.7,35.4,99.2,7.9,2292.0,2.3,-0.866,-0.5
0,31.272,85.478,2009-06-08,0.0,0.0,0.0,12.6,0.0,5007.8,0.09,0.0,-1.0
0,14.8678,81.2987,2019-09-19,5.2,60.0,101.9,115.2,35.0,0.0,0.0,-1.0,-0.0
0,12.9915,82.2839,2023-08-25,0.4,4.2,14.5,58.7,4.5,0.0,0.0,-0.866,-0.5
0,17.3264,76.9169,2015-08-05,0.4,0.8,2.8,16.3,1.3,521.2,0.06,-0.866,-0.5
0,29.7708,79.2212,2020-10-10,0.0,0.0,0.0,0.0,0.0,1871.8,0.97,-0.866,0.5
0,34.9277,74.1297,2009-05-22,1.7,11.7,19.2,37.0,7.5,3836.9,2.12,0.5,-0.866
0,20.1209,88.2779,2013-10-26,19.1,92.0,192.1,215.9,46.9,0.0,0.0,-0.866,0.5
0,8.6423,72.8947,2016-06-24,4.3,16.0,37.0,60.9,10.3,0.0,0.0,0.0,-1.0
0,19.6746,81.8266,2015-06-13,9.0,24.3,44.4,74.1,12.6,600.6,0.06,0.0,-1.0
0,21.5142,82.567,2020-03-02,0.1,0.1,5.1,24.7,5.0,290.8,0.04,1.0,0.0
0,28.536,85.8096,2007-01-08,0.0,0.0,0.0,0.0,0.0,4836.2,1.24,0.5,0.866
0,9.2373,78.2649,2010-06-22,1.1,4.7,23.7,54.6,6.7,36.1,0.3,0.0,-1.0
0,32.232,77.7292,2019-08-10,0.3,6.2,11.7,20.5,4.9,3984.7,0.5,-0.866,-0.5
0,30.907,84.2278,2015-07-11,4.0,9.3,20.0,23.8,8.6,4945.8,0.36,-0.5,-0.866
0,28.8888,72.027,2020-03-25,0.0,0.0,0.0,3.8,0.0,118.6,0.01,1.0,0.0
0,32.4578,81.1731,2019-07-11,6.9,17.5,24.0,24.8,9.1,4962.9,0.17,-0.5,-0.866
0,25.9951,93.1271,2019-09-28,6.7,21.8,109.1,176.0,39.0,217.1,0.25,-1.0,-0.0
0,27.32,94.651,2008-02-26,3.1,14.8,14.8,19.6,11.1,513.3,0.09,0.866,0.5
0,15.301,79.0578,2020-04-17,0.0,0.0,0.0,9.5,0.0,314.0,0.11,0.866,-0.5
0,23.4778,91.3793,2019-05-03,12.2,18.4,21.5,22.2,12.2,28.1,0.09,0.5,-0.866
0,26.8329,89.2674,2011-08-27,2.0,25.1,110.3,417.4,38.5,1784.5,1.48,-0.866,-0.5
0,11.7692,71.8987,2023-07-12,14.6,17.7,45.4,177.3,14.6,0.0,0.0,-0.5,-0.866
0,35.5215,76.7067,2010-10-26,0.0,0.0,19.2,19.2,15.2,5255.1,0.94,-0.866,0.5
0,20.5499,70.2213,2019-09-08,17.9,59.6,118.9,206.1,33.0,0.2,0.01,-1.0,-0.0
0,35.5181,91.7353,2019-06-26,9.0,17.1,26.4,57.1,9.0,4889.3,0.14,0.0,-1.0
0,24.0368,92.2613,2014-11-04,0.0,0.0,0.0,16.0,0.0,319.3,0.15,-0.5,0.866
0,24.1202,89.4347,2010-10-21,5.4,11.9,28.1,153.0,8.3,12.0,0.01,-0.866,0.5
0,31.5108,86.1617,2008-11-09,0.0,0.0,0.0,0.7,0.0,4978.4,0.03,-0.5,0.866
0,9.2502,74.2571,2008-08-01,1.7,31.3,61.5,185.0,15.5,0.0,0.0,-0.866,-0.5
0,32.2522,72.2683,2012-04-09,0.0,1.1,2.3,3.2,1.2,407.1,0.28,0.866,-0.5
0,25.2295,85.2683,2023-08-13,0.4,8.7,68.1,163.1,22.4,92.6,0.03,-0.866,-0.5
0,31.4532,70.7503,2018-03-24,0.0,0.0,14.8,15.1,13.1,290.6,0.66,1.0,0.0
0,30.8531,84.4129,2017-08-18,1.9,6.6,13.3,58.9,4.0,4945.8,0.51,-0.866,-0.5
0,26.6004,80.1189,2020-10-25,0.0,0.0,0.0,0.2,0.0,130.1,0.01,-0.866,0.5
0,32.5428,89.2713,2016-12-20,0.0,0.0,0.0,0.0,0.0,4845.1,0.17,-0.0,1.0
0,29.3782,84.936,2007-09-28,0.2,1.5,25.0,42.8,13.2,5037.0,0.36,-1.0,-0.0
0,11.9422,72.2259,2011-08-03,28.9,53.0,78.7,165.7,28.9,0.0,0.0,-0.866,-0.5
0,28.7291,96.6684,2013-03-17,10.8,33.2,35.8,37.0,11.9,3552.5,0.51,1.0,0.0
0,17.7858,81.3826,2017-04-10,0.0,1.5,5.1,6.7,2.3,198.1,0.15,0.866,-0.5
0,11.2223,86.2262,2021-08-09,0.8,1.9,9.7,28.7,2.6,0.0,0.0,-0.866,-0.5
0,22.308,77.0984,2008-05-20,0.0,0.0,0.0,0.6,0.0,323.9,0.13,0.5,-0.866
0,10.3756,83.7112,2018-05-18,9.9,30.8,37.1,67.5,10.8,0.0,0.0,0.5,-0.866
0,31.4509,70.2636,2009-09-28,0.7,6.2,6.2,24.4,5.5,1241.6,0.76,-1.0,-0.0
0,21.541,96.2528,2017-07-26,0.9,5.5,47.9,178.9,27.6,350.0,0.37,-0.5,-0.866
0,35.9716,70.4877,2014-08-02,0.0,0.0,0.0,0.0,0.0,4193.6,0.34,-0.866,-0.5
0,15.7875,79.112,2011-09-27,0.0,0.0,0.8,12.1,0.8,249.2,0.15,-1.0,-0.0
0,26.6035,92.4543,2023-09-22,22.5,52.7,78.1,145.7,22.5,173.9,0.79,-1.0,-0.0
0,15.766,96.0595,2022-06-25,6.0,20.6,81.6,116.1,28.3,0.1,0.0,0.0,-1.0
0,26.3579,93.8536,2019-08-20,1.9,6.0,32.2,214.9,16.3,264.8,0.49,-0.866,-0.5
0,13.5201,75.0555,2022-11-26,2.9,7.8,32.4,44.3,21.3,365.7,0.65,-0.5,0.866
0,29.8437,82.8357,2013-07-06,9.3,34.8,44.2,84.5,16.5,4955.4,0.44,-0.5,-0.866
0,32.035,76.4094,2021-09-09,1.9,9.7,14.0,168.1,6.8,1112.2,0.0,-1.0,-0.0
0,10.628,76.4629,2011-09-23,0.0,10.8,30.4,160.9,8.6,88.9,0.49,-1.0,-0.0
0,24.9604,94.7228,2011-01-07,0.0,0.0,0.2,0.2,0.2,467.9,0.95,0.5,0.866
0,25.4586,84.9639,2020-08-10,1.5,9.3,32.8,139.4,11.3,59.4,0.03,-0.866,-0.5
0,6.5469,78.4081,2009-08-06,1.4,4.2,8.2,25.3,2.9,0.0,0.0,-0.866,-0.5
0,25.6841,91.3486,2019-02-22,0.0,0.9,2.2,24.1,0.9,1021.1,0.9,0.866,0.5
0,29.3925,84.9307,2017-07-13,3.9,17.8,51.0,77.5,13.1,5037.0,0.36,-0.5,-0.866
0,27.7862,84.2249,2012-06-10,0.1,0.8,8.7,70.6,3.9,1265.4,1.48,0.0,-1.0
0,27.8543,95.3561,2018-08-26,3.0,78.2,202.0,259.2,64.0,315.3,1.44,-0.866,-0.5
0,30.6099,84.2736,2009-08-03,5.4,8.0,20.3,55.7,6.9,5333.1,0.26,-0.866,-0.5
0,19.9992,88.0632,2012-06-27,5.2,11.3,54.6,292.3,23.7,0.0,0.0,0.0,-1.0
0,31.4417,83.284,2017-06-06,0.7,0.7,7.3,45.5,3.0,4967.4,0.23,0.0,-1.0
0,34.5421,74.6514,2016-11-17,0.0,0.0,0.1,0.4,0.1,2569.6,1.01,-0.5,0.866
0,31.2571,68.837,2015-02-21,2.6,8.3,10.1,17.0,3.0,1979.8,0.33,0.866,0.5
0,35.5121,91.0957,2014-09-19,0.0,0.1,14.0,45.3,8.2,4981.1,0.12,-1.0,-0.0
0,28.142,85.2139,2019-05-21,4.5,8.0,76.7,140.0,29.7,1948.3,2.06,0.5,-0.866
0,26.7761,93.5958,2015-08-26,17.3,42.8,167.7,327.5,67.0,474.7,0.0,-0.866,-0.5
0,16.8909,81.0501,2013-05-16,0.0,0.0,0.2,0.2,0.2,107.6,0.07,0.5,-0.866
0,10.6182,86.1625,2008-08-08,5.7,8.4,32.1,124.6,8.4,0.0,0.0,-0.866,-0.5
0,26.595,83.6657,2010-08-02,14.7,38.3,80.0,191.2,22.0,75.7,0.01,-0.866,-0.5
0,33.8969,73.1644,2008-10-06,9.5,11.3,12.1,15.3,9.5,1030.6,0.69,-0.866,0.5
0,11.7648,93.2563,2020-10-27,4.1,15.3,42.4,171.2,12.8,10.3,0.01,-0.866,0.5
0,20.8236,95.6068,2014-01-13,0.0,0.0,0.0,0.0,0.0,260.1,0.19,0.5,0.866
0,20.4618,72.7116,2016-08-23,9.1,20.6,35.5,80.1,9.1,1.4,0.11,-0.866,-0.5
0,26.9103,85.5765,2021-09-17,4.6,16.9,38.2,97.3,8.8,358.7,1.17,-1.0,-0.0
0,18.9627,84.6354,2016-07-22,5.5,42.3,68.3,126.6,26.3,231.8,0.16,-0.5,-0.866
0,34.5375,70.0361,2016-11-02,0.0,0.0,0.0,0.0,0.0,1785.4,0.18,-0.5,0.866
0,18.766,90.6847,2020-09-24,0.9,21.9,95.2,112.2,28.6,0.0,0.0,-1.0,-0.0
0,17.7338,94.2943,2019-07-13,24.0,54.5,158.0,555.0,31.4,50.6,0.11,-0.5,-0.866
0,22.458,92.2891,2011-05-12,0.1,1.1,5.0,29.8,1.5,268.0,0.32,0.5,-0.866
0,14.7695,95.6536,2008-08-04,13.1,34.4,127.9,443.1,28.5,0.0,0.0,-0.866,-0.5
0,29.1316,90.8939,2014-04-10,0.0,0.0,1.1,1.2,0.6,4652.0,0.07,0.866,-0.5
0,30.9736,89.5798,2017-06-20,2.0,2.7,8.7,16.8,3.9,4877.4,0.25,0.0,-1.0
0,25.2798,80.6024,2019-07-12,0.2,96.3,191.2,255.2,93.3,120.7,0.1,-0.5,-0.866
0,30.0741,77.4027,2016-07-05,0.7,11.0,133.1,168.6,61.6,318.8,0.63,-0.5,-0.866
0,17.7938,90.2553,2014-07-28,7.7,28.0,103.7,310.5,27.1,0.0,0.0,-0.5,-0.866
0,35.5336,84.44,2015-04-08,0.8,0.8,6.4,7.4,4.2,4925.2,0.03,0.866,-0.5
0,9.2739,89.3752,2019-05-09,0.5,6.1,19.2,178.1,7.4,0.0,0.0,0.5,-0.866
0,26.7102,85.7862,2013-10-07,0.0,36.1,47.1,86.5,31.9,76.2,0.44,-0.866,0.5
0,23.0624,90.8777,2018-06-18,0.0,0.7,41.8,187.6,17.5,6.0,0.01,0.0,-1.0
0,30.5845,89.3112,2013-09-11,0.8,5.1,18.6,64.5,7.3,5111.3,0.26,-1.0,-0.0
0,15.4992,92.4278,2008-03-28,0.0,0.0,0.0,0.0,0.0,0.0,0.0,1.0,0.0
0,14.6329,95.2627,2008-08-09,19.9,97.3,191.5,426.1,44.5,0.0,0.0,-0.866,-0.5
0,18.0154,89.8225,2009-09-23,4.8,27.9,74.7,83.0,17.7,0.0,0.0,-1.0,-0.0
0,29.5702,96.1683,2017-06-25,16.1,27.2,53.8,94.9,18.7,4365.4,0.61,0.0,-1.0
0,7.3888,76.0631,2014-12-16,1.6,4.1,98.2,155.1,34.5,0.0,0.0,-0.0,1.0
0,17.1743,95.7637,2019-07-22,2.7,15.5,52.6,179.1,11.8,6.0,0.04,-0.5,-0.866
0,8.9611,72.5495,2011-08-21,6.2,46.1,70.0,113.4,21.2,0.0,0.0,-0.866,-0.5
0,32.4115,68.364,2009-07-25,0.0,0.0,0.0,0.4,0.0,2131.6,0.18,-0.5,-0.866
0,28.2453,84.5063,2023-12-08,0.0,0.0,4.2,4.7,4.2,1265.4,5.53,-0.0,1.0
0,21.0269,70.2692,2022-05-08,0.0,0.0,0.0,0.0,0.0,17.6,0.08,0.5,-0.866
0,34.9647,77.8004,2017-08-26,0.0,0.8,0.8,3.0,0.8,5106.5,0.52,-0.866,-0.5
0,35.5329,91.0682,2019-06-09,5.2,10.8,20.5,30.6,5.2,4981.1,0.12,0.0,-1.0
0,17.4505,95.496,2012-05-18,6.5,15.9,17.2,33.7,7.1,13.7,0.07,0.5,-0.866
0,23.9673,83.7638,2020-10-28,0.0,0.0,0.8,1.9,0.8,366.9,0.23,-0.866,0.5
0,22.8094,91.3263,2009-06-26,5.3,19.0,27.2,54.3,8.2,10.7,0.04,0.0,-1.0
0,34.1164,70.5327,2011-09-24,0.1,1.3,8.9,47.0,5.0,1602.2,0.68,-1.0,-0.0
0,16.949,70.8799,2017-08-15,1.9,3.7,9.6,22.3,2.8,0.0,0.0,-0.866,-0.5
0,25.9391,87.9756,2014-04-24,0.0,0.0,0.0,1.3,0.0,49.8,0.13,0.866,-0.5
0,23.8204,91.5853,2017-07-12,12.1,76.9,84.0,153.8,59.3,108.5,0.1,-0.5,-0.866
0,34.0605,85.41,2010-08-11,5.6,23.3,34.8,63.8,10.2,5100.2,0.12,-0.866,-0.5
0,21.1001,83.8527,2012-10-06,0.0,6.4,19.4,52.5,6.7,184.3,0.02,-0.866,0.5
0,30.3764,74.5056,2016-01-08,0.0,0.0,0.2,0.2,0.2,190.7,0.02,0.5,0.866
0,36.1933,71.0213,2014-09-25,0.0,1.0,1.0,1.0,1.0,4041.2,0.09,-1.0,-0.0
0,11.4794,72.1074,2008-05-07,0.0,0.0,0.0,0.5,0.0,0.0,0.0,0.5,-0.866
0,35.87,76.6327,2023-08-28,0.0,1.2,8.9,10.5,4.6,5286.6,0.05,-0.866,-0.5
0,35.0076,77.655,2009-01-25,4.8,16.5,23.9,59.4,7.2,5106.5,0.56,0.5,0.866
0,7.8783,86.4723,2010-09-01,0.0,3.8,21.7,210.3,12.0,0.0,0.0,-1.0,-0.0
0,9.596,78.8431,2011-06-13,1.9,2.2,3.1,20.7,1.9,26.7,0.05,0.0,-1.0
0,25.7473,87.9755,2007-03-19,0.0,0.0,0.5,1.0,0.2,33.5,0.02,1.0,0.0
0,24.8096,72.8414,2011-06-07,0.0,0.0,0.0,0.0,0.0,397.8,0.19,0.0,-1.0
0,34.0968,86.1742,2009-07-07,0.0,0.0,0.6,9.9,0.3,5111.5,0.25,-0.5,-0.866
0,17.0461,80.667,2015-09-08,0.8,26.8,28.1,72.1,20.8,113.2,0.07,-1.0,-0.0
0,34.5177,71.8935,2020-09-19,0.0,0.0,0.5,1.1,0.5,775.2,0.35,-1.0,-0.0
0,22.5917,79.5266,2009-08-27,31.3,55.5,72.7,149.2,31.3,608.5,0.08,-0.866,-0.5
0,15.7787,89.88,2007-09-04,26.0,70.1,113.3,169.2,27.0,0.0,0.0,-1.0,-0.0
0,11.415,96.114,2015-07-26,0.3,0.3,40.9,152.3,34.4,0.0,0.0,-0.5,-0.866
0,11.5089,71.7445,2010-09-09,9.4,28.3,41.9,74.4,15.1,0.0,0.0,-1.0,-0.0
0,13.2355,75.3238,2015-10-11,13.2,28.1,75.4,212.3,18.6,667.2,0.48,-0.866,0.5
0,31.2799,84.8603,2008-04-22,0.0,0.0,0.0,0.6,0.0,4991.3,0.09,0.866,-0.5
0,28.4739,84.1235,2007-09-05,78.2,179.3,226.6,336.3,82.1,3516.1,1.01,-1.0,-0.0
0,9.6185,83.6295,2008-05-16,0.0,0.0,1.5,4.2,1.3,0.0,0.0,0.5,-0.866
0,35.6768,72.2,2014-06-02,3.6,23.7,31.5,50.9,14.1,3624.5,0.92,0.0,-1.0
0,27.6411,85.7974,2017-05-28,21.3,47.4,49.4,106.3,21.3,1269.4,0.0,0.5,-0.866
0,10.9497,88.9791,2023-12-13,6.5,29.8,41.6,208.5,12.5,0.0,0.0,-0.0,1.0
0,7.9685,76.8158,2007-09-06,4.3,27.7,51.5,127.2,17.7,1.1,0.1,-1.0,-0.0
0,34.0229,70.2121,2021-12-07,0.0,0.0,0.7,0.7,0.7,2107.1,0.7,-0.0,1.0
0,31.1506,79.6525,2020-01-22,0.0,2.6,25.6,79.7,9.6,4872.3,0.68,0.5,0.866
0,18.1514,73.3046,2007-06-08,1.9,3.5,19.6,61.2,11.8,106.6,0.43,0.0,-1.0
0,13.9357,75.114,2008-07-26,62.3,173.9,221.4,267.5,73.3,471.4,0.34,-0.5,-0.866
0,29.4215,95.9602,2019-08-26,0.6,20.7,39.0,101.8,14.6,4365.4,0.82,-0.866,-0.5
0,34.9268,84.6264,2022-07-07,3.3,3.7,4.1,10.2,3.3,5031.0,0.13,-0.5,-0.866
0,22.7637,73.1789,2014-02-02,0.0,0.0,0.0,33.3,0.0,83.3,0.09,0.866,0.5
0,24.0805,77.9286,2020-06-06,3.3,30.2,40.7,40.7,26.1,428.9,0.03,0.0,-1.0
0,10.3205,89.5005,2019-11-19,0.7,3.1,3.9,20.2,1.8,0.0,0.0,-0.5,0.866
0,32.0227,90.7395,2017-08-06,3.5,6.6,14.0,52.9,7.0,4788.8,0.08,-0.866,-0.5
0,34.6006,72.149,2018-09-08,0.0,0.0,14.0,42.1,10.1,775.2,1.41,-1.0,-0.0
0,35.9714,72.9527,2017-10-03,0.4,2.6,4.5,8.9,1.5,4143.2,0.42,-0.866,0.5
0,28.4775,96.5885,2019-10-16,0.3,1.0,25.1,101.1,18.9,3552.5,1.9,-0.866,0.5
0,16.0615,96.074,2019-03-06,0.0,0.0,0.0,0.0,0.0,0.1,0.0,1.0,0.0
0,24.3209,86.1025,2020-07-01,4.1,56.8,109.3,196.6,37.4,260.3,0.02,-0.5,-0.866
0,34.7733,72.8674,2008-10-06,5.5,10.4,10.8,12.4,5.5,2534.4,1.24,-0.866,0.5
0,9.5377,74.0637,2015-05-23,3.4,8.9,61.2,156.1,21.7,0.0,0.0,0.5,-0.866
0,20.7071,71.4075,2022-09-16,12.0,59.7,134.0,152.5,40.7,2.1,0.07,-1.0,-0.0
0,31.6124,84.6453,2010-04-23,0.0,0.2,1.0,4.3,0.4,4810.4,0.12,0.866,-0.5
0,9.0712,78.1418,2014-07-25,0.0,0.1,0.1,2.4,0.1,36.1,0.23,-0.5,-0.866
0,23.1081,92.8035,2022-09-14,21.5,58.3,154.0,206.8,57.4,299.2,0.87,-1.0,-0.0
0,21.563,94.5634,2011-09-22,2.0,5.9,29.0,116.4,10.5,494.4,0.5,-1.0,-0.0
0,12.5576,92.2656,2015-04-20,0.0,1.0,24.3,27.3,10.2,7.0,0.01,0.866,-0.5
0,16.0925,89.4495,2019-09-03,19.7,54.6,91.9,205.2,19.7,0.0,0.0,-1.0,-0.0
0,34.2478,84.5992,2018-04-10,0.1,0.4,1.6,6.1,0.7,5095.8,0.11,0.866,-0.5
0,18.5892,86.2382,2008-08-13,3.7,6.2,339.6,439.5,176.7,0.0,0.0,-0.866,-0.5
0,34.125,94.4624,2016-01-27,0.0,0.0,0.0,0.9,0.0,4778.0,0.18,0.5,0.866
0,15.5144,89.9398,2015-09-11,12.1,36.5,137.2,162.6,46.4,0.0,0.0,-1.0,-0.0
0,28.364,85.8469,2013-03-15,0.0,0.6,5.6,5.6,5.0,4836.2,2.65,1.0,0.0
0,11.7121,93.8178,2014-05-02,1.0,2.2,3.2,14.7,1.0,0.0,0.0,0.5,-0.866
0,15.0521,79.4037,2013-04-19,0.0,0.0,0.0,0.8,0.0,170.5,0.11,0.866,-0.5
0,14.3344,88.9773,2013-10-10,97.3,155.7,163.3,218.4,97.3,0.0,0.0,-0.866,0.5
0,26.3159,88.0823,2022-08-21,0.3,24.7,50.3,112.1,19.5,273.2,0.81,-0.866,-0.5
0,20.7721,95.7497,2012-06-10,6.1,13.1,31.5,67.0,7.0,260.1,0.19,0.0,-1.0
0,31.7192,93.8566,2022-05-04,0.0,6.1,6.5,22.5,3.8,4795.4,0.14,0.5,-0.866
0,34.9077,94.5379,2018-08-08,13.2,22.2,30.3,42.0,13.2,4548.2,0.07,-0.866,-0.5
0,15.9915,89.1122,2017-09-16,16.3,36.6,61.5,86.2,16.3,0.0,0.0,-1.0,-0.0
0,29.2054,83.6655,2014-01-01,0.0,0.0,0.0,0.0,0.0,4973.6,0.12,0.5,0.866
0,7.0737,74.6175,2007-12-07,0.0,0.3,3.4,19.7,2.2,0.0,0.0,-0.0,1.0
0,24.1908,72.985,2008-06-21,0.7,2.4,5.5,47.4,1.1,297.1,0.2,0.0,-1.0
0,19.0648,94.5093,2010-07-20,9.1,39.3,87.9,165.2,22.2,319.6,0.07,-0.5,-0.866
0,15.3605,69.1625,2022-07-07,3.3,9.0,22.1,100.7,7.3,0.0,0.0,-0.5,-0.866
0,33.6434,87.0079,2015-07-10,8.2,8.3,8.8,23.6,8.2,5004.2,0.09,-0.5,-0.866
0,20.4283,70.9444,2016-05-02,0.0,0.0,0.0,0.0,0.0,2.1,0.05,0.5,-0.866
0,25.9654,91.5088,2008-04-23,0.0,0.0,3.3,20.2,2.3,174.0,0.38,0.866,-0.5
0,9.8881,80.1329,2017-02-09,0.0,0.0,0.0,45.1,0.0,0.8,0.01,0.866,0.5
0,35.6044,69.4853,2019-05-21,0.0,10.5,32.8,40.9,17.1,2930.9,0.89,0.5,-0.866
0,9.5793,80.164,2009-07-01,0.0,3.8,4.1,4.3,2.0,7.0,0.02,-0.5,-0.866
0,30.9977,92.9074,2022-06-25,9.2,23.7,32.1,75.3,11.9,5045.1,0.19,0.0,-1.0
0,10.7135,89.1473,2015-08-04,10.7,23.9,27.2,61.2,12.4,0.0,0.0,-0.866,-0.5
0,7.895,86.6806,2021-08-04,0.3,3.3,7.2,16.1,2.6,0.0,0.0,-0.866,-0.5
0,20.2216,85.3848,2007-07-16,13.6,46.2,76.7,167.3,17.9,37.9,0.09,-0.5,-0.866
0,28.4148,71.7873,2017-06-20,9.7,9.8,14.3,19.7,9.7,116.7,0.02,0.0,-1.0
0,10.6454,85.7745,2016-10-17,1.5,8.1,16.0,20.3,5.5,0.0,0.0,-0.866,0.5
0,35.9401,87.1775,2017-11-17,0.0,0.0,0.7,1.6,0.3,5016.5,0.09,-0.5,0.866
0,27.8106,90.4429,2020-07-19,27.0,68.1,113.9,328.5,27.0,4788.2,1.6,-0.5,-0.866
0,26.7273,94.369,2020-07-28,18.3,24.1,69.4,201.9,30.1,482.6,1.24,-0.5,-0.866
0,27.0017,72.3196,2016-02-26,0.0,0.0,0.0,0.3,0.0,259.0,0.06,0.866,0.5
0,35.475,69.5872,2021-09-07,0.0,0.0,0.0,2.2,0.0,2930.9,1.74,-1.0,-0.0
0,29.1532,84.1251,2013-08-25,1.3,4.2,14.7,31.2,3.5,5003.9,0.11,-0.866,-0.5
0,28.5524,71.5209,2015-02-09,0.0,0.0,0.0,0.0,0.0,103.2,0.01,0.866,0.5
0,30.1972,84.2297,2017-03-23,0.0,0.0,1.9,25.9,1.8,5229.1,0.22,1.0,0.0
0,30.3264,84.4635,2015-08-08,0.6,11.7,27.6,65.2,10.6,5333.1,0.06,-0.866,-0.5
0,34.3414,71.131,2009-09-10,0.0,0.0,0.2,23.1,0.2,991.3,0.17,-1.0,-0.0
0,14.9455,95.3374,2007-06-27,42.8,95.9,121.1,166.4,42.8,0.0,0.0,0.0,-1.0
0,35.304,72.2502,2018-08-26,5.4,13.2,22.0,40.1,5.4,3624.5,1.24,-0.866,-0.5
0,15.6407,90.0747,2013-10-12,1.9,128.6,227.6,291.1,88.0,0.0,0.0,-0.866,0.5
0,15.2196,69.9872,2022-03-24,0.0,0.0,0.0,0.0,0.0,0.0,0.0,1.0,0.0
0,15.0541,70.0594,2021-05-16,2.3,34.9,35.1,35.1,29.9,0.0,0.0,0.5,-0.866
0,10.5292,89.6227,2021-10-15,20.7,61.9,125.9,241.2,28.8,0.0,0.0,-0.866,0.5
0,29.576,74.2764,2022-02-09,0.0,0.6,1.2,1.9,0.6,187.8,0.0,0.866,0.5
0,29.2162,72.1409,2011-04-19,0.0,0.0,12.5,12.7,11.1,118.6,0.01,0.866,-0.5
0,24.1304,94.4977,2019-03-09,0.0,1.8,11.3,24.8,9.5,458.7,0.21,1.0,0.0
0,35.6802,74.5755,2018-07-27,19.6,32.4,37.8,40.6,19.6,3130.4,0.8,-0.5,-0.866
0,26.7569,82.1311,2020-08-21,5.7,8.7,26.3,96.6,13.2,104.8,0.01,-0.866,-0.5
0,32.8553,89.4752,2013-09-03,4.5,13.5,33.7,70.8,6.6,5005.1,0.15,-1.0,-0.0
0,31.4109,85.7247,2012-09-27,0.0,0.0,0.0,21.4,0.0,5007.8,0.04,-1.0,-0.0
0,25.1964,83.0687,2017-05-22,0.0,0.0,2.1,9.4,1.8,188.2,0.12,0.5,-0.866
0,34.1706,85.5977,2019-03-13,0.1,0.7,2.8,5.9,1.1,5100.2,0.15,1.0,0.0
0,31.2954,85.8626,2008-05-20,0.4,5.6,10.1,24.9,3.0,5007.8,0.05,0.5,-0.866
0,24.1714,89.8711,2010-09-23,0.1,11.0,62.1,157.6,20.5,11.3,0.0,-1.0,-0.0
0,14.998,93.8646,2007-07-07,16.8,63.4,136.2,274.2,26.4,0.0,0.0,-0.5,-0.866
0,32.1493,80.4951,2019-06-09,0.0,0.0,0.0,0.0,0.0,5038.3,0.08,0.0,-1.0
0,29.1492,80.1902,2012-09-16,7.6,79.4,130.5,232.9,57.7,475.4,1.78,-1.0,-0.0
0,29.7258,79.7448,2010-04-28,1.8,1.8,2.1,4.4,1.8,1463.1,2.06,0.866,-0.5
0,28.9344,81.1745,2010-08-06,3.9,76.0,108.4,210.9,62.1,1224.7,2.23,-0.866,-0.5
0,12.9337,79.8165,2008-06-18,0.0,0.0,4.8,24.3,4.4,49.0,0.07,0.0,-1.0
0,20.6501,85.7072,2014-03-09,2.3,4.0,43.4,44.5,39.3,73.0,0.11,1.0,0.0
0,26.5899,79.9608,2009-05-01,0.0,0.0,0.0,0.0,0.0,130.1,0.01,0.5,-0.866
0,35.2013,93.8453,2015-09-19,0.7,6.3,16.3,42.3,5.8,4554.0,0.04,-1.0,-0.0
0,29.2242,96.3565,2007-07-15,7.6,31.1,75.7,104.3,17.2,3639.7,0.68,-0.5,-0.866
0,18.4679,90.0892,2012-06-18,58.2,152.5,306.6,368.0,88.1,0.0,0.0,0.0,-1.0
0,34.9135,88.1517,2013-10-16,0.0,1.1,6.1,9.5,4.3,5005.4,0.04,-0.866,0.5
0,13.5458,75.1407,2013-05-08,3.1,3.7,11.6,35.3,4.9,365.7,0.59,0.5,-0.866
0,29.4273,83.9735,2018-02-16,0.0,0.0,17.3,20.6,12.8,5082.4,0.08,0.866,0.5
0,25.12,82.524,2015-12-19,0.0,0.0,0.0,0.2,0.0,166.9,0.12,-0.0,1.0
0,21.2242,97.0396,2019-10-09,1.8,3.2,26.8,43.7,8.0,1177.1,0.21,-0.866,0.5
0,22.5195,77.314,2008-07-09,23.7,34.9,39.2,83.0,23.7,389.5,0.08,-0.5,-0.866
0,31.967,70.1047,2017-04-08,0.0,0.0,9.7,16.3,5.6,907.8,0.58,0.866,-0.5
0,14.6374,81.1245,2023-09-12,0.0,8.3,9.0,64.4,8.0,0.0,0.0,-1.0,-0.0
0,12.8171,79.7128,2008-03-16,0.2,5.1,17.2,17.2,7.2,49.0,0.25,1.0,0.0
0,15.736,80.16,2007-04-01,0.0,0.0,0.0,0.0,0.0,41.7,0.14,0.866,-0.5
0,12.1571,94.0238,2012-07-08,14.0,23.3,59.3,126.5,14.0,0.2,0.0,-0.5,-0.866
0,27.9481,87.0567,2015-09-08,0.0,3.0,24.9,63.2,11.7,4854.7,2.05,-1.0,-0.0
0,7.0819,69.4641,2010-07-06,8.3,44.3,51.0,109.8,26.0,0.0,0.0,-0.5,-0.866
0,30.0718,82.7027,2008-06-23,0.4,2.5,11.1,43.9,2.9,4955.6,0.41,0.0,-1.0
0,28.8417,84.2126,2016-04-16,0.0,5.0,9.4,21.0,3.4,5003.9,1.67,0.866,-0.5
0,22.8086,77.5486,2012-07-28,46.8,84.2,175.3,217.3,57.8,428.9,0.05,-0.5,-0.866
0,9.7117,73.6527,2019-01-21,0.0,0.0,0.0,0.0,0.0,0.0,0.0,0.5,0.866
0,17.3278,89.9326,2018-10-27,26.3,32.3,32.3,39.8,26.3,0.0,0.0,-0.866,0.5
0,9.4136,89.3926,2013-07-07,20.4,52.3,94.3,117.9,20.4,0.0,0.0,-0.5,-0.866
0,28.8833,90.6054,2021-08-22,11.1,14.4,57.6,87.7,20.5,4652.0,0.38,-0.866,-0.5
0,34.5056,94.6233,2018-07-11,0.1,4.4,20.6,73.2,6.7,4626.2,0.15,-0.5,-0.866
0,18.8703,86.6806,2014-09-11,6.9,16.5,140.7,321.1,77.4,0.0,0.0,-1.0,-0.0
0,15.51,74.5457,2015-09-01,1.0,2.3,7.8,35.9,2.0,446.0,0.26,-1.0,-0.0
0,34.0734,83.0825,2011-08-19,1.6,8.0,28.1,37.8,6.0,5136.3,0.1,-0.866,-0.5
0,34.1561,77.8645,2020-10-14,0.0,0.0,0.0,0.0,0.0,4953.0,0.77,-0.866,0.5
0,34.4074,71.5559,2007-09-24,0.1,11.0,20.4,24.7,10.9,991.3,0.29,-1.0,-0.0
0,16.0795,84.6649,2014-06-23,0.0,0.0,5.6,17.4,2.4,0.0,0.0,0.0,-1.0
0,29.361,82.1872,2013-05-13,9.2,30.4,33.5,65.0,11.1,2890.9,2.51,0.5,-0.866
0,9.8759,80.2007,2017-06-07,1.1,1.3,2.2,4.4,1.1,0.8,0.01,0.0,-1.0
0,34.9682,95.3385,2016-10-27,1.2,7.3,11.1,14.7,6.1,4622.6,0.05,-0.866,0.5
0,7.1824,74.1658,2023-07-07,2.7,44.8,108.6,224.2,27.9,0.0,0.0,-0.5,-0.866
0,29.0107,84.1896,2007-08-05,2.7,5.0,24.5,81.9,8.6,5003.9,0.84,-0.866,-0.5
0,17.7982,94.7282,2012-07-09,26.6,74.8,166.3,656.3,30.1,213.5,0.09,-0.5,-0.866
0,20.4488,95.8827,2015-02-22,0.0,0.0,0.0,0.0,0.0,295.5,0.23,0.866,0.5
0,17.3066,71.1828,2019-06-21,1.8,5.3,15.2,128.1,4.2,0.0,0.0,0.0,-1.0
0,34.1681,76.9954,2012-07-24,0.0,0.0,1.8,31.4,1.2,4452.1,0.12,-0.5,-0.866
0,26.8398,93.7447,2014-08-14,133.4,274.8,337.1,576.8,133.4,474.7,0.0,-0.866,-0.5
0,16.0249,84.4415,2012-11-04,5.5,5.9,58.1,58.5,27.7,0.0,0.0,-0.5,0.866
0,32.904,80.2142,2015-07-15,0.4,16.2,58.4,80.6,14.6,4906.9,0.06,-0.5,-0.866
0,33.1276,80.6129,2019-09-20,0.0,0.0,0.0,0.0,0.0,4969.5,0.09,-1.0,-0.0
0,25.7418,88.7713,2021-02-04,0.0,0.0,0.0,0.0,0.0,33.1,0.01,0.866,0.5
0,20.207,93.8941,2023-10-08,1.8,17.0,65.3,187.5,30.7,216.3,0.52,-0.866,0.5
0,29.4548,96.3965,2019-05-15,1.6,34.4,87.1,162.8,28.3,4365.4,1.1,0.5,-0.866
0,28.0512,71.6446,2018-04-15,0.0,0.0,5.6,5.8,3.7,131.3,0.03,0.866,-0.5
0,9.0592,88.8647,2012-08-17,8.0,9.8,10.3,12.4,8.0,0.0,0.0,-0.866,-0.5
0,17.8604,79.2279,2011-09-11,1.1,1.1,13.1,88.2,9.0,305.8,0.17,-1.0,-0.0
0,11.3637,72.2659,2020-09-02,17.8,26.5,34.9,43.3,17.8,0.0,0.0,-1.0,-0.0
0,15.7419,89.5398,2012-11-10,1.5,1.5,2.1,6.6,1.5,0.0,0.0,-0.5,0.866
0,32.965,76.2043,2013-08-27,4.6,10.5,28.6,139.4,8.5,3371.1,1.16,-0.866,-0.5
0,34.1115,69.4464,2012-07-06,0.0,0.0,0.5,7.5,0.5,2499.4,0.3,-0.5,-0.866
0,26.6627,86.0271,2012-08-20,7.8,10.7,41.2,92.5,10.6,132.7,0.43,-0.866,-0.5
0,35.4888,90.1054,2009-06-02,1.5,2.2,3.3,29.8,1.5,4986.5,0.08,0.0,-1.0
0,34.3132,86.1216,2022-07-24,0.0,0.4,4.4,53.8,2.4,5265.1,0.16,-0.5,-0.866
0,35.8777,68.0466,2010-01-21,0.0,0.0,1.5,2.2,1.5,1997.4,1.21,0.5,0.866
0,25.7185,88.3555,2016-05-03,0.5,1.1,3.6,3.9,2.0,33.5,0.01,0.5,-0.866
0,33.2617,83.8405,2020-06-26,0.0,0.0,0.0,0.3,0.0,5010.1,0.15,0.0,-1.0
0,34.3337,69.6527,2017-07-19,2.5,4.3,13.8,19.0,4.0,2088.4,0.49,-0.5,-0.866
0,8.4864,72.4045,2019-09-11,2.5,3.8,5.6,33.3,2.5,0.0,0.0,-1.0,-0.0
0,21.4116,75.0104,2013-07-10,28.9,30.2,83.6,199.4,39.7,292.1,0.03,-0.5,-0.866
0,11.1223,78.0334,2023-07-28,1.0,2.4,23.0,26.6,9.9,216.9,0.06,-0.5,-0.866
0,35.2489,84.509,2018-04-18,0.5,0.8,3.3,5.9,1.9,5031.0,0.09,0.866,-0.5
0,35.7105,90.2944,2009-07-05,0.6,11.0,34.2,67.8,9.6,4986.5,0.11,-0.5,-0.866
0,27.0343,88.9514,2014-07-08,16.7,49.3,112.0,271.8,24.4,1212.3,3.39,-0.5,-0.866
0,20.3373,73.0386,2011-09-20,1.4,5.4,41.8,107.2,19.5,123.2,0.37,-1.0,-0.0
0,30.0294,80.8429,2014-09-18,1.0,2.9,29.7,72.3,14.2,3297.8,1.05,-1.0,-0.0
0,11.7852,96.1986,2019-03-04,0.0,0.0,0.0,0.0,0.0,0.0,0.0,1.0,0.0
0,16.3222,87.0272,2011-02-07,0.0,0.0,0.0,0.0,0.0,0.0,0.0,0.866,0.5
0,27.6006,92.2122,2016-06-28,8.6,26.0,72.4,172.4,13.2,2753.9,0.5,0.0,-1.0
0,32.4704,74.9396,2017-08-13,29.0,46.9,80.1,250.8,29.0,465.4,0.43,-0.866,-0.5
0,35.7493,72.0054,2020-04-26,0.0,0.0,0.1,83.3,0.1,2921.8,0.86,0.866,-0.5
0,14.3376,88.6729,2023-07-26,5.3,59.5,166.5,214.2,38.7,0.0,0.0,-0.5,-0.866
0,29.0828,80.182,2021-06-22,8.7,13.2,64.9,150.1,19.6,475.4,1.16,0.0,-1.0
0,26.8548,96.372,2010-08-02,25.1,85.3,235.6,502.9,78.0,967.4,0.39,-0.866,-0.5
0,34.0314,86.804,2015-11-14,0.0,0.0,0.1,0.1,0.1,5048.0,0.07,-0.5,0.866
0,26.6841,92.5348,2023-01-04,0.0,0.0,0.0,0.0,0.0,173.9,0.79,0.5,0.866
0,32.1932,71.8323,2012-08-21,6.6,7.1,17.5,26.9,7.0,184.0,0.26,-0.866,-0.5
0,31.8215,91.0376,2014-09-18,0.0,5.7,51.2,89.6,17.8,4782.8,0.08,-1.0,-0.0
0,18.5184,86.652,2018-11-03,0.0,2.8,196.7,199.6,120.8,0.0,0.0,-0.5,0.866
0,22.5388,96.3473,2016-03-15,0.0,0.0,0.0,0.0,0.0,440.4,0.16,1.0,0.0
0,15.4661,79.5081,2018-04-23,1.7,2.7,3.5,6.2,1.7,185.9,0.21,0.866,-0.5
0,35.4972,68.4843,2008-06-11,0.0,0.0,0.0,5.5,0.0,2389.8,1.36,0.0,-1.0
0,34.7027,93.6709,2014-07-24,0.0,4.3,34.8,48.4,14.0,4619.9,0.08,-0.5,-0.866
0,34.2445,69.0879,2007-04-21,0.1,0.2,1.1,1.1,0.7,2499.4,0.45,0.866,-0.5
0,27.3889,84.3255,2008-07-19,16.7,32.9,224.3,312.5,101.0,357.8,0.85,-0.5,-0.866
0,15.0119,88.4584,2011-09-16,1.7,3.3,67.6,142.8,32.9,0.0,0.0,-1.0,-0.0
0,34.6427,86.0109,2022-02-06,0.0,1.6,5.2,6.5,1.6,5265.1,0.11,0.866,0.5
0,19.0636,84.4525,2010-05-17,0.0,4.1,5.1,29.6,3.4,231.8,0.23,0.5,-0.866
0,14.7928,73.7147,2022-09-22,1.0,2.9,20.6,105.2,7.4,43.3,0.15,-1.0,-0.0
0,15.0519,80.8228,2021-06-26,4.9,11.1,11.1,12.5,4.9,0.4,0.0,0.0,-1.0
0,24.2812,77.6162,2017-05-22,0.3,0.4,0.5,1.8,0.3,488.1,0.01,0.5,-0.866
0,35.7667,73.9652,2008-04-23,1.4,1.4,1.4,28.8,1.4,3724.9,0.64,0.866,-0.5
0,29.3102,74.4857,2012-06-06,1.9,1.9,2.1,2.1,1.9,187.8,0.01,0.0,-1.0
0,34.998,71.915,2009-06-21,0.1,0.4,14.5,14.8,12.2,1775.6,1.87,0.0,-1.0
0,12.0484,93.7108,2007-08-23,3.6,33.9,63.5,112.6,20.7,0.2,0.01,-0.866,-0.5
0,10.6522,77.8804,2022-07-21,0.6,13.7,26.4,48.7,12.4,235.8,0.23,-0.5,-0.866
0,29.0952,90.4461,2023-06-09,0.6,0.6,2.4,7.9,1.2,4652.0,0.23,0.0,-1.0
0,21.0868,83.5371,2016-04-23,0.0,0.0,2.4,2.4,2.1,184.3,0.06,0.866,-0.5
0,20.0594,78.8603,2009-08-23,18.0,43.4,87.9,100.9,24.0,270.8,0.08,-0.866,-0.5
0,12.1506,94.0774,2012-03-13,0.2,8.1,8.6,8.6,4.4,0.1,0.0,1.0,0.0
0,10.9502,76.3893,2012-11-20,1.0,2.5,2.9,27.8,1.5,370.9,0.5,-0.5,0.866
0,11.3376,71.4491,2011-12-19,0.0,0.8,0.9,1.9,0.8,0.0,0.0,-0.0,1.0
0,26.4666,96.8517,2012-04-15,0.2,3.6,4.8,9.8,3.4,558.2,0.53,0.866,-0.5
0,34.9337,95.3704,2023-04-24,0.0,7.1,8.7,13.7,4.4,4622.6,0.05,0.866,-0.5
0,30.4873,89.492,2010-10-11,0.8,1.3,6.8,9.8,4.0,5111.3,0.2,-0.866,0.5
0,15.7425,79.8481,2018-09-15,2.0,24.4,35.1,39.4,16.4,41.7,0.24,-1.0,-0.0
0,17.5889,78.9985,2016-06-12,2.2,8.6,53.8,113.0,23.8,494.6,0.13,0.0,-1.0
0,35.8257,93.7919,2021-03-24,0.4,0.7,1.5,3.6,0.5,4413.4,0.28,1.0,0.0
0,28.7458,80.2605,2020-07-06,8.3,29.7,116.1,244.6,78.3,193.7,0.39,-0.5,-0.866
0,10.8092,76.9453,2017-12-17,0.0,0.0,9.5,14.8,6.7,540.9,0.09,-0.0,1.0
0,27.8074,90.2797,2019-04-06,4.0,4.5,20.0,48.0,9.4,4692.7,1.63,0.866,-0.5
0,11.1207,76.855,2022-08-21,4.1,5.6,17.4,36.7,6.2,540.9,0.58,-0.866,-0.5
0,33.7038,87.0212,2015-01-25,0.0,0.2,0.6,0.7,0.4,5004.2,0.1,0.5,0.866
0,21.2915,96.6334,2022-08-12,49.1,64.8,135.6,210.2,49.1,880.5,0.48,-0.866,-0.5
0,14.6438,88.59,2018-06-18,0.0,1.3,32.9,208.6,19.0,0.0,0.0,0.0,-1.0
0,21.6015,92.5314,2023-09-18,50.1,118.2,157.8,262.4,60.6,208.3,0.25,-1.0,-0.0
0,32.2045,72.1996,2013-05-05,0.0,0.0,0.0,2.0,0.0,178.6,0.36,0.5,-0.866
0,29.1365,91.0799,2013-10-07,0.1,5.9,25.6,38.2,6.6,4609.3,0.04,-0.866,0.5
0,34.9637,78.2612,2014-04-17,0.0,0.6,1.8,12.2,1.0,5399.9,0.23,0.866,-0.5
0,35.7074,70.9112,2022-05-17,0.7,1.6,1.6,12.5,0.9,3901.4,0.66,0.5,-0.866
0,18.7273,90.4616,2010-06-15,34.3,116.3,180.7,191.8,41.9,0.0,0.0,0.0,-1.0
0,27.1114,92.8122,2016-05-14,24.9,42.6,54.0,98.4,24.9,922.5,2.25,0.5,-0.866
0,26.6629,79.6929,2009-07-22,1.8,39.8,59.4,134.2,28.6,130.1,0.01,-0.5,-0.866
0,10.0765,79.6469,2012-08-04,0.0,0.0,0.1,5.2,0.1,11.3,0.01,-0.866,-0.5
0,8.4413,96.7686,2019-06-20,3.9,11.0,27.8,139.0,10.9,0.0,0.0,0.0,-1.0
0,29.1891,91.629,2022-11-12,0.0,0.0,0.0,0.1,0.0,4664.7,0.04,-0.5,0.866
0,10.9212,81.4117,2022-04-16,0.4,6.4,22.1,56.4,5.3,0.0,0.0,0.866,-0.5
0,36.2213,93.9637,2017-04-15,3.1,9.8,14.9,16.9,6.7,4413.4,0.95,0.866,-0.5
0,32.0862,81.0554,2016-02-06,0.0,0.0,0.0,0.5,0.0,5056.1,0.08,0.866,0.5
0,21.3407,96.6407,2016-08-12,8.9,17.6,51.3,160.1,15.0,880.5,0.53,-0.866,-0.5
0,17.9172,80.6304,2018-12-14,1.2,1.6,3.7,4.9,1.6,179.5,0.01,-0.0,1.0
0,33.8117,69.9323,2012-06-11,0.1,1.4,7.0,9.1,2.2,2107.1,0.58,0.0,-1.0
0,23.6762,91.8456,2013-04-22,4.9,5.0,106.4,109.9,45.1,134.3,0.13,0.866,-0.5
0,31.7114,83.8071,2016-06-02,0.0,1.1,5.8,8.9,3.2,5030.6,0.17,0.0,-1.0
0,19.3132,78.2458,2016-03-27,0.0,0.0,0.0,0.4,0.0,373.5,0.03,1.0,0.0
0,32.9269,86.5214,2022-07-06,0.0,0.0,0.4,5.4,0.3,5103.3,0.16,-0.5,-0.866
0,34.6149,83.7152,2020-08-25,0.0,0.0,3.5,5.0,1.8,5105.4,0.17,-0.866,-0.5
0,31.879,75.8746,2015-06-06,0.0,11.6,17.4,29.3,6.0,395.6,0.58,0.0,-1.0
0,27.1056,74.9658,2013-05-05,0.0,0.0,0.0,2.3,0.0,403.5,0.02,0.5,-0.866
0,7.3311,91.5128,2020-06-16,6.0,20.1,45.0,135.0,12.0,0.0,0.0,0.0,-1.0
0,33.5172,80.0067,2009-06-22,0.0,0.0,0.0,0.2,0.0,4856.5,0.19,0.0,-1.0
0,23.6292,82.7573,2023-04-22,2.8,3.6,3.7,4.2,2.8,612.5,0.19,0.866,-0.5
0,34.565,74.4312,2015-04-07,1.7,1.7,54.6,124.8,31.8,2569.6,1.6,0.866,-0.5
0,35.3995,93.9433,2022-11-12,0.0,0.3,0.9,1.3,0.5,4603.5,0.12,-0.5,0.866
0,27.9701,92.2303,2008-01-20,0.0,4.0,4.0,4.5,2.8,4418.8,1.22,0.5,0.866
0,33.9767,86.6249,2020-10-25,0.0,0.0,0.0,0.0,0.0,5048.0,0.08,-0.866,0.5
0,30.4859,73.8606,2019-07-06,6.7,6.7,9.3,9.9,6.7,174.6,0.01,-0.5,-0.866
0,34.9433,95.2318,2014-08-21,1.1,10.8,13.2,35.9,9.4,4572.0,0.04,-0.866,-0.5
0,17.9622,80.7236,2016-05-07,0.0,1.3,5.6,5.7,1.8,179.5,0.02,0.5,-0.866
0,28.3012,73.5862,2011-05-26,0.7,0.7,1.9,2.0,0.7,211.3,0.05,0.5,-0.866
0,27.9001,88.8994,2009-09-09,1.3,4.4,15.6,34.7,5.7,4609.4,2.9,-1.0,-0.0
0,9.1894,88.9525,2010-07-09,3.4,6.7,24.9,54.4,11.5,0.0,0.0,-0.5,-0.866
0,15.8981,96.8662,2015-07-27,19.9,85.6,190.7,403.9,60.6,0.1,0.01,-0.5,-0.866
0,14.9878,93.8696,2015-08-25,16.2,56.8,125.5,180.8,25.9,0.0,0.0,-0.866,-0.5
0,29.4103,72.4623,2021-09-22,0.5,2.1,2.1,17.8,1.6,137.4,0.02,-1.0,-0.0
0,14.3067,88.8259,2008-07-16,0.3,3.4,25.7,88.8,10.7,0.0,0.0,-0.5,-0.866
0,9.8747,89.233,2009-04-12,19.0,56.6,93.9,108.9,28.2,0.0,0.0,0.866,-0.5
0,31.1772,84.6158,2007-08-07,5.0,8.9,13.8,57.1,5.0,4945.8,0.15,-0.866,-0.5
0,28.814,84.1411,2019-08-03,2.0,21.5,54.4,93.4,17.6,5003.9,1.66,-0.866,-0.5
0,14.1549,75.0824,2009-09-13,1.8,3.7,12.7,222.3,2.8,471.4,0.24,-1.0,-0.0
0,25.915,96.1558,2022-04-10,13.6,21.3,32.7,72.4,13.6,546.6,0.15,0.866,-0.5
0,17.2713,70.8353,2022-06-07,12.1,13.5,13.5,13.6,12.1,0.0,0.0,0.0,-1.0
0,15.5118,97.0335,2014-08-10,19.4,95.2,239.1,409.1,45.1,0.0,0.01,-0.866,-0.5
0,15.9184,89.3608,2015-09-15,3.2,28.3,51.7,147.9,12.9,0.0,0.0,-1.0,-0.0
0,19.514,68.5285,2012-06-01,0.0,0.0,0.0,0.0,0.0,0.0,0.0,0.0,-1.0
0,20.6447,93.364,2016-08-07,20.1,47.9,105.6,221.6,20.8,135.2,0.58,-0.866,-0.5
0,23.5829,92.5982,2010-02-01,0.0,0.0,0.0,0.0,0.0,432.1,0.0,0.866,0.5
0,28.6123,85.5773,2008-07-10,3.3,11.6,32.3,97.7,6.6,4836.2,1.35,-0.5,-0.866
0,10.4348,76.6551,2018-08-14,109.6,201.7,301.7,409.4,109.6,540.5,0.61,-0.866,-0.5
0,11.7414,93.3541,2009-07-26,4.2,22.1,66.2,160.3,20.4,5.7,0.01,-0.5,-0.866
0,29.6028,84.4322,2023-10-28,0.0,0.0,0.3,4.2,0.3,4886.3,0.3,-0.866,0.5
0,35.3794,90.295,2010-12-26,0.0,0.0,0.0,0.0,0.0,4986.5,0.08,-0.0,1.0
0,31.2083,69.2381,2010-04-21,0.0,0.5,0.5,1.3,0.3,1643.3,0.31,0.866,-0.5
0,29.3589,82.7025,2018-10-05,0.0,0.0,0.0,9.0,0.0,4306.6,1.83,-0.866,0.5
0,28.1465,77.254,2015-06-27,0.0,6.9,33.2,49.8,24.3,190.9,0.02,0.0,-1.0
0,34.1509,71.5036,2010-09-04,2.5,3.7,4.7,19.3,2.5,986.6,0.09,-1.0,-0.0
0,15.6477,79.0466,2011-06-01,1.8,6.8,10.1,16.1,3.8,314.0,0.15,0.0,-1.0
0,10.7642,85.3939,2016-02-10,0.0,0.2,0.7,0.7,0.5,0.0,0.0,0.866,0.5
0,12.9674,92.1642,2018-07-04,15.4,38.0,52.1,113.5,15.4,0.0,0.01,-0.5,-0.866
0,29.3585,82.8905,2021-07-15,1.5,5.6,37.2,56.0,11.8,4874.7,1.53,-0.5,-0.866
0,23.6598,91.4867,2010-08-18,5.2,24.6,61.2,103.7,14.4,28.1,0.08,-0.866,-0.5
0,21.2442,95.5485,2020-06-06,10.5,14.8,23.2,49.9,10.5,260.1,0.14,0.0,-1.0
0,15.6384,79.999,2023-03-21,2.2,5.2,156.9,157.0,84.5,41.7,0.18,1.0,0.0
0,15.5192,79.6615,2015-04-05,0.0,0.8,1.1,1.1,0.8,185.9,0.22,0.866,-0.5
0,35.2698,77.6895,2007-10-05,0.6,1.0,1.9,11.9,0.9,5536.6,0.53,-0.866,0.5
0,30.1192,87.1484,2021-03-01,0.0,0.0,0.0,0.5,0.0,5266.2,0.01,1.0,0.0
0,26.6674,78.4133,2018-09-27,0.0,0.0,24.7,25.1,14.4,177.6,0.04,-1.0,-0.0
0,26.693,87.1759,2020-09-11,26.8,83.3,168.3,215.1,31.7,210.0,0.84,-1.0,-0.0
0,21.3672,83.2591,2014-02-24,0.0,0.0,0.0,8.2,0.0,258.6,0.05,0.866,0.5
0,19.4585,68.7087,2015-09-11,0.0,0.5,0.5,3.3,0.5,0.0,0.0,-1.0,-0.0
0,34.0014,79.1332,2009-10-23,0.0,0.0,0.0,0.7,0.0,5225.9,0.28,-0.866,0.5
0,15.3475,79.2529,2020-03-25,0.0,0.0,0.1,0.2,0.1,185.9,0.12,1.0,0.0
0,13.4934,85.6875,2021-08-01,7.3,15.9,19.4,97.9,7.3,0.0,0.0,-0.866,-0.5
0,16.3458,73.6782,2009-04-20,0.0,0.0,0.0,3.3,0.0,281.5,0.29,0.866,-0.5
0,24.2866,92.803,2023-10-05,12.3,36.6,89.8,151.7,30.2,113.2,0.4,-0.866,0.5
0,10.9223,77.1059,2007-06-12,2.8,5.8,22.1,33.1,8.1,540.9,0.42,0.0,-1.0
0,31.0755,84.5038,2013-02-12,0.0,0.0,0.1,4.5,0.1,4945.8,0.36,0.866,0.5
0,18.5094,92.3695,2009-01-01,0.0,0.0,0.0,0.0,0.0,0.0,0.0,0.5,0.866
0,25.44,94.9249,2013-06-01,1.5,64.7,114.0,228.7,34.1,1050.2,0.41,0.0,-1.0
0,20.1861,78.9044,2023-06-06,0.0,0.5,0.5,0.5,0.5,270.8,0.05,0.0,-1.0
0,10.0548,94.0403,2013-04-07,0.0,0.0,0.0,0.0,0.0,0.0,0.0,0.866,-0.5
0,30.1876,77.6666,2015-02-26,13.0,23.8,23.8,28.2,13.0,318.8,1.93,0.866,0.5
0,11.523,79.4494,2023-10-25,0.0,8.7,18.8,78.0,7.7,56.2,0.05,-0.866,0.5
0,26.7532,75.3757,2015-09-25,0.0,0.0,0.8,3.1,0.6,405.7,0.03,-1.0,-0.0
0,26.1227,97.1836,2019-11-28,0.0,2.0,7.8,31.1,2.0,585.5,0.18,-0.5,0.866
0,27.0729,79.8994,2016-09-18,10.9,37.4,55.0,56.6,13.8,136.3,0.01,-1.0,-0.0
0,35.9052,74.024,2019-06-18,5.1,5.4,18.3,99.2,6.0,3724.9,0.35,0.0,-1.0
0,27.5095,88.9936,2012-06-20,8.4,23.7,98.4,146.8,35.7,3239.6,1.8,0.0,-1.0
0,27.4557,70.8183,2014-08-02,3.6,4.9,5.0,18.3,3.6,132.8,0.03,-0.866,-0.5
0,18.8383,90.4749,2009-04-12,0.0,0.0,0.0,0.0,0.0,0.0,0.0,0.866,-0.5
0,29.1619,82.8796,2021-09-14,1.0,13.1,17.8,27.9,8.6,4502.6,1.52,-1.0,-0.0
0,25.666,87.9309,2019-07-11,35.8,156.3,247.1,269.7,77.3,33.5,0.02,-0.5,-0.866
0,31.1128,92.8261,2010-05-01,1.6,9.0,10.6,21.8,6.1,5045.1,0.19,0.5,-0.866
0,11.8171,71.6625,2009-09-06,4.8,11.0,31.7,50.5,11.7,0.0,0.0,-1.0,-0.0
0,29.6723,90.6299,2014-10-12,0.0,0.5,3.6,18.6,1.5,4565.4,0.54,-0.866,0.5
0,16.1804,86.4902,2019-08-18,2.6,5.1,23.0,124.1,13.2,0.0,0.0,-0.866,-0.5
0,34.6677,71.5637,2017-05-12,3.7,7.2,16.0,19.1,4.1,775.2,1.2,0.5,-0.866
0,20.2633,69.9475,2018-09-21,0.0,0.0,2.0,10.3,1.2,0.2,0.0,-1.0,-0.0
0,35.9931,71.0035,2012-07-28,0.0,2.9,6.2,14.1,2.9,4041.2,0.52,-0.5,-0.866
0,26.837,96.6848,2012-08-11,1.8,17.4,69.4,326.3,25.3,1287.7,0.43,-0.866,-0.5
0,21.6026,88.7866,2010-01-01,0.0,0.0,0.0,0.0,0.0,1.0,0.0,0.5,0.866
0,15.7655,89.7684,2009-09-20,0.2,17.2,25.8,69.6,8.9,0.0,0.0,-1.0,-0.0
0,28.6777,77.6964,2008-06-21,2.5,5.3,70.6,142.4,24.8,206.4,0.01,0.0,-1.0
0,33.699,87.6177,2014-05-22,0.4,0.4,0.4,5.4,0.4,5130.4,0.11,0.5,-0.866
0,34.6482,71.704,2013-05-18,0.0,0.0,1.9,12.0,1.7,775.2,0.89,0.5,-0.866
0,15.0606,81.224,2022-08-09,0.0,25.8,44.1,77.6,23.5,0.0,0.0,-0.866,-0.5
0,32.1213,90.3863,2011-10-20,0.0,0.0,0.0,0.5,0.0,4788.8,0.09,-0.866,0.5
0,23.0856,73.1831,2021-06-10,0.0,0.3,3.8,3.8,1.4,83.3,0.08,0.0,-1.0
0,27.9459,73.7736,2007-10-01,0.0,0.0,0.5,7.1,0.5,263.3,0.06,-0.866,0.5
0,29.6381,90.1715,2022-06-23,3.6,7.6,13.2,66.3,4.0,4813.3,0.37,0.0,-1.0
0,25.4286,87.9546,2011-08-21,1.7,7.7,129.3,220.6,55.6,33.5,0.01,-0.866,-0.5
0,29.6292,87.0097,2009-10-13,0.0,0.0,9.3,25.0,7.8,5080.1,0.2,-0.866,0.5
0,24.0824,89.651,2009-09-24,8.4,12.1,47.4,75.3,14.2,12.0,0.0,-1.0,-0.0
0,14.5706,74.181,2016-09-23,15.3,27.6,44.2,79.3,15.3,165.7,0.31,-1.0,-0.0
0,12.092,71.9628,2010-07-17,12.7,61.3,76.5,138.2,36.9,0.0,0.0,-0.5,-0.866
0,30.7754,73.6606,2020-12-28,0.0,0.2,0.2,0.2,0.2,184.9,0.02,-0.0,1.0
0,36.1069,90.4602,2017-10-16,1.4,5.7,7.2,8.8,2.2,5115.3,0.04,-0.866,0.5
0,35.7592,93.7558,2021-09-01,0.6,0.6,19.1,33.2,10.4,4413.4,0.29,-1.0,-0.0
0,24.5573,93.6357,2014-06-23,10.3,58.8,127.3,184.1,30.0,869.2,0.99,0.0,-1.0
0,18.8938,73.5441,2017-12-27,0.0,0.0,0.0,0.0,0.0,587.9,2.72,-0.0,1.0
0,6.9989,78.6261,2017-02-26,1.5,2.7,4.3,8.7,1.6,0.0,0.0,0.866,0.5
0,28.5283,76.669,2023-05-05,1.0,2.3,17.4,19.2,7.1,230.3,0.03,0.5,-0.866
0,29.4893,74.5011,2010-05-16,0.0,0.0,0.0,2.2,0.0,187.8,0.02,0.5,-0.866
0,26.4643,95.2207,2009-08-16,39.3,115.7,232.6,428.4,66.4,1061.3,0.0,-0.866,-0.5
0,30.3662,77.8176,2009-05-19,0.0,0.0,0.9,3.6,0.9,1403.9,2.4,0.5,-0.866
0,26.1176,91.1599,2014-11-14,1.1,1.1,1.1,2.8,1.1,174.0,0.66,-0.5,0.866
0,28.7174,95.6477,2018-09-04,1.7,24.3,62.5,201.5,15.9,1961.6,1.45,-1.0,-0.0
0,22.6488,81.5878,2014-04-10,0.0,0.8,0.8,0.8,0.8,482.2,0.18,0.866,-0.5
0,21.3508,88.7721,2017-06-26,6.0,10.9,81.9,216.2,25.2,1.0,0.0,0.0,-1.0
0,11.0811,89.1446,2014-09-26,11.3,19.2,22.5,88.5,11.3,0.0,0.0,-1.0,-0.0
0,28.3219,76.8235,2012-09-28,0.0,0.0,0.0,30.6,0.0,230.3,0.03,-1.0,-0.0
0,30.6308,73.7718,2010-08-12,7.2,54.7,82.8,134.4,31.1,174.6,0.01,-0.866,-0.5
0,26.8495,97.1603,2012-04-14,0.1,15.5,37.4,50.4,11.0,1287.7,0.49,0.866,-0.5
0,34.2796,70.8334,2008-12-06,0.0,0.0,0.0,0.0,0.0,1260.0,0.55,-0.0,1.0
0,27.3118,70.7893,2022-08-13,23.6,30.1,52.8,68.5,23.6,132.8,0.03,-0.866,-0.5
0,16.2569,89.0562,2012-09-18,10.8,27.5,98.2,178.1,34.7,0.0,0.0,-1.0,-0.0
0,9.3662,78.2926,2015-08-10,0.8,1.0,3.9,31.6,1.3,81.4,0.32,-0.866,-0.5
0,34.0532,86.8562,2014-06-25,1.9,4.7,12.8,22.2,2.7,5048.0,0.07,0.0,-1.0
0,26.8465,80.3382,2018-07-15,3.3,25.5,59.4,76.8,19.0,127.6,0.01,-0.5,-0.866
0,34.7503,94.0009,2009-09-10,2.7,7.8,25.4,48.9,7.5,4554.0,0.08,-1.0,-0.0
0,27.9248,88.7265,2023-09-08,7.5,15.0,25.8,73.4,7.5,4609.4,2.88,-1.0,-0.0
0,31.4518,93.0979,2016-09-10,0.0,7.5,31.7,68.6,9.7,4793.0,0.23,-1.0,-0.0
0,31.2718,69.0452,2022-07-20,0.0,0.0,5.4,17.3,3.7,1979.8,0.45,-0.5,-0.866
0,9.7149,78.3168,2018-08-13,0.0,0.9,1.3,6.0,0.9,81.4,0.11,-0.866,-0.5
0,6.7659,80.7087,2023-05-17,7.2,9.6,20.7,77.9,7.2,681.4,0.62,0.5,-0.866
0,33.4553,80.1162,2011-10-01,0.0,0.0,0.0,0.0,0.0,4856.5,0.15,-0.866,0.5
0,14.9667,70.4371,2011-07-20,0.0,5.3,140.1,191.2,51.5,0.0,0.0,-0.5,-0.866
0,28.3775,73.5124,2015-06-04,0.0,2.7,3.5,5.6,1.8,211.3,0.05,0.0,-1.0
0,36.3277,75.297,2022-09-07,0.0,0.0,1.6,40.8,1.6,4491.0,0.36,-1.0,-0.0
0,27.6938,91.8936,2012-08-17,6.5,13.9,36.2,100.2,9.0,3174.7,0.63,-0.866,-0.5
0,10.1138,79.8379,2011-06-07,0.0,3.2,5.1,7.2,3.2,0.8,0.02,0.0,-1.0
0,20.9846,83.451,2007-11-26,0.0,0.0,0.0,0.0,0.0,184.3,0.07,-0.5,0.866
0,35.5246,76.5449,2013-11-02,0.4,6.0,14.5,14.6,5.3,4586.6,1.0,-0.5,0.866
0,35.6462,72.8828,2019-09-13,2.2,4.4,15.1,30.7,4.0,3200.0,0.78,-1.0,-0.0
0,21.6145,89.2571,2014-05-28,3.4,27.1,52.2,52.2,17.4,0.9,0.0,0.5,-0.866
0,16.2369,95.9196,2011-10-09,1.5,21.5,69.8,144.0,15.7,2.3,0.0,-0.866,0.5
0,28.1781,88.2994,2013-11-09,0.0,0.0,0.0,0.6,0.0,4792.4,0.71,-0.5,0.866
0,34.8007,73.322,2012-06-10,1.6,12.4,22.5,28.0,7.1,2534.4,4.64,0.0,-1.0
0,9.507,83.54,2007-08-26,3.8,16.8,42.9,46.0,14.0,0.0,0.0,-0.866,-0.5
0,14.5297,95.6887,2007-08-26,5.2,11.1,61.1,108.9,19.2,0.0,0.0,-0.866,-0.5
0,35.2285,71.137,2009-09-11,1.2,4.1,13.7,36.7,4.1,1993.4,1.26,-1.0,-0.0
0,12.5696,82.1726,2012-07-15,15.0,20.4,35.0,38.0,15.0,0.0,0.0,-0.5,-0.866
0,27.103,89.0881,2012-10-16,0.3,2.3,20.2,69.0,10.1,1784.5,3.27,-0.866,0.5
0,24.6352,73.253,2012-07-20,0.1,1.5,6.1,137.2,1.5,437.5,0.19,-0.5,-0.866
0,26.883,72.4315,2016-08-10,3.6,51.9,87.8,114.2,36.1,259.0,0.02,-0.866,-0.5
0,16.9516,71.0657,2018-10-22,0.0,0.0,18.0,22.8,12.3,0.0,0.0,-0.866,0.5
0,10.9334,81.1775,2009-09-16,0.3,7.9,8.0,10.5,5.1,0.0,0.0,-1.0,-0.0
0,33.8409,78.6453,2011-09-25,0.0,0.0,0.0,3.8,0.0,5205.6,0.22,-1.0,-0.0
0,12.8221,74.6253,2011-09-04,8.4,56.8,299.7,407.8,133.1,6.8,0.0,-1.0,-0.0
0,34.0745,82.8052,2012-08-14,8.5,14.7,47.6,89.6,14.4,5198.6,0.1,-0.866,-0.5
0,7.3415,76.3251,2013-07-03,0.2,4.2,34.1,102.8,8.8,0.0,0.0,-0.5,-0.866
0,23.4122,91.3117,2009-02-11,0.0,0.0,0.0,0.1,0.0,28.1,0.04,0.866,0.5
0,34.4068,78.0718,2016-09-11,0.0,0.0,0.2,13.9,0.2,5243.7,0.64,-1.0,-0.0
0,31.4165,70.727,2016-10-11,0.0,0.0,0.3,0.8,0.3,290.6,0.48,-0.866,0.5
0,11.436,78.3036,2012-07-16,0.8,10.9,19.5,40.9,5.5,316.6,0.2,-0.5,-0.866
0,31.1905,84.5468,2009-10-07,1.1,2.2,6.8,6.8,4.5,4945.8,0.16,-0.866,0.5
0,25.6675,85.0621,2013-02-24,0.0,0.3,0.3,15.7,0.3,59.4,0.02,0.866,0.5
0,11.483,79.1379,2007-06-07,10.8,45.8,47.7,68.1,25.5,56.2,0.25,0.0,-1.0
0,17.6077,78.7319,2023-06-10,0.6,0.6,13.6,18.2,12.6,494.6,0.11,0.0,-1.0
0,25.5232,88.7117,2010-11-28,0.0,0.0,0.0,0.5,0.0,33.1,0.01,-0.5,0.866
0,33.5056,80.2294,2018-01-05,0.0,0.0,0.7,0.7,0.7,4856.5,0.18,0.5,0.866
0,31.7231,83.3094,2017-09-11,0.0,0.2,1.0,26.6,0.5,4967.4,0.09,-1.0,-0.0
0,14.7489,95.5818,2010-08-21,4.5,4.8,31.2,192.1,9.8,0.0,0.0,-0.866,-0.5
0,9.8279,95.3524,2016-04-05,0.0,0.0,0.3,0.4,0.3,0.0,0.0,0.866,-0.5
0,33.8816,74.1352,2007-04-26,0.0,4.4,14.2,23.7,4.3,2235.4,0.62,0.866,-0.5
0,28.3323,95.7255,2013-06-16,3.0,4.2,7.2,54.5,3.0,1961.6,1.6,0.0,-1.0
0,35.0969,78.2823,2021-07-10,0.0,0.1,1.4,5.5,0.6,5399.9,0.17,-0.5,-0.866
0,28.8558,82.6262,2013-07-13,14.6,48.5,149.7,323.7,36.5,3182.0,2.61,-0.5,-0.866
0,35.3561,71.0354,2016-09-19,0.2,0.4,11.8,16.8,6.4,3323.6,1.25,-1.0,-0.0
0,19.9821,94.2388,2020-11-09,0.0,0.3,4.1,72.9,1.8,353.2,0.04,-0.5,0.866
0,27.988,95.915,2009-09-22,4.2,61.9,117.8,144.2,40.6,315.3,1.58,-1.0,-0.0
0,30.9018,73.8454,2022-02-16,0.1,0.1,0.1,7.4,0.1,184.9,0.01,0.866,0.5
0,7.9038,76.0953,2012-04-15,0.4,1.9,8.3,11.5,4.1,0.0,0.0,0.866,-0.5
0,33.8493,76.3888,2008-09-13,0.0,0.0,11.2,29.5,7.6,4549.5,0.23,-1.0,-0.0
0,34.5233,93.6064,2008-05-26,5.9,13.1,15.9,29.6,5.9,4619.9,0.04,0.5,-0.866
0,14.5974,73.025,2010-04-15,0.0,0.0,0.0,0.0,0.0,0.0,0.0,0.866,-0.5
0,25.6071,87.7129,2022-07-08,1.0,1.8,5.4,106.2,1.5,49.1,0.02,-0.5,-0.866
0,26.3381,96.8023,2022-06-24,40.9,146.6,285.6,613.7,56.8,558.2,0.05,0.0,-1.0
0,35.653,69.7779,2021-01-07,0.3,0.3,0.3,0.3,0.3,3733.2,1.66,0.5,0.866
0,31.0553,73.5436,2023-04-07,0.0,0.8,29.7,76.2,27.0,184.9,0.02,0.866,-0.5
0,21.9178,77.2441,2021-11-23,0.0,4.9,7.4,7.4,2.8,519.4,0.17,-0.5,0.866
0,26.1587,93.0103,2014-04-05,0.0,0.0,0.1,4.8,0.1,217.1,0.04,0.866,-0.5
0,14.4674,95.3444,2013-03-14,0.0,0.0,0.0,1.4,0.0,0.0,0.0,1.0,0.0
0,14.7638,94.0367,2019-08-13,5.2,36.8,81.3,295.2,26.0,0.0,0.0,-0.866,-0.5
0,33.7335,86.3525,2014-09-28,0.3,2.2,7.3,15.0,3.3,5061.4,0.08,-1.0,-0.0
0,11.8255,75.783,2007-03-22,0.0,1.4,2.9,4.8,1.1,410.5,0.56,1.0,0.0
0,31.5608,83.4954,2010-05-05,0.0,4.3,7.1,14.5,4.3,5030.6,0.2,0.5,-0.866
0,6.9068,78.4025,2022-08-17,0.3,0.3,0.4,17.2,0.3,0.0,0.0,-0.866,-0.5
0,35.8591,93.2598,2018-08-05,0.4,2.0,18.1,43.3,13.2,4587.8,0.46,-0.866,-0.5
0,21.435,75.2089,2018-09-14,2.0,5.3,5.6,14.6,2.1,292.1,0.03,-1.0,-0.0
0,35.4636,93.8757,2023-08-15,3.8,15.0,20.5,50.5,11.2,4603.5,0.14,-0.866,-0.5
0,7.7286,76.349,2022-08-02,37.4,76.9,86.5,158.6,37.4,0.0,0.0,-0.866,-0.5
0,13.0657,81.9587,2019-06-26,27.7,52.3,54.7,54.7,27.7,0.0,0.0,0.0,-1.0
0,24.4112,73.1124,2011-07-11,1.5,38.7,74.9,83.0,22.6,437.5,0.11,-0.5,-0.866
0,16.5045,70.8733,2017-06-16,10.9,25.1,75.4,135.3,18.3,0.0,0.0,0.0,-1.0
0,27.5472,83.2298,2011-07-16,6.3,22.6,77.4,157.8,17.8,220.2,0.28,-0.5,-0.866
0,28.0743,95.6277,2013-09-20,0.4,0.4,1.9,15.6,0.7,315.3,2.09,-1.0,-0.0
0,9.4059,74.0267,2023-07-27,14.3,27.9,64.2,91.2,26.3,0.0,0.0,-0.5,-0.866
0,11.7349,72.4664,2017-08-19,4.2,19.4,38.6,80.1,12.5,0.0,0.0,-0.866,-0.5
0,34.2043,70.0122,2019-09-16,0.0,0.0,1.2,16.7,1.2,2107.1,0.62,-1.0,-0.0
0,24.0348,92.4816,2012-03-01,2.3,16.9,16.9,16.9,14.6,319.3,0.06,1.0,0.0
0,34.1713,69.8268,2009-05-02,15.9,18.3,21.6,29.3,15.9,2107.1,0.42,0.5,-0.866
0,19.7459,79.0425,2012-08-01,7.2,42.6,92.5,166.8,17.7,334.6,0.07,-0.866,-0.5
0,22.3559,91.3051,2010-03-01,0.0,0.0,21.4,22.4,21.4,2.6,0.03,1.0,0.0
0,12.6062,91.8953,2020-10-12,16.4,51.4,84.1,190.7,19.3,0.1,0.0,-0.866,0.5
0,23.5489,93.5025,2023-06-22,9.9,21.1,34.0,100.8,9.9,967.5,0.08,0.0,-1.0
0,21.3853,92.5559,2023-08-16,17.8,31.8,78.6,447.9,21.9,208.3,0.23,-0.866,-0.5
0,19.6663,86.4514,2009-10-19,0.0,0.0,0.0,88.5,0.0,0.5,0.0,-0.866,0.5
0,19.1422,73.9151,2011-10-02,2.6,13.1,13.3,18.6,6.3,587.9,0.06,-0.866,0.5
0,12.627,92.0945,2008-06-25,8.2,54.5,128.0,269.7,25.7,0.1,0.0,0.0,-1.0
0,26.9582,89.7687,2019-07-02,7.7,19.9,411.0,594.1,201.9,1606.5,0.3,-0.5,-0.866
0,36.2282,68.4395,2008-08-27,0.0,0.0,0.0,0.0,0.0,1070.2,0.84,-0.866,-0.5
0,14.006,84.0376,2018-07-24,1.4,5.2,17.6,105.3,7.6,0.0,0.0,-0.5,-0.866
0,27.6651,86.3452,2011-06-07,1.6,4.2,11.7,81.5,4.6,2153.1,3.78,0.0,-1.0
0,31.7428,83.3694,2013-06-18,4.3,8.6,11.7,11.7,4.3,4967.4,0.09,0.0,-1.0
0,14.839,79.3332,2008-09-03,2.9,6.4,8.4,25.4,2.9,170.5,0.12,-1.0,-0.0
0,34.6167,94.8466,2015-09-11,1.5,5.6,24.8,68.1,8.8,4601.0,0.04,-1.0,-0.0
0,30.7219,84.3222,2016-11-22,0.0,0.0,0.0,0.0,0.0,5333.1,0.37,-0.5,0.866
0,33.7314,76.2807,2009-08-09,0.2,2.3,2.3,11.6,1.8,4207.6,0.2,-0.866,-0.5
0,7.6582,76.091,2007-06-09,11.0,32.6,58.0,147.4,14.9,0.0,0.0,0.0,-1.0
0,20.9062,92.9076,2009-05-02,0.9,0.9,2.0,32.6,1.1,353.6,0.35,0.5,-0.866
0,35.7585,68.4755,2018-09-28,0.0,0.0,0.0,0.0,0.0,1070.2,1.09,-1.0,-0.0
0,23.611,92.4596,2020-08-03,29.2,43.6,65.2,151.5,29.2,432.1,0.38,-0.866,-0.5
0,9.687,74.2386,2023-06-23,0.2,3.9,43.7,123.9,15.5,0.0,0.0,0.0,-1.0
0,31.9279,83.5688,2023-02-16,0.0,0.0,0.0,0.1,0.0,4940.8,0.14,0.866,0.5
0,25.4789,90.793,2007-10-15,5.6,20.8,83.6,197.5,57.7,344.3,0.62,-0.866,0.5
0,28.7856,71.7287,2007-02-14,0.1,4.7,29.0,29.0,16.0,118.6,0.01,0.866,0.5
0,34.0587,94.6757,2014-06-13,2.1,15.8,42.7,54.1,8.9,4778.0,0.19,0.0,-1.0
0,33.8202,86.6095,2016-09-14,0.9,1.8,10.4,30.5,5.8,5048.0,0.09,-1.0,-0.0
0,17.8812,80.9383,2015-07-19,2.4,7.4,31.3,33.1,14.6,198.1,0.02,-0.5,-0.866
0,34.843,70.8585,2008-06-11,1.0,7.5,8.0,9.3,4.8,2422.0,0.85,0.0,-1.0
0,34.7542,84.8494,2011-08-17,1.6,13.5,43.5,48.3,17.8,5058.1,0.14,-0.866,-0.5
0,35.5532,91.7074,2009-09-08,8.0,15.7,47.6,63.8,13.9,4889.3,0.14,-1.0,-0.0
0,9.5132,88.8006,2008-07-07,1.6,9.1,18.8,49.0,5.6,0.0,0.0,-0.5,-0.866
0,32.6634,74.4962,2011-05-16,0.0,0.0,4.7,14.5,3.5,260.0,0.22,0.5,-0.866
0,31.7208,93.8137,2019-08-16,0.2,0.2,16.5,75.9,13.5,4795.4,0.14,-0.866,-0.5
0,35.3876,94.4561,2021-09-14,3.0,20.4,21.3,39.1,13.7,4628.4,0.07,-1.0,-0.0
0,26.3184,78.2536,2022-06-05,0.0,0.0,0.0,5.5,0.0,177.6,0.02,0.0,-1.0
0,31.7036,93.4883,2014-08-22,7.6,36.8,70.4,141.8,15.1,4795.4,0.18,-0.866,-0.5
0,18.2414,81.0376,2015-06-02,9.1,9.3,9.9,9.9,9.1,198.1,0.03,0.0,-1.0
0,9.2076,88.7896,2009-10-25,8.8,14.1,20.2,31.8,8.8,0.0,0.0,-0.866,0.5
0,31.6445,79.668,2012-08-10,7.0,7.6,13.5,22.1,7.0,4659.3,0.19,-0.866,-0.5
0,12.9685,89.6334,2007-11-02,1.2,2.5,53.2,96.6,27.2,0.0,0.0,-0.5,0.866
0,29.1537,83.5334,2022-07-26,5.6,13.6,32.3,62.6,6.9,4973.6,0.09,-0.5,-0.866
0,7.7686,76.3511,2014-01-21,0.0,0.0,0.9,2.5,0.7,0.0,0.0,0.5,0.866
0,8.7167,89.3023,2007-09-14,27.6,61.8,82.9,129.6,27.6,0.0,0.0,-1.0,-0.0
0,30.0432,80.542,2015-09-10,0.0,0.9,12.9,37.2,3.4,3297.8,1.48,-1.0,-0.0
0,17.7974,80.6713,2015-05-14,0.0,2.0,2.6,3.3,1.9,179.5,0.01,0.5,-0.866
0,19.9126,82.0658,2017-04-10,0.0,0.0,3.0,9.9,2.3,574.3,0.11,0.866,-0.5
0,10.8131,86.5825,2012-03-18,0.0,0.0,1.7,3.8,1.7,0.0,0.0,1.0,0.0
0,31.5297,69.077,2020-08-20,0.2,0.2,0.6,6.8,0.2,1631.2,0.51,-0.866,-0.5
0,7.6719,80.5134,2023-05-26,1.1,1.3,12.3,22.5,4.7,296.6,0.0,0.5,-0.866
0,22.0814,75.4116,2011-07-11,37.6,64.0,119.0,136.8,37.6,320.2,0.04,-0.5,-0.866
0,9.5893,74.385,2010-05-19,5.7,9.1,11.3,45.0,5.7,0.0,0.0,0.5,-0.866
0,10.3011,83.4084,2017-08-13,8.4,15.6,35.8,64.0,8.4,0.0,0.0,-0.866,-0.5
0,23.7697,93.1753,2022-08-26,3.8,8.4,43.3,92.7,13.3,758.3,0.36,-0.866,-0.5
0,34.3864,86.1402,2007-04-16,0.5,0.6,0.8,6.3,0.5,5265.1,0.2,0.866,-0.5
0,35.1608,95.892,2011-09-23,3.6,11.3,22.6,30.4,8.2,4622.6,0.09,-1.0,-0.0
0,31.6963,84.5343,2015-07-26,0.0,0.0,0.3,8.9,0.2,4810.4,0.12,-0.5,-0.866
0,28.3547,74.3065,2019-07-07,0.3,3.4,3.8,3.9,3.1,240.8,0.05,-0.5,-0.866
0,17.3297,73.7492,2010-08-11,10.9,26.7,77.8,352.4,18.4,518.2,0.15,-0.866,-0.5
0,7.5058,76.1111,2015-07-02,5.9,16.8,58.4,71.2,14.8,0.0,0.0,-0.5,-0.866
0,32.6274,71.8836,2010-07-28,24.2,41.2,46.7,130.8,24.2,414.3,0.12,-0.5,-0.866
0,36.0021,73.7284,2017-08-01,3.9,5.5,19.4,91.1,8.1,3724.9,0.56,-0.866,-0.5
0,18.7775,86.7413,2016-09-01,13.3,39.3,59.2,80.2,13.8,0.0,0.0,-1.0,-0.0
0,30.1621,74.417,2014-06-03,0.0,0.0,5.0,5.9,5.0,188.6,0.02,0.0,-1.0
0,11.8401,72.1426,2013-06-08,4.6,17.1,102.9,212.4,44.2,0.0,0.0,0.0,-1.0
0,14.684,73.8771,2021-12-09,0.0,0.0,24.6,78.5,20.1,6.8,0.23,-0.0,1.0
0,25.8802,88.1195,2023-06-11,25.7,31.0,32.1,33.9,25.7,49.8,0.13,0.0,-1.0
0,20.5052,73.4917,2021-01-26,0.0,0.0,0.0,0.4,0.0,515.1,0.36,0.5,0.866
0,14.0772,79.0098,2019-06-22,11.5,11.9,12.0,15.0,11.5,440.6,0.2,0.0,-1.0
0,15.5052,96.6376,2023-10-25,1.0,16.9,35.0,72.0,15.0,0.0,0.0,-0.866,0.5
0,9.7357,80.5639,2019-06-19,0.0,0.0,0.0,2.7,0.0,9.7,0.01,0.0,-1.0
0,24.2923,72.8388,2023-04-10,0.0,0.0,0.0,19.8,0.0,437.5,0.26,0.866,-0.5
0,12.5122,73.076,2014-06-06,14.5,32.7,54.2,54.2,14.5,0.0,0.0,0.0,-1.0
0,32.2329,80.8782,2018-08-05,10.0,15.1,30.1,84.4,10.0,5038.3,0.12,-0.866,-0.5
0,27.6867,90.5102,2017-03-05,4.7,18.6,56.6,140.3,19.7,3134.2,1.9,1.0,0.0
0,29.3913,71.939,2020-09-10,0.0,0.0,23.5,154.9,21.0,121.6,0.01,-1.0,-0.0
0,33.9376,87.0445,2008-04-07,0.5,0.8,1.4,2.8,0.5,5048.0,0.06,0.866,-0.5
0,12.837,80.8443,2012-06-21,0.0,0.1,0.6,2.6,0.5,3.4,0.0,0.0,-1.0
0,20.4477,70.4379,2019-08-04,9.1,77.1,126.0,162.2,50.4,2.7,0.0,-0.866,-0.5
0,18.0197,81.4134,2019-07-22,1.4,14.1,46.1,74.5,28.4,198.1,0.16,-0.5,-0.866
0,20.0081,78.9983,2018-07-11,7.8,77.1,228.7,284.9,89.3,270.8,0.1,-0.5,-0.866
0,7.9563,76.3106,2021-04-16,14.8,24.8,35.8,45.8,14.8,0.0,0.0,0.866,-0.5
0,13.9588,70.4794,2011-03-24,0.0,0.0,0.0,0.0,0.0,0.0,0.0,1.0,0.0
0,34.0633,94.6556,2023-10-27,0.0,0.6,6.1,10.8,4.5,4778.0,0.19,-0.866,0.5
0,27.3277,69.4405,2020-08-07,46.1,46.3,46.3,46.8,46.1,64.1,0.02,-0.866,-0.5
0,28.3449,85.9748,2017-07-14,1.3,4.9,39.0,68.5,14.2,5084.8,0.8,-0.5,-0.866
0,22.7437,82.0303,2017-07-11,24.8,87.6,105.7,225.4,38.0,482.2,0.13,-0.5,-0.866
0,18.9618,90.5657,2022-09-10,34.1,47.2,66.3,79.7,34.1,0.0,0.0,-1.0,-0.0
0,9.4094,74.44,2016-12-19,0.7,0.9,1.6,5.9,0.7,0.0,0.0,-0.0,1.0
0,11.8587,72.694,2019-09-24,5.5,9.7,16.2,44.0,5.5,0.0,0.0,-1.0,-0.0
0,26.1857,88.1589,2020-03-19,0.0,0.0,7.9,16.1,7.9,49.8,0.17,1.0,0.0
0,10.6572,86.2876,2020-12-20,0.3,24.4,69.4,77.3,22.3,0.0,0.0,-0.0,1.0
0,34.8647,77.5881,2022-05-19,0.6,1.1,14.8,15.0,6.8,5106.5,0.74,0.5,-0.866
0,27.0309,96.0795,2019-01-20,0.0,0.1,1.8,10.7,1.5,967.4,0.15,0.5,0.866
0,23.0617,93.4714,2021-09-06,0.3,5.4,23.7,67.1,6.9,957.8,0.01,-1.0,-0.0
0,33.0007,83.8516,2007-08-20,0.5,1.1,10.4,43.3,6.6,4811.9,0.17,-0.866,-0.5
0,31.9121,90.3592,2010-08-26,2.2,15.1,36.8,73.1,7.8,4788.8,0.07,-0.866,-0.5
0,15.1529,74.5201,2016-06-12,8.8,66.7,148.9,197.4,37.3,302.4,0.12,0.0,-1.0
0,27.8924,87.8617,2011-04-26,3.4,6.7,7.6,13.5,3.4,4792.4,2.02,0.866,-0.5
0,18.6753,86.2446,2011-05-12,0.0,0.0,1.4,1.5,0.8,0.0,0.0,0.5,-0.866
0,25.9513,93.6881,2019-07-16,4.1,20.3,98.4,272.5,38.5,504.5,1.27,-0.5,-0.866
0,6.927,95.935,2013-06-10,22.3,51.6,58.6,83.4,22.3,0.0,0.0,0.0,-1.0
0,25.2921,96.0848,2009-07-09,8.2,14.8,78.9,221.5,29.5,409.0,0.0,-0.5,-0.866
0,35.6131,69.6513,2014-08-08,0.0,0.0,0.0,0.0,0.0,2930.9,1.88,-0.866,-0.5
0,16.0658,86.7002,2021-05-04,0.5,0.5,1.0,1.0,0.5,0.0,0.0,0.5,-0.866
0,29.3856,74.2899,2023-07-11,0.0,0.3,8.9,31.2,8.3,187.8,0.0,-0.5,-0.866
0,16.213,73.6612,2012-06-06,13.4,37.2,40.4,41.5,16.5,188.0,0.15,0.0,-1.0
0,29.3667,79.9204,2011-12-12,0.0,0.5,0.5,0.9,0.4,1463.1,0.83,-0.0,1.0
0,35.7496,90.6279,2013-01-23,0.0,0.0,0.0,0.0,0.0,5115.3,0.08,0.5,0.866
0,8.7328,72.7323,2022-08-24,31.4,89.5,111.6,114.7,32.2,0.0,0.0,-0.866,-0.5
0,35.0614,95.9279,2022-09-13,3.0,3.2,3.5,20.6,3.0,4622.6,0.07,-1.0,-0.0
0,31.2293,93.7815,2013-08-19,0.7,5.1,8.5,41.2,3.2,4990.1,0.2,-0.866,-0.5
0,23.2002,92.1106,2009-08-05,13.7,26.1,73.3,198.5,24.3,76.9,0.19,-0.866,-0.5
0,35.7268,91.0274,2023-07-26,3.7,12.6,25.6,45.6,12.1,4981.1,0.14,-0.5,-0.866
0,31.889,70.588,2013-10-20,0.0,0.0,0.0,2.9,0.0,258.7,0.51,-0.866,0.5
0,29.0572,90.6299,2021-07-09,12.0,32.2,68.0,128.0,17.0,4652.0,0.31,-0.5,-0.866
0,20.0387,93.9759,2017-09-21,8.1,43.0,145.1,264.1,37.4,216.3,0.18,-1.0,-0.0
0,33.1819,79.8432,2019-06-20,0.0,1.9,3.9,4.0,1.9,4906.9,0.09,0.0,-1.0
0,7.0661,74.6443,2014-07-09,12.0,31.3,56.1,91.3,15.3,0.0,0.0,-0.5,-0.866
0,29.5978,84.9459,2011-06-23,1.4,10.5,27.6,48.3,7.0,5037.0,0.37,0.0,-1.0
0,12.1654,72.3744,2007-06-04,1.4,16.3,128.9,202.7,37.2,0.0,0.0,0.0,-1.0
0,35.1398,77.6601,2013-06-08,0.0,0.0,0.0,27.0,0.0,5106.5,0.63,0.0,-1.0
0,31.5247,79.0659,2013-07-24,0.2,3.9,8.9,12.7,2.4,4659.3,0.41,-0.5,-0.866
0,17.9125,81.181,2019-06-07,0.4,2.6,30.8,32.9,22.1,198.1,0.02,0.0,-1.0
0,28.9905,77.3479,2023-05-03,9.8,26.1,29.7,29.9,12.8,224.1,0.03,0.5,-0.866
0,17.1404,95.8991,2016-09-14,10.8,16.3,66.0,181.2,17.0,6.0,0.04,-1.0,-0.0
0,32.7783,68.4676,2017-11-24,0.4,0.4,0.4,44.7,0.4,2278.1,0.13,-0.5,0.866
0,19.0772,73.1518,2012-07-05,9.0,39.6,73.5,103.0,20.6,97.2,0.0,-0.5,-0.866
0,12.6223,79.9078,2015-06-27,0.6,2.6,3.0,17.7,1.5,30.8,0.07,0.0,-1.0
0,10.5322,85.7965,2022-08-10,0.0,0.3,17.9,163.4,11.5,0.0,0.0,-0.866,-0.5
0,35.2072,87.7187,2013-03-16,0.0,0.0,0.0,0.0,0.0,4977.3,0.05,1.0,0.0
0,28.4009,76.8827,2023-08-15,0.0,0.5,0.7,30.1,0.5,230.3,0.03,-0.866,-0.5
0,28.9381,91.5933,2013-08-26,5.3,13.8,25.4,39.2,5.6,4664.7,0.22,-0.866,-0.5
0,35.8859,68.4225,2014-08-27,0.0,0.0,0.1,0.1,0.1,1997.4,0.91,-0.866,-0.5
0,11.3566,77.5147,2018-08-16,17.6,41.7,46.9,52.6,17.6,417.5,0.26,-0.866,-0.5
0,12.1324,93.651,2021-12-13,0.0,0.2,0.9,77.6,0.5,0.2,0.01,-0.0,1.0
0,26.5404,78.1001,2018-07-03,0.9,1.6,88.8,98.8,38.8,177.6,0.03,-0.5,-0.866
0,22.2514,91.6077,2023-06-08,63.6,84.2,85.2,93.3,63.6,34.4,0.0,0.0,-1.0
0,8.7461,88.8961,2009-08-07,3.5,5.1,8.6,31.1,3.5,0.0,0.0,-0.866,-0.5
0,30.0894,87.0595,2014-06-07,0.0,0.0,0.0,7.8,0.0,5266.2,0.01,0.0,-1.0
0,29.2538,74.6267,2018-04-24,0.0,0.0,0.0,2.6,0.0,187.8,0.01,0.866,-0.5
0,19.1502,86.8228,2015-09-09,0.4,8.1,35.3,141.0,14.7,0.0,0.0,-1.0,-0.0
0,33.6419,86.8878,2015-06-22,1.8,7.9,15.3,28.5,6.1,5004.2,0.04,0.0,-1.0
0,35.9926,70.4513,2022-04-26,0.0,1.6,3.9,15.6,2.2,4193.6,0.37,0.866,-0.5
0,35.7074,75.3367,2017-07-02,8.7,21.2,53.4,84.9,11.4,3918.3,1.18,-0.5,-0.866
0,29.0996,91.0386,2009-05-16,0.0,6.4,8.2,11.8,6.4,4609.3,0.07,0.5,-0.866
0,14.4404,88.8682,2021-06-26,5.1,16.8,53.8,150.0,15.2,0.0,0.0,0.0,-1.0
0,29.2031,83.8785,2009-06-23,0.0,0.0,0.0,0.0,0.0,4973.6,0.11,0.0,-1.0
0,32.0663,72.3001,2019-06-12,0.0,0.0,0.0,0.0,0.0,178.6,0.33,0.0,-1.0
0,21.3348,92.5808,2014-12-08,0.0,0.0,0.0,0.0,0.0,208.3,0.26,-0.0,1.0
0,35.4377,93.2972,2020-07-15,8.4,14.4,31.7,49.7,13.3,4660.7,0.11,-0.5,-0.866
0,8.8112,88.4494,2014-06-27,0.9,3.7,5.8,34.9,2.3,0.0,0.0,0.0,-1.0
0,30.3667,85.0793,2023-03-26,0.0,0.2,0.3,2.1,0.2,5218.9,0.33,1.0,0.0
0,20.4586,84.9406,2021-02-20,0.0,0.1,0.1,0.1,0.1,186.2,0.2,0.866,0.5
0,32.5273,72.3625,2015-08-03,7.9,22.2,45.2,76.5,17.9,407.1,0.22,-0.866,-0.5
0,26.354,77.1398,2017-08-10,5.6,40.4,67.7,87.7,22.9,278.2,0.04,-0.866,-0.5
0,35.6267,69.5626,2010-09-19,0.0,4.5,8.3,9.6,4.5,2930.9,0.93,-1.0,-0.0
0,31.5722,68.8699,2010-10-24,0.0,0.0,0.0,0.0,0.0,1979.8,0.4,-0.866,0.5
0,16.4537,70.7778,2019-07-23,27.1,116.8,159.8,190.1,52.9,0.0,0.0,-0.5,-0.866
0,30.6474,79.2481,2017-07-28,10.7,43.5,109.7,289.6,33.1,3184.1,3.43,-0.5,-0.866
0,21.7199,92.0237,2008-07-20,4.1,37.5,117.5,344.3,31.7,16.7,0.38,-0.5,-0.866
0,34.5588,94.2029,2016-09-04,3.9,15.8,38.1,71.3,9.1,4626.2,0.09,-1.0,-0.0
0,26.991,85.4081,2022-05-04,0.3,4.4,22.4,24.2,12.2,358.7,0.77,0.5,-0.866
0,12.2948,72.58,2021-08-11,0.4,15.5,45.7,54.6,12.8,0.0,0.0,-0.866,-0.5
0,34.3582,84.1654,2010-06-15,2.4,8.1,13.4,22.4,4.6,5174.2,0.05,0.0,-1.0
0,31.9332,70.6831,2023-08-17,0.0,0.1,1.7,21.0,1.6,258.7,0.44,-0.866,-0.5
0,35.4256,69.5468,2020-09-28,5.1,6.0,6.0,6.0,5.1,2930.9,0.93,-1.0,-0.0
0,20.217,73.4783,2009-05-11,0.0,0.0,0.0,0.0,0.0,590.5,0.36,0.5,-0.866
0,33.5096,71.4318,2017-06-08,2.9,4.1,6.9,7.4,2.9,780.6,0.53,0.0,-1.0
0,27.2084,80.2687,2013-07-09,5.1,28.4,33.5,246.5,12.9,136.3,0.01,-0.5,-0.866
0,16.7404,96.0372,2021-10-12,12.4,26.9,54.2,101.5,21.4,4.2,0.0,-0.866,0.5
0,12.5195,87.002,2016-06-05,4.9,13.8,47.8,52.6,21.9,0.0,0.0,0.0,-1.0
0,21.6678,74.6445,2021-08-11,2.0,5.2,9.5,51.2,2.0,317.2,0.04,-0.866,-0.5
0,31.8027,85.749,2011-06-06,4.5,5.2,9.4,29.6,4.5,4958.9,0.04,0.0,-1.0
0,32.2101,90.4842,2009-02-18,0.0,0.0,0.0,0.0,0.0,4788.8,0.07,0.866,0.5
0,26.9864,86.072,2021-06-21,4.1,42.2,67.5,135.8,31.7,677.8,1.05,0.0,-1.0
0,28.5035,81.0948,2017-06-12,0.0,0.4,19.3,36.7,15.7,402.9,1.21,0.0,-1.0
0,34.6137,80.7376,2013-11-01,0.0,0.2,0.2,0.2,0.2,5310.4,0.12,-0.5,0.866
0,28.8075,96.2597,2018-06-03,15.5,25.0,62.6,174.9,15.5,3639.7,0.35,0.0,-1.0
0,16.6586,73.1689,2012-06-26,20.8,37.8,59.2,304.1,20.8,14.8,0.26,0.0,-1.0
0,33.5245,72.4845,2020-07-18,0.0,2.5,12.2,38.2,9.7,447.5,0.21,-0.5,-0.866
0,29.1702,72.0002,2022-06-13,0.0,0.0,0.0,0.0,0.0,118.6,0.0,0.0,-1.0
0,34.8981,84.7201,2018-10-03,0.0,2.5,4.8,22.1,2.4,5058.1,0.14,-0.866,0.5
0,32.4107,68.2845,2017-01-26,0.2,12.5,26.5,42.6,14.0,2131.6,0.17,0.5,0.866
0,26.1453,96.5601,2012-05-25,0.0,3.0,17.8,32.9,7.8,546.6,0.05,0.5,-0.866
0,25.0954,92.1223,2021-03-25,0.0,0.0,0.0,0.0,0.0,103.5,0.51,1.0,0.0
0,27.4423,85.8625,2015-11-19,0.0,1.6,8.3,11.7,4.1,1269.4,1.3,-0.5,0.866
0,28.3145,77.4124,2022-06-26,0.0,0.0,8.6,32.2,7.8,206.4,0.01,0.0,-1.0
0,32.8992,77.5688,2021-09-13,8.3,16.7,24.7,27.6,8.3,4984.9,0.15,-1.0,-0.0
0,19.0879,68.7222,2019-04-11,0.0,0.0,0.0,0.0,0.0,0.0,0.0,0.866,-0.5
0,13.3322,82.3528,2020-08-14,6.6,15.9,43.1,113.6,11.0,0.0,0.0,-0.866,-0.5
0,35.573,69.7629,2017-11-03,0.0,0.0,0.2,0.4,0.2,3733.2,1.69,-0.5,0.866
0,17.587,96.6277,2018-02-15,0.0,0.0,0.0,0.0,0.0,74.3,0.12,0.866,0.5
0,19.01,74.179,2017-06-08,2.6,15.3,31.8,44.1,10.9,648.2,0.03,0.0,-1.0
0,27.4499,94.6047,2014-11-26,0.0,0.0,2.1,2.4,1.1,513.3,0.67,-0.5,0.866
0,24.0944,77.5227,2017-01-02,0.0,0.0,0.0,0.0,0.0,477.7,0.02,0.5,0.866
0,11.4015,89.0587,2018-03-12,0.4,0.4,0.4,0.5,0.4,0.0,0.0,1.0,0.0
0,16.6447,80.1729,2019-09-16,4.2,21.5,26.6,53.5,14.6,85.5,0.05,-1.0,-0.0
0,13.07,74.8636,2011-04-28,4.6,6.8,50.9,81.3,22.6,163.0,0.0,0.866,-0.5
0,14.4694,79.0419,2013-06-27,0.0,0.0,4.5,10.0,2.4,246.2,0.11,0.0,-1.0
0,23.5054,94.0892,2007-05-17,20.8,81.3,226.7,288.2,49.8,425.8,0.4,0.5,-0.866
0,15.797,74.3845,2013-05-11,1.6,4.1,4.3,8.5,1.7,656.5,0.21,0.5,-0.866
0,21.4878,89.2383,2019-08-15,5.3,43.9,80.2,190.9,24.7,0.9,0.0,-0.866,-0.5
0,24.5544,72.8751,2016-07-18,3.0,12.9,80.1,88.7,49.5,437.5,0.26,-0.5,-0.866
0,34.9036,95.4397,2012-06-13,0.7,6.5,17.9,46.5,5.4,4622.6,0.04,0.0,-1.0
0,28.2443,81.4297,2015-10-23,0.0,0.0,0.2,20.5,0.2,152.9,0.94,-0.866,0.5
0,14.602,88.7349,2011-07-24,15.1,51.7,110.3,307.6,24.5,0.0,0.0,-0.5,-0.866
0,12.9643,79.7274,2022-06-02,0.0,0.1,2.4,5.5,1.9,49.0,0.18,0.0,-1.0
0,26.1983,96.3032,2016-10-23,1.0,3.5,3.8,101.1,2.2,546.6,0.06,-0.866,0.5
0,28.0661,73.9796,2015-06-22,0.0,0.4,5.0,8.3,4.6,263.3,0.05,0.0,-1.0
0,35.3957,73.5481,2007-08-26,1.0,1.9,3.3,11.1,1.0,3051.5,0.18,-0.866,-0.5
0,15.0955,70.6083,2022-06-27,4.6,16.3,81.3,106.2,33.4,0.0,0.0,0.0,-1.0
0,26.7713,80.0309,2015-11-03,0.0,0.0,21.0,22.0,10.9,136.3,0.01,-0.5,0.866
0,33.0432,77.8177,2021-06-15,0.1,0.5,1.7,6.9,0.9,5137.3,0.11,0.0,-1.0
0,22.7063,92.5444,2011-04-26,6.7,9.1,12.4,14.9,6.7,268.0,0.75,0.866,-0.5
0,35.817,91.3722,2009-09-13,0.6,13.4,39.6,71.3,10.4,5053.3,0.16,-1.0,-0.0
0,31.2033,93.9813,2008-12-18,0.0,0.0,0.0,0.1,0.0,4990.1,0.29,-0.0,1.0
0,25.6475,96.0707,2007-05-01,0.0,0.0,10.8,25.2,8.6,409.0,0.0,0.5,-0.866
0,19.1575,78.5467,2016-07-23,0.6,28.8,43.3,195.1,14.1,346.0,0.06,-0.5,-0.866
0,29.0875,90.7087,2018-07-19,12.5,21.3,78.6,200.5,23.9,4652.0,0.31,-0.5,-0.866
0,34.9737,88.203,2008-12-13,0.0,0.0,0.0,0.0,0.0,5005.4,0.04,-0.0,1.0
0,35.383,90.392,2009-03-09,0.1,0.8,1.3,3.4,0.7,5002.1,0.12,1.0,0.0
0,8.9889,89.3662,2021-08-04,0.2,6.0,8.1,16.3,5.1,0.0,0.0,-0.866,-0.5
0,11.433,71.894,2007-12-20,55.4,71.7,71.7,71.9,55.4,0.0,0.0,-0.0,1.0
0,7.5061,80.8706,2009-08-03,0.9,9.5,12.4,15.7,6.9,296.6,0.0,-0.866,-0.5
0,21.7134,75.1753,2010-10-05,0.0,0.0,14.5,22.1,14.5,292.1,0.04,-0.866,0.5
0,25.3082,80.1985,2015-08-08,6.9,10.8,33.7,35.9,18.9,147.6,0.09,-0.866,-0.5
0,18.6917,90.1949,2019-02-11,0.0,0.0,0.0,0.0,0.0,0.0,0.0,0.866,0.5
0,28.9583,71.7561,2023-08-26,0.2,0.2,1.5,1.5,1.3,118.6,0.01,-0.866,-0.5
0,33.1623,87.0582,2014-09-06,0.1,0.4,13.6,43.2,4.0,4935.1,0.04,-1.0,-0.0
0,19.0195,84.5698,2011-08-25,5.2,28.2,62.1,143.5,18.4,231.8,0.2,-0.866,-0.5
0,26.005,97.107,2017-06-27,21.2,52.3,101.7,306.5,24.2,585.5,0.07,0.0,-1.0
0,20.5798,70.6841,2023-07-11,3.5,30.3,97.0,311.4,23.8,2.7,0.08,-0.5,-0.866
0,10.8902,85.8765,2019-05-13,0.0,0.1,0.2,179.0,0.1,0.0,0.0,0.5,-0.866
0,34.5425,84.244,2020-09-17,0.0,0.0,0.0,17.2,0.0,5174.2,0.06,-1.0,-0.0
0,34.3355,78.4298,2017-05-01,0.2,5.2,5.3,14.4,3.7,5243.7,0.27,0.5,-0.866
0,14.7243,89.0905,2022-10-13,1.3,16.6,55.2,139.6,11.6,0.0,0.0,-0.866,0.5
0,30.8043,92.9541,2008-12-12,0.0,0.0,0.0,0.0,0.0,5045.1,0.07,-0.0,1.0
0,14.0117,83.495,2016-05-05,0.0,0.0,0.0,0.0,0.0,0.0,0.0,0.5,-0.866
0,10.749,80.8589,2014-10-06,8.9,10.0,12.2,24.4,8.9,0.0,0.0,-0.866,0.5
0,18.7839,72.9155,2009-03-28,0.0,0.0,0.0,0.0,0.0,97.2,0.43,1.0,0.0
0,29.4905,83.1408,2008-01-17,9.7,9.7,9.8,15.4,9.7,4874.7,0.31,0.5,0.866
0,18.3142,72.9265,2011-07-28,26.4,77.1,132.8,396.9,28.4,121.3,0.26,-0.5,-0.866
0,29.0489,83.4424,2022-07-17,1.3,1.8,44.3,90.5,13.4,4973.6,1.54,-0.5,-0.866
0,29.7522,90.1353,2011-07-19,9.9,23.8,53.4,105.4,9.9,5247.0,0.36,-0.5,-0.866
0,33.6099,75.4611,2021-06-23,0.2,1.9,12.2,31.4,5.8,2942.3,0.86,0.0,-1.0
0,34.9318,94.4626,2018-10-10,0.0,1.6,6.3,15.1,4.4,4548.2,0.06,-0.866,0.5
0,8.8437,76.6716,2022-09-18,1.3,2.9,11.7,73.1,3.7,211.5,0.25,-1.0,-0.0
0,10.8782,88.9776,2023-06-01,0.4,0.9,16.9,21.5,10.7,0.0,0.0,0.0,-1.0
0,36.4593,72.5232,2021-09-11,7.0,9.2,9.2,16.5,7.0,4125.2,0.59,-1.0,-0.0
0,15.5873,96.13,2013-05-19,16.3,29.3,85.8,101.3,16.9,0.0,0.0,0.5,-0.866
0,36.2308,72.82,2022-02-24,2.9,10.4,10.6,13.4,6.4,4143.2,0.04,0.866,0.5
0,26.978,91.7826,2014-09-08,3.3,34.5,76.1,223.3,19.0,1372.6,1.74,-1.0,-0.0
0,21.4662,89.3662,2016-07-19,12.9,53.9,155.4,351.3,44.5,0.9,0.0,-0.5,-0.866
0,34.6278,71.4877,2019-05-16,4.3,6.8,7.5,7.5,4.3,991.3,1.19,0.5,-0.866
0,24.8172,72.8644,2019-04-11,0.0,0.0,0.0,0.0,0.0,397.8,0.19,0.866,-0.5
0,11.0014,80.642,2011-10-26,22.8,86.0,111.7,147.7,31.8,0.0,0.0,-0.866,0.5
0,31.1429,73.6713,2022-05-13,0.0,0.0,0.0,0.9,0.0,184.9,0.02,0.5,-0.866
0,31.4541,76.3911,2015-02-20,6.1,12.2,16.8,17.1,6.1,485.5,0.74,0.866,0.5
0,27.3473,91.903,2016-06-17,22.5,52.3,100.1,161.2,22.5,3174.7,0.0,0.0,-1.0
0,26.2521,96.2629,2012-09-28,15.3,41.7,125.0,359.1,27.5,498.1,0.05,-1.0,-0.0
0,21.1068,97.1569,2014-04-05,0.6,0.6,1.8,1.9,1.2,1177.1,0.15,0.866,-0.5
0,19.0361,90.7404,2017-08-23,10.0,47.7,89.0,187.9,26.8,0.0,0.0,-0.866,-0.5
0,18.7201,86.4978,2020-09-16,6.0,10.3,17.1,32.5,6.0,0.0,0.0,-1.0,-0.0
0,34.3715,94.9661,2017-08-08,0.7,5.7,16.4,47.1,7.1,4601.0,0.18,-0.866,-0.5
0,31.0021,87.7188,2015-08-13,10.3,26.6,31.3,58.5,13.8,5002.1,0.2,-0.866,-0.5
0,32.5564,89.6161,2016-09-26,2.2,6.9,22.5,30.5,11.1,4845.1,0.19,-1.0,-0.0
0,8.7868,72.5893,2014-04-01,0.0,0.0,0.0,7.8,0.0,0.0,0.0,0.866,-0.5
0,17.1878,70.7149,2013-05-26,0.0,0.1,0.1,0.1,0.1,0.0,0.0,0.5,-0.866
0,36.2637,72.7876,2013-06-17,0.8,2.7,3.7,3.7,1.7,4125.2,0.05,0.0,-1.0
0,32.1052,91.3836,2023-07-26,0.2,5.4,21.2,44.0,14.4,4782.8,0.09,-0.5,-0.866
0,35.7841,89.9672,2022-09-25,5.0,5.6,14.5,37.8,5.7,5023.8,0.09,-1.0,-0.0
0,8.1474,76.8561,2015-11-05,5.4,14.6,90.3,129.7,26.5,1.1,0.23,-0.5,0.866
0,35.9393,96.7663,2016-06-16,0.0,0.0,1.0,2.2,0.6,3761.9,0.81,0.0,-1.0
0,28.6589,80.0027,2017-01-10,0.0,0.0,9.7,12.2,7.4,193.7,0.23,0.5,0.866
0,30.8473,84.1936,2016-08-23,0.7,2.7,34.0,69.3,17.9,4945.8,0.37,-0.866,-0.5
0,33.6896,87.408,2008-04-13,0.8,2.4,2.4,6.0,1.1,5130.4,0.11,0.866,-0.5
0,28.7328,72.0383,2007-03-19,1.3,1.3,1.4,10.3,1.3,116.7,0.01,1.0,0.0
0,11.5811,96.2401,2014-09-17,35.6,94.2,108.0,232.6,35.6,0.0,0.0,-1.0,-0.0
0,36.1894,68.156,2013-07-09,0.0,0.0,0.0,3.4,0.0,1997.4,0.98,-0.5,-0.866
0,33.8224,76.4861,2010-05-28,13.9,17.7,25.2,95.1,13.9,4549.5,0.28,0.5,-0.866
0,18.6663,73.6394,2012-05-05,0.0,0.0,0.0,3.3,0.0,636.0,2.75,0.5,-0.866
0,9.7086,74.0868,2010-04-24,5.8,11.2,34.1,39.2,12.1,0.0,0.0,0.866,-0.5
0,32.564,77.5908,2023-07-22,2.9,8.5,16.4,150.7,7.0,4872.7,0.12,-0.5,-0.866
0,21.1974,95.9997,2007-07-09,1.5,1.9,45.7,149.5,19.1,490.5,0.22,-0.5,-0.866
0,19.4988,72.6789,2008-09-27,0.5,0.5,2.9,177.8,1.6,2.2,0.2,-1.0,-0.0
0,28.9497,83.4663,2016-05-04,1.6,2.1,2.3,10.5,1.6,4973.6,1.9,0.5,-0.866
0,10.7209,76.2402,2022-07-01,16.6,51.9,103.7,240.0,19.1,88.9,0.27,-0.5,-0.866
0,25.8275,81.2556,2022-08-09,0.1,14.7,51.9,164.9,23.5,110.3,0.01,-0.866,-0.5
0,35.4052,75.9544,2011-07-15,2.9,2.9,24.3,49.4,11.5,4586.6,1.2,-0.5,-0.866
0,33.4633,75.4369,2023-05-22,0.2,0.2,10.4,39.2,8.7,2942.3,1.12,0.5,-0.866
0,34.1548,86.5118,2011-12-01,0.0,0.0,0.0,0.0,0.0,5111.5,0.16,-0.0,1.0
0,35.2586,77.6576,2020-08-18,0.0,0.0,0.0,10.4,0.0,5536.6,0.53,-0.866,-0.5
0,25.3654,87.7602,2018-11-19,0.0,0.0,0.0,0.0,0.0,49.1,0.02,-0.5,0.866
0,9.5958,94.4298,2008-05-28,0.2,12.7,43.0,70.2,14.1,0.0,0.0,0.5,-0.866
0,12.6488,80.1646,2010-12-03,0.2,16.2,22.8,54.2,13.4,30.8,0.09,-0.0,1.0
0,26.9288,96.7899,2014-07-05,8.5,36.2,72.9,364.8,13.9,1287.7,0.2,-0.5,-0.866
0,34.207,86.0473,2014-03-09,0.0,0.0,0.0,0.6,0.0,5111.5,0.26,1.0,0.0
0,28.4732,73.7778,2016-05-05,1.9,1.9,2.0,2.0,1.9,211.3,0.04,0.5,-0.866
0,27.0332,94.3406,2012-04-25,24.0,63.7,93.2,199.9,28.0,191.8,0.13,0.866,-0.5
0,34.999,95.4955,2017-10-19,0.0,0.7,20.6,25.9,8.0,4622.6,0.06,-0.866,0.5
0,35.1085,80.5341,2021-08-26,0.0,0.4,10.8,24.9,5.7,5338.4,0.16,-0.866,-0.5
0,19.1637,86.6987,2017-03-25,0.0,0.0,7.0,14.8,6.2,0.0,0.0,1.0,0.0
0,32.3866,89.3312,2009-03-06,0.0,0.0,0.0,0.1,0.0,4845.1,0.17,1.0,0.0
0,31.2307,76.5248,2017-08-02,13.4,40.3,60.7,102.3,19.1,315.9,1.02,-0.866,-0.5
0,10.9782,75.9476,2018-05-11,26.5,70.4,180.4,214.9,40.7,370.9,0.46,0.5,-0.866
0,22.9243,81.9724,2023-10-08,0.0,0.1,41.1,54.4,26.5,610.4,0.16,-0.866,0.5
0,18.7292,72.6785,2011-05-14,0.0,0.0,0.0,0.0,0.0,0.0,0.17,0.5,-0.866
0,31.1611,76.6029,2012-12-13,6.0,10.5,10.5,11.3,6.0,897.6,1.74,-0.0,1.0
0,26.7103,78.0279,2008-06-21,3.7,9.6,136.9,234.2,47.3,177.6,0.02,0.0,-1.0
0,10.1654,89.4893,2010-09-26,16.2,31.7,63.1,133.7,18.0,0.0,0.0,-1.0,-0.0
0,9.2017,88.9835,2010-07-15,8.2,20.2,37.2,59.1,8.8,0.0,0.0,-0.5,-0.866
0,35.1863,95.0848,2022-08-17,4.2,17.7,49.1,53.3,13.6,4572.0,0.06,-0.866,-0.5
0,32.2514,90.9779,2007-08-17,8.3,26.3,42.5,88.7,10.0,4879.0,0.08,-0.866,-0.5
0,24.0827,77.8704,2011-07-18,38.5,72.7,112.4,226.4,38.5,428.9,0.03,-0.5,-0.866
0,31.6279,83.4542,2019-01-23,0.7,1.9,1.9,3.0,1.1,5030.6,0.1,0.5,0.866
0,16.5156,86.7866,2016-07-24,6.9,23.3,56.4,80.2,13.4,0.0,0.0,-0.5,-0.866
0,31.1912,85.5841,2007-11-14,0.0,0.0,0.4,1.6,0.4,4868.1,0.09,-0.5,0.866
0,13.2753,79.7116,2007-07-27,11.4,23.9,81.3,107.9,24.0,69.3,0.22,-0.5,-0.866
0,25.4143,90.9515,2019-06-16,5.5,23.6,53.0,346.1,13.7,1021.1,0.38,0.0,-1.0
0,34.8154,93.8075,2018-02-07,0.2,2.2,2.3,2.7,2.0,4554.0,0.06,0.866,0.5
0,8.0616,80.6789,2010-07-14,0.7,1.1,9.0,21.1,5.5,121.0,0.2,-0.5,-0.866
0,21.0616,92.9992,2011-07-18,57.8,91.8,153.4,218.6,57.8,353.6,0.16,-0.5,-0.866
0,23.1359,91.4174,2013-12-25,0.0,0.0,0.1,0.1,0.1,10.7,0.07,-0.0,1.0
0,29.4989,84.8951,2016-06-25,0.9,1.9,16.9,31.5,5.6,5037.0,0.35,0.0,-1.0
0,35.0987,94.2709,2014-04-27,0.5,0.9,1.0,18.1,0.5,4548.2,0.06,0.866,-0.5
0,31.3404,94.4689,2010-11-22,0.0,1.8,4.9,13.4,2.0,4603.2,0.19,-0.5,0.866
0,6.948,82.2169,2011-07-22,0.0,0.0,0.0,8.4,0.0,0.0,0.02,-0.5,-0.866
0,24.5118,94.7665,2010-06-02,2.5,11.8,57.0,140.8,21.1,266.1,0.81,0.0,-1.0
0,26.5495,92.0223,2007-06-27,10.1,17.0,119.4,305.7,42.6,139.5,0.73,0.0,-1.0
0,33.3716,80.9992,2012-08-13,4.3,8.6,16.6,42.6,4.3,4969.4,0.13,-0.866,-0.5
0,35.6089,73.854,2011-07-03,2.4,5.6,10.0,10.0,3.0,3051.5,0.79,-0.5,-0.866
0,35.1258,77.2689,2013-08-06,0.1,1.6,5.9,10.8,3.0,5106.5,0.63,-0.866,-0.5
0,16.8422,96.3499,2009-04-18,17.5,37.6,72.9,81.3,17.5,10.9,0.02,0.866,-0.5
0,14.333,95.4523,2017-07-19,6.2,40.7,145.1,250.0,41.4,0.0,0.0,-0.5,-0.866
0,28.4369,85.8916,2014-05-14,0.0,0.0,0.0,2.4,0.0,4836.2,1.26,0.5,-0.866
0,32.742,83.9111,2023-10-28,0.0,0.0,1.4,3.5,1.4,4756.3,0.15,-0.866,0.5
0,26.8624,87.4569,2021-01-11,1.5,1.5,1.5,1.5,1.5,1047.2,2.12,0.5,0.866
0,23.2258,83.7607,2020-08-08,7.5,26.8,88.7,140.7,29.5,706.6,0.02,-0.866,-0.5
0,35.0926,71.7428,2017-10-28,0.0,0.0,3.6,6.0,2.8,1775.6,1.51,-0.866,0.5
0,33.3559,79.8488,2012-06-07,1.4,3.9,4.0,4.0,2.1,4856.5,0.07,0.0,-1.0
0,35.4057,69.8727,2022-08-15,2.4,4.9,4.9,5.0,2.5,3733.2,1.94,-0.866,-0.5
0,21.6742,89.1969,2011-04-27,8.9,24.9,30.3,32.6,8.9,0.9,0.0,0.866,-0.5
0,25.8065,88.129,2008-09-12,2.5,14.6,21.0,90.4,6.2,49.8,0.02,-1.0,-0.0
0,27.365,94.0491,2018-08-28,8.5,38.7,123.0,190.1,30.6,1222.9,1.26,-0.866,-0.5
0,32.0744,75.9155,2019-05-17,12.7,14.5,14.7,14.7,12.7,395.6,0.76,0.5,-0.866
0,33.9186,78.1288,2012-05-19,0.4,0.7,1.0,2.3,0.4,4953.0,0.3,0.5,-0.866
0,22.3922,91.0596,2023-06-08,29.5,45.8,47.2,59.1,29.5,2.6,0.02,0.0,-1.0
0,9.6863,88.9632,2022-06-01,5.4,17.3,23.6,64.5,10.3,0.0,0.0,0.0,-1.0
0,33.9164,85.6705,2023-04-07,0.0,1.1,6.9,8.8,2.6,5100.2,0.05,0.866,-0.5
0,6.7018,78.6491,2023-05-17,0.8,1.2,8.1,33.1,4.9,0.0,0.0,0.5,-0.866
0,35.1664,93.489,2021-08-14,6.0,7.5,16.1,24.3,6.0,4554.0,0.07,-0.866,-0.5
0,27.683,83.0511,2015-12-22,0.0,0.0,0.0,0.8,0.0,220.2,1.53,-0.0,1.0
0,36.0616,68.7492,2008-10-01,0.0,0.0,0.0,0.0,0.0,1070.2,0.07,-0.866,0.5
0,23.1664,73.3734,2016-04-10,0.0,0.0,0.0,0.0,0.0,83.3,0.09,0.866,-0.5
0,32.0337,83.4814,2022-06-19,0.2,0.9,6.7,7.2,5.4,4940.8,0.15,0.0,-1.0
0,34.0772,76.4934,2023-11-03,0.0,0.0,0.0,0.0,0.0,4549.5,0.28,-0.5,0.866
0,27.685,87.6221,2018-05-06,1.2,5.3,31.3,82.9,23.6,2650.4,1.26,0.5,-0.866
0,30.4821,87.3888,2016-08-21,6.9,13.4,36.0,93.0,8.0,5154.4,0.14,-0.866,-0.5
0,28.2436,81.6593,2014-09-16,1.7,26.0,94.7,127.3,24.2,319.7,0.71,-1.0,-0.0
0,11.3469,79.5959,2017-05-01,0.6,0.6,1.2,1.2,0.6,56.2,0.04,0.5,-0.866
0,30.297,79.7154,2008-09-28,2.6,3.4,20.2,283.3,9.5,4415.8,0.0,-1.0,-0.0
0,18.8033,90.2035,2009-04-04,0.0,0.0,0.0,0.0,0.0,0.0,0.0,0.866,-0.5
0,26.3515,95.3032,2013-09-08,15.0,40.5,149.1,263.8,38.9,1061.3,0.34,-1.0,-0.0
0,20.1603,93.8677,2023-09-25,1.6,6.8,70.5,285.0,25.7,216.3,0.48,-1.0,-0.0
0,35.9595,72.4288,2007-06-05,5.3,12.5,19.6,34.1,5.3,4086.8,0.78,0.0,-1.0
0,31.6997,85.4463,2018-08-12,1.7,10.5,36.9,89.7,11.7,5007.8,0.03,-0.866,-0.5
0,30.6609,74.3312,2018-08-20,0.2,4.9,11.4,26.2,4.7,190.7,0.02,-0.866,-0.5
0,34.5551,84.216,2016-07-13,0.0,5.5,8.9,34.5,4.4,5174.2,0.06,-0.5,-0.866
0,29.3772,71.8448,2009-09-09,0.0,0.0,1.7,9.4,1.5,121.6,0.01,-1.0,-0.0
0,33.1431,90.9664,2008-01-16,0.0,0.0,0.2,1.6,0.1,5175.1,0.12,0.5,0.866
0,10.2945,76.3013,2017-08-04,14.1,49.5,84.3,154.0,28.9,88.9,0.33,-0.866,-0.5
0,16.0831,96.111,2007-04-22,0.0,0.0,0.0,0.0,0.0,0.1,0.0,0.866,-0.5
0,13.1551,88.9548,2008-06-08,5.3,46.5,53.4,68.6,24.1,0.0,0.0,0.0,-1.0
0,30.4178,83.1684,2020-02-01,0.0,0.0,6.3,8.7,3.4,5134.9,0.21,0.866,0.5
0,9.4228,89.4395,2011-06-04,11.9,39.6,57.3,60.8,27.5,0.0,0.0,0.0,-1.0
0,24.7089,72.6192,2015-09-15,0.0,0.0,0.0,0.5,0.0,271.4,0.49,-1.0,-0.0
0,31.6499,94.2443,2009-07-05,5.3,14.8,41.4,84.4,9.2,4603.2,0.15,-0.5,-0.866
0,7.0694,69.6986,2020-05-14,16.9,18.8,32.7,40.8,16.9,0.0,0.0,0.5,-0.866
0,9.505,96.4699,2009-08-01,0.0,0.0,3.7,51.1,2.4,0.0,0.0,-0.866,-0.5
0,30.91,79.2755,2010-07-10,0.0,1.3,21.2,22.9,7.4,4872.3,4.43,-0.5,-0.866
0,15.0997,69.4486,2014-07-09,3.1,6.1,18.9,23.0,4.6,0.0,0.0,-0.5,-0.866
0,28.609,96.5277,2016-08-20,4.9,7.4,31.5,82.0,6.5,2944.7,1.62,-0.866,-0.5
0,9.6707,80.1169,2007-09-22,0.0,0.0,8.6,50.9,5.9,7.0,0.01,-1.0,-0.0
0,25.2788,96.4552,2007-10-17,7.0,55.1,98.4,188.9,24.4,409.0,0.0,-0.866,0.5
0,15.4867,79.8953,2009-09-22,2.3,16.1,16.1,27.0,9.0,41.7,0.21,-1.0,-0.0
0,34.5245,83.0715,2015-07-27,0.0,0.3,4.5,5.3,3.1,5216.0,0.19,-0.5,-0.866
0,9.8748,80.6009,2014-07-18,0.0,0.0,1.1,6.9,0.3,0.5,0.01,-0.5,-0.866
0,11.8109,76.3815,2014-10-23,9.5,31.7,77.0,112.8,15.2,763.5,0.09,-0.866,0.5
0,34.5667,80.6646,2016-05-17,0.0,3.0,6.5,7.5,2.7,5310.4,0.12,0.5,-0.866
0,11.0507,81.0964,2010-04-11,0.0,0.0,0.0,3.5,0.0,0.0,0.0,0.866,-0.5
0,19.2474,86.3856,2009-02-10,0.0,0.0,0.0,0.0,0.0,0.0,0.0,0.866,0.5
0,35.9304,69.2918,2023-05-18,0.3,11.3,16.5,25.6,10.9,2357.8,1.52,0.5,-0.866
0,9.3319,77.8073,2012-09-01,0.4,0.5,1.1,5.8,0.6,441.0,0.27,-1.0,-0.0
0,17.3095,96.2064,2011-09-16,16.4,52.2,101.4,264.6,21.5,53.0,0.05,-1.0,-0.0
0,34.9155,84.1045,2014-08-18,0.0,2.1,11.9,36.7,8.5,5031.0,0.12,-0.866,-0.5
0,27.3944,84.2118,2019-06-17,0.3,1.2,3.8,22.5,1.2,357.8,0.67,0.0,-1.0
0,31.8446,91.0409,2019-12-08,0.0,0.0,0.0,0.2,0.0,4782.8,0.08,-0.0,1.0
0,30.7098,76.812,2012-12-09,0.0,0.0,0.0,3.2,0.0,423.7,1.58,-0.0,1.0
0,21.2009,81.0713,2021-07-01,3.5,7.3,51.5,122.5,29.4,323.1,0.06,-0.5,-0.866
0,35.3984,91.5467,2022-07-16,13.1,48.4,65.0,82.4,20.9,4981.1,0.13,-0.5,-0.866
0,17.6753,96.6862,2023-07-09,14.9,34.3,137.4,315.0,41.5,74.3,0.11,-0.5,-0.866
0,34.4218,94.4693,2021-10-09,0.2,0.3,13.8,20.3,7.5,4626.2,0.18,-0.866,0.5
0,10.5473,89.1892,2012-09-28,5.6,25.1,58.2,144.3,21.2,0.0,0.0,-1.0,-0.0
0,16.7645,80.6875,2019-08-24,1.2,7.0,46.7,76.4,13.6,113.2,0.0,-0.866,-0.5
0,31.8653,70.2628,2011-04-07,0.6,0.6,0.6,4.0,0.6,907.8,0.79,0.866,-0.5
0,27.0525,92.1796,2007-10-12,5.4,36.3,133.8,177.2,59.2,1372.6,2.02,-0.866,0.5
0,21.9411,89.0971,2023-06-16,0.0,0.0,34.9,71.3,19.8,4.1,0.0,0.0,-1.0
0,15.6823,97.0659,2011-07-23,21.5,128.6,255.1,399.7,55.9,0.0,0.02,-0.5,-0.866
0,31.6253,71.0873,2011-09-22,1.1,1.1,12.2,92.4,5.6,165.7,0.11,-1.0,-0.0
0,14.1138,74.8603,2019-09-28,0.5,12.6,30.7,71.0,10.4,471.4,0.45,-1.0,-0.0
0,24.2718,72.8007,2010-05-19,0.0,0.0,0.0,0.0,0.0,271.4,0.16,0.5,-0.866
0,11.5335,71.5732,2012-09-01,9.0,66.0,119.1,159.2,35.3,0.0,0.0,-1.0,-0.0
0,18.0782,80.8021,2023-04-01,8.7,12.7,25.1,84.1,8.7,179.5,0.02,0.866,-0.5
0,31.7383,85.6076,2022-10-26,0.0,0.4,3.3,5.0,1.5,5007.8,0.04,-0.866,0.5
0,27.946,71.5902,2016-07-27,2.8,4.5,4.6,8.0,2.8,131.3,0.03,-0.5,-0.866
0,24.189,90.276,2020-09-09,8.6,32.4,39.8,143.2,12.5,11.3,0.0,-1.0,-0.0
0,15.9459,80.0557,2010-12-11,0.4,0.4,99.6,102.0,49.4,75.5,0.09,-0.0,1.0
0,7.5461,73.8574,2021-09-01,1.1,3.0,23.6,74.9,6.3,0.0,0.0,-1.0,-0.0
0,31.559,79.9262,2015-05-12,0.0,0.5,0.5,0.5,0.5,4706.3,0.12,0.5,-0.866
0,33.9842,76.8232,2014-03-03,1.4,5.0,12.6,23.9,4.2,4452.1,0.18,1.0,0.0
0,7.7587,86.1477,2013-06-18,8.7,27.9,43.4,74.0,12.9,0.0,0.0,0.0,-1.0
0,17.4225,78.9444,2018-08-06,0.3,1.0,2.6,4.1,1.1,494.6,0.22,-0.866,-0.5
0,21.8149,96.6597,2021-04-16,0.7,2.1,2.3,8.6,1.0,849.1,0.52,0.866,-0.5
0,34.6429,69.4685,2017-08-08,0.0,0.7,0.8,2.3,0.7,2088.4,0.47,-0.866,-0.5
0,34.0863,86.0253,2015-10-26,0.0,0.1,0.1,2.1,0.1,5111.5,0.18,-0.866,0.5
0,20.5498,85.4964,2020-08-28,1.3,38.8,89.3,251.4,34.0,73.0,0.1,-0.866,-0.5
0,35.6246,91.1183,2015-08-15,1.8,10.7,22.9,40.8,8.9,4981.1,0.11,-0.866,-0.5
0,34.4285,82.8497,2017-07-06,1.7,8.3,21.0,56.8,4.5,5216.0,0.1,-0.5,-0.866
0,21.3015,88.6452,2010-08-22,0.0,3.8,39.6,136.5,11.1,1.0,0.0,-0.866,-0.5
0,19.7046,94.2726,2016-06-15,11.5,132.6,375.7,513.1,100.7,366.9,0.11,0.0,-1.0
0,25.8174,94.9469,2009-08-27,11.2,25.3,73.6,258.8,16.5,1466.6,0.28,-0.866,-0.5
0,35.595,90.7994,2010-01-23,0.1,0.1,0.1,0.5,0.1,5002.1,0.13,0.5,0.866
0,7.8682,86.0415,2009-12-10,93.1,187.1,274.5,296.3,93.1,0.0,0.0,-0.0,1.0
0,16.8832,90.1263,2017-10-22,0.3,1.9,110.5,132.2,58.3,0.0,0.0,-0.866,0.5
0,32.3566,68.6051,2019-06-15,0.0,0.0,0.0,0.0,0.0,2244.3,0.06,0.0,-1.0
0,15.0761,81.5517,2008-05-19,0.0,0.0,0.0,0.0,0.0,0.0,0.0,0.5,-0.866
0,25.3321,87.514,2011-08-25,7.8,38.2,55.2,186.2,25.8,49.1,0.04,-0.866,-0.5
0,13.0651,74.529,2009-06-04,8.5,16.0,60.9,150.4,20.1,6.8,0.35,0.0,-1.0
0,31.6679,69.3686,2020-05-21,0.0,0.0,0.1,19.4,0.1,1631.2,0.42,0.5,-0.866
0,21.8131,75.1678,2009-04-04,0.0,0.0,0.0,0.1,0.0,336.9,0.03,0.866,-0.5
0,18.0208,81.1001,2007-09-20,21.5,64.2,149.8,192.2,36.5,198.1,0.02,-1.0,-0.0
0,16.1983,84.685,2020-05-06,0.0,0.0,0.0,1.5,0.0,0.0,0.0,0.5,-0.866
0,15.8505,79.6596,2014-05-27,1.9,1.9,3.8,6.3,1.9,249.2,0.15,0.5,-0.866
0,35.9991,94.2529,2007-08-05,0.2,0.6,3.9,9.7,3.1,4149.8,0.76,-0.866,-0.5
0,33.7199,71.3788,2012-09-27,0.0,2.2,3.6,50.3,1.2,780.6,0.34,-1.0,-0.0
0,36.3629,72.074,2012-08-16,0.0,0.0,0.0,1.8,0.0,4211.8,0.49,-0.866,-0.5
0,32.0713,71.8522,2011-07-12,0.0,2.1,16.7,74.3,7.9,184.0,0.25,-0.5,-0.866
0,33.0901,80.0112,2008-06-01,0.2,10.6,13.1,21.8,7.4,4906.9,0.08,0.0,-1.0
0,30.5438,73.9892,2007-04-16,0.0,0.0,0.0,2.7,0.0,174.6,0.02,0.866,-0.5
0,27.0457,85.8374,2020-05-08,0.1,9.4,23.9,84.3,9.3,358.7,1.5,0.5,-0.866
0,9.1538,96.5754,2020-05-26,0.2,13.2,34.9,105.9,11.3,0.0,0.0,0.5,-0.866
0,26.4639,95.1292,2017-09-21,3.7,52.4,63.0,155.0,34.4,1061.3,0.0,-1.0,-0.0
0,25.587,96.1713,2010-07-16,14.6,42.4,157.9,319.6,65.4,409.0,0.0,-0.5,-0.866
0,28.6972,95.444,2016-04-08,101.3,171.0,258.6,395.4,101.3,1961.6,0.83,0.866,-0.5
0,14.4101,73.9299,2011-06-08,25.5,84.2,218.3,263.3,51.9,6.8,0.17,0.0,-1.0
0,28.105,96.391,2012-06-15,25.9,58.2,96.6,258.3,25.9,1302.9,1.82,0.0,-1.0
0,8.8264,88.839,2023-06-22,0.9,4.0,86.8,164.6,59.0,0.0,0.0,0.0,-1.0
0,32.407,90.9617,2015-06-23,4.2,14.0,27.1,54.9,10.4,4879.0,0.23,0.0,-1.0
0,21.4814,91.4839,2015-07-23,14.8,43.5,152.2,229.0,44.6,0.0,0.0,-0.5,-0.866
0,28.1524,95.8109,2013-10-11,0.0,0.0,24.7,31.0,9.8,315.3,1.51,-0.866,0.5
0,35.3683,69.8757,2011-05-09,1.8,2.0,37.2,55.4,28.0,3733.2,1.95,0.5,-0.866
0,9.1262,78.0799,2011-09-20,4.6,4.6,6.9,22.4,4.6,36.1,0.23,-1.0,-0.0
0,16.1929,95.7286,2016-08-13,15.1,41.1,138.1,342.6,32.6,2.3,0.0,-0.866,-0.5
0,31.8272,73.3609,2007-09-08,0.4,9.9,28.3,37.0,14.9,191.9,0.06,-1.0,-0.0
0,14.4709,79.3518,2008-10-10,0.1,7.1,15.1,27.6,6.8,161.3,0.17,-0.866,0.5
0,9.6275,94.7701,2010-10-01,2.5,10.0,33.5,65.8,12.0,0.0,0.0,-0.866,0.5
0,21.3705,83.6595,2011-06-06,1.7,3.7,6.2,7.6,1.7,222.8,0.09,0.0,-1.0
0,34.4576,70.3423,2009-08-15,0.0,0.0,0.0,0.4,0.0,1260.0,0.28,-0.866,-0.5
0,27.245,80.1222,2011-06-24,0.0,3.8,40.5,73.2,20.3,136.3,0.01,0.0,-1.0
0,13.1769,81.1189,2020-07-19,2.5,13.0,66.7,137.0,19.8,0.0,0.0,-0.5,-0.866
0,9.8443,94.8753,2018-08-02,0.3,6.5,23.2,40.6,7.4,0.0,0.0,-0.866,-0.5
0,34.3271,78.8409,2008-08-22,0.0,0.5,0.8,34.7,0.4,5438.0,0.18,-0.866,-0.5
0,29.5772,74.4197,2009-06-26,0.0,0.0,0.0,9.9,0.0,187.8,0.02,0.0,-1.0
0,29.9558,74.6523,2009-05-14,0.2,0.2,0.6,7.7,0.4,188.6,0.02,0.5,-0.866
0,21.7183,96.6738,2008-07-03,14.6,19.4,36.0,52.0,14.6,880.5,0.7,-0.5,-0.866
0,23.0368,81.5439,2022-07-13,6.2,19.7,34.1,117.2,7.6,710.6,0.02,-0.5,-0.866
0,28.0206,87.6176,2012-08-28,2.2,5.9,38.3,80.8,27.7,4333.8,1.57,-0.866,-0.5
0,11.8591,96.2715,2012-07-13,17.3,27.1,76.2,179.8,17.3,0.0,0.0,-0.5,-0.866
0,21.067,77.3,2010-09-10,0.3,111.2,269.0,387.3,56.1,384.6,0.16,-1.0,-0.0
0,19.5379,72.6697,2022-01-20,0.0,0.0,0.0,5.5,0.0,2.2,0.16,0.5,0.866
0,34.724,84.8614,2019-09-14,0.0,0.0,0.1,16.5,0.1,5233.3,0.16,-1.0,-0.0
0,20.3827,84.7126,2023-07-02,2.2,7.4,29.8,188.4,8.8,186.2,0.2,-0.5,-0.866
0,26.061,87.911,2023-01-11,0.0,0.0,0.0,0.0,0.0,49.8,0.23,0.5,0.866
0,11.9507,71.6783,2009-02-04,0.0,0.0,0.0,0.0,0.0,0.0,0.0,0.866,0.5
0,19.0937,73.9385,2008-10-14,0.0,0.0,10.0,30.3,5.0,587.9,0.07,-0.866,0.5
0,15.942,74.5074,2019-05-19,0.0,0.0,0.0,1.4,0.0,656.5,0.15,0.5,-0.866
0,24.3069,89.211,2010-05-12,0.0,0.0,71.8,138.1,34.2,14.7,0.01,0.5,-0.866
0,11.3454,72.7525,2020-07-07,5.1,10.6,38.9,187.7,14.7,0.0,0.0,-0.5,-0.866
0,15.4913,97.1297,2016-09-20,24.4,47.7,113.6,209.0,24.4,0.0,0.02,-1.0,-0.0
0,33.985,86.3126,2017-07-19,4.0,9.6,29.8,56.3,12.0,5111.5,0.06,-0.5,-0.866
0,28.8599,77.0681,2016-05-03,2.8,2.8,2.9,3.1,2.8,222.2,0.03,0.5,-0.866
0,14.7736,81.3013,2020-05-09,0.0,0.0,0.0,9.2,0.0,0.0,0.0,0.5,-0.866
0,15.112,88.9378,2022-07-11,20.6,94.1,158.9,214.9,39.7,0.0,0.0,-0.5,-0.866
0,35.4153,84.3836,2009-07-26,0.0,1.7,11.8,16.0,5.7,4925.2,0.07,-0.5,-0.866
0,34.1809,85.9798,2018-11-09,0.0,0.0,7.3,8.1,5.2,5111.5,0.19,-0.5,0.866
0,27.8227,94.467,2019-08-09,6.7,33.5,57.2,319.0,16.1,1160.0,0.5,-0.866,-0.5
0,29.0979,96.2983,2009-04-26,0.4,1.6,29.4,82.3,11.0,3639.7,0.52,0.866,-0.5
0,25.899,96.6822,2009-07-10,61.3,92.5,349.7,741.1,119.3,585.5,0.13,-0.5,-0.866
0,20.4745,73.5555,2017-02-07,0.0,0.1,0.1,0.1,0.1,515.1,0.26,0.866,0.5
0,30.952,85.9803,2017-06-13,0.0,0.0,0.1,1.5,0.1,4965.3,0.1,0.0,-1.0
0,29.0271,77.2981,2012-10-02,0.0,0.0,0.0,13.8,0.0,224.1,0.03,-0.866,0.5
0,28.5415,84.4058,2012-05-16,2.1,4.8,29.7,85.8,12.3,3516.1,1.16,0.5,-0.866
0,9.226,89.1721,2011-11-22,11.0,28.0,37.3,74.3,15.3,0.0,0.0,-0.5,0.866
0,33.9888,75.6388,2010-10-15,0.0,0.0,3.2,7.9,1.7,3818.1,0.67,-0.866,0.5
0,34.2698,69.4764,2014-06-18,0.0,0.0,0.0,2.0,0.0,2088.4,0.56,0.0,-1.0
0,35.4803,69.2379,2020-08-23,0.0,0.0,0.0,0.0,0.0,2930.9,1.46,-0.866,-0.5
0,24.1327,86.2731,2012-05-12,0.1,0.1,4.5,15.6,4.4,278.6,0.05,0.5,-0.866
0,24.4453,89.689,2022-10-04,17.3,57.8,77.5,114.5,28.2,15.3,0.01,-0.866,0.5
0,32.2147,72.4148,2019-04-06,0.0,0.0,0.0,6.5,0.0,178.6,0.27,0.866,-0.5
0,35.7849,76.6856,2007-07-27,0.0,0.0,5.0,11.0,2.1,5286.6,0.28,-0.5,-0.866
0,15.642,92.7982,2017-07-20,11.0,26.8,120.5,200.5,25.9,0.0,0.0,-0.5,-0.866
0,6.8523,81.7064,2018-09-01,0.0,1.1,5.5,21.4,2.5,33.7,0.19,-1.0,-0.0
0,18.4178,86.7225,2017-05-20,0.0,0.1,0.1,0.1,0.1,0.0,0.0,0.5,-0.866
0,10.7528,85.8353,2012-01-12,0.1,0.4,5.3,27.0,2.9,0.0,0.0,0.5,0.866
0,11.0273,76.4322,2020-03-28,0.0,0.4,15.5,27.0,9.5,370.9,0.51,1.0,0.0
0,13.4777,75.2087,2011-08-26,11.0,26.3,133.9,259.1,45.8,365.7,0.7,-0.866,-0.5
0,34.9927,73.1004,2016-03-24,29.1,29.1,112.9,213.7,51.2,2534.4,1.14,1.0,0.0
0,21.8409,94.895,2011-04-12,0.0,0.0,0.0,8.0,0.0,168.6,0.26,0.866,-0.5
0,33.3089,71.0674,2017-08-17,0.0,0.0,26.5,73.8,19.1,780.6,0.8,-0.866,-0.5
0,31.6152,87.8747,2012-02-13,0.0,0.1,4.7,4.9,4.6,4859.3,0.12,0.866,0.5
0,23.6005,82.823,2023-10-15,0.0,0.0,0.0,82.4,0.0,542.2,0.22,-0.866,0.5
0,24.3738,89.3645,2012-05-22,0.3,1.1,10.9,29.9,4.2,14.7,0.0,0.5,-0.866
0,8.2104,93.8179,2012-07-01,2.3,4.2,4.2,6.9,2.3,1.3,0.0,-0.5,-0.866
0,27.6869,69.8404,2012-06-07,0.0,0.0,0.0,0.0,0.0,90.5,0.02,0.0,-1.0
0,34.5595,84.3179,2012-04-14,0.1,1.2,5.6,16.7,4.3,5174.2,0.09,0.866,-0.5
0,12.9347,82.2677,2023-10-03,1.0,4.1,19.4,59.9,4.4,0.0,0.0,-0.866,0.5
0,35.454,71.2055,2011-12-07,0.0,0.8,3.0,26.9,1.2,3323.6,1.23,-0.0,1.0
0,12.5338,74.6555,2023-08-04,10.0,14.7,28.6,216.9,10.0,2.2,0.33,-0.866,-0.5
0,22.3506,77.5983,2007-11-24,0.0,0.0,0.0,0.0,0.0,389.5,0.1,-0.5,0.866
0,19.1748,86.5599,2012-06-19,20.8,58.7,72.7,73.1,26.3,0.0,0.0,0.0,-1.0
0,35.1957,71.445,2010-10-23,0.0,0.8,1.1,2.2,0.8,1993.4,1.26,-0.866,0.5
0,7.6725,79.8063,2007-07-02,4.0,8.7,19.0,60.5,6.3,70.8,0.05,-0.5,-0.866
0,31.696,73.2847,2018-07-09,0.0,0.0,9.4,42.9,5.8,182.9,0.02,-0.5,-0.866
0,7.9282,76.0058,2011-06-09,1.2,12.1,46.5,250.2,13.6,0.0,0.0,0.0,-1.0
0,35.1408,84.4795,2018-10-27,0.1,0.5,0.9,2.5,0.4,5031.0,0.09,-0.866,0.5
0,19.6873,68.8673,2019-07-16,1.0,2.8,10.7,28.2,2.2,0.0,0.0,-0.5,-0.866
0,22.5313,77.2199,2011-07-03,0.0,0.9,56.0,156.6,34.1,389.5,0.08,-0.5,-0.866
0,34.4155,70.0057,2014-08-16,0.2,0.2,0.2,2.2,0.2,1785.4,0.52,-0.866,-0.5
0,34.1941,86.8827,2022-08-15,0.8,11.0,13.1,42.2,6.2,5048.0,0.08,-0.866,-0.5
0,31.2649,83.3744,2020-08-06,6.8,8.2,23.8,42.7,7.5,4967.4,0.26,-0.866,-0.5
0,17.0788,73.1356,2007-07-07,24.9,76.0,181.0,738.8,37.1,36.0,0.92,-0.5,-0.866
0,12.797,79.6836,2015-08-19,0.0,3.4,35.4,55.2,19.5,223.2,0.18,-0.866,-0.5
0,9.865,83.7018,2014-07-16,0.5,1.8,6.9,39.6,3.0,0.0,0.0,-0.5,-0.866
0,11.4118,88.776,2023-07-14,0.3,2.2,95.3,281.0,31.9,0.0,0.0,-0.5,-0.866
0,31.1001,76.8276,2021-07-21,4.1,42.6,69.1,126.0,27.7,897.6,0.35,-0.5,-0.866
0,33.4614,81.6326,2023-10-25,1.6,2.7,4.1,10.3,1.6,5056.4,0.27,-0.866,0.5
0,34.8578,77.9285,2007-01-27,0.0,0.0,0.4,4.0,0.4,5399.9,0.55,0.5,0.866
0,28.8354,83.8846,2021-01-24,0.0,0.0,0.0,0.0,0.0,4973.6,2.0,0.5,0.866
0,35.3355,68.3507,2013-09-11,0.0,0.0,0.0,0.0,0.0,2459.1,1.11,-1.0,-0.0
0,23.7702,91.2243,2011-03-08,0.0,0.0,0.0,0.0,0.0,25.2,0.06,1.0,0.0
0,35.7628,96.8089,2009-09-14,4.1,16.6,40.2,95.2,10.2,3761.9,0.64,-1.0,-0.0
0,17.5015,96.191,2009-07-08,12.0,54.4,138.2,282.4,34.0,53.0,0.11,-0.5,-0.866
0,26.0198,93.3928,2022-09-08,0.7,31.7,78.7,140.7,17.2,217.1,0.2,-1.0,-0.0
0,8.5606,88.7915,2010-07-02,2.2,7.6,32.0,64.5,13.3,0.0,0.0,-0.5,-0.866
0,31.3471,69.2642,2008-06-04,0.0,3.5,3.5,5.5,2.5,1631.2,0.36,0.0,-1.0
0,34.5088,83.0187,2015-04-21,1.5,1.7,2.2,5.9,1.5,5216.0,0.14,0.866,-0.5
0,24.2593,91.4303,2020-10-19,13.6,23.2,27.1,55.8,13.6,9.3,0.05,-0.866,0.5
0,20.1054,94.2038,2010-01-14,0.0,0.0,0.0,0.0,0.0,353.2,0.27,0.5,0.866
0,29.7698,90.5872,2013-02-10,0.0,0.0,0.4,7.1,0.4,4938.6,0.44,0.866,0.5
0,12.6664,81.8619,2023-08-12,0.3,16.5,31.5,33.4,14.4,0.0,0.0,-0.866,-0.5
0,13.1733,74.9041,2022-07-25,3.5,20.2,48.5,321.1,18.0,163.0,0.0,-0.5,-0.866
0,32.3707,74.863,2018-03-02,0.9,2.3,5.3,5.6,3.0,465.4,0.2,1.0,0.0
0,9.4911,74.3452,2014-06-25,0.5,0.6,9.2,27.3,5.4,0.0,0.0,0.0,-1.0
0,22.8196,81.7357,2022-08-24,14.5,21.3,159.8,260.7,64.6,610.4,0.16,-0.866,-0.5
0,12.6406,73.235,2016-03-16,0.0,0.0,0.0,0.0,0.0,0.0,0.0,1.0,0.0
0,30.3035,73.4729,2013-01-27,0.0,0.0,0.0,4.9,0.0,174.6,0.01,0.5,0.866
0,12.9534,82.0093,2021-04-13,0.8,0.9,1.2,1.3,0.8,0.0,0.0,0.866,-0.5
0,28.8044,91.3742,2012-12-04,0.0,0.0,0.0,0.8,0.0,4609.3,0.24,-0.0,1.0
0,35.1305,94.9589,2015-08-01,0.0,0.3,2.1,2.5,1.6,4572.0,0.06,-0.866,-0.5
0,15.6527,92.2871,2012-09-16,7.4,42.7,82.3,265.2,21.3,0.0,0.0,-1.0,-0.0
0,35.6153,87.9753,2018-06-12,0.6,7.5,12.4,24.9,5.1,5028.1,0.07,0.0,-1.0
0,28.4752,91.6688,2022-10-09,0.4,0.9,3.7,15.5,1.3,4849.7,0.23,-0.866,0.5
0,23.1801,91.3393,2020-10-17,16.0,16.0,24.0,58.2,16.0,10.7,0.04,-0.866,0.5
0,9.0726,76.8729,2023-02-19,0.0,0.0,0.0,0.0,0.0,211.5,0.26,0.866,0.5
0,34.664,72.3773,2007-01-11,0.0,0.0,0.0,1.1,0.0,1042.5,1.46,0.5,0.866
0,15.506,97.1753,2020-11-28,0.0,0.0,1.0,1.0,1.0,0.0,0.03,-0.5,0.866
0,15.8472,96.0555,2007-05-15,5.9,57.3,120.5,365.1,31.0,0.1,0.0,0.5,-0.866
0,34.648,86.5361,2018-09-11,3.5,6.4,27.4,44.0,8.7,5265.1,0.22,-1.0,-0.0
0,35.1716,90.7712,2015-08-25,5.0,11.9,13.2,46.4,6.5,4910.8,0.02,-0.866,-0.5
0,15.8617,89.3995,2012-12-10,0.0,0.0,0.0,47.5,0.0,0.0,0.0,-0.0,1.0
0,35.4212,77.1193,2014-09-09,0.4,0.6,65.4,70.2,23.4,5255.1,0.8,-1.0,-0.0
0,16.9917,96.3525,2012-03-14,0.0,6.8,10.5,10.5,6.8,10.9,0.04,1.0,0.0
0,11.3955,77.3766,2011-04-22,6.7,28.2,47.1,55.9,19.9,417.5,0.4,0.866,-0.5
0,31.2815,87.7113,2007-05-15,0.0,2.6,12.5,21.7,6.0,4869.9,0.16,0.5,-0.866
0,32.069,81.0389,2016-09-09,0.0,0.0,0.0,6.8,0.0,5056.1,0.08,-1.0,-0.0
0,20.6991,92.4811,2008-08-19,30.9,94.5,215.4,374.8,38.5,16.0,0.0,-0.866,-0.5
0,15.7172,80.3686,2011-09-13,3.1,3.6,3.8,11.3,3.1,2.2,0.04,-1.0,-0.0
0,16.5884,86.7973,2018-09-20,10.5,53.3,110.0,129.3,39.6,0.0,0.0,-1.0,-0.0
0,11.4088,75.5749,2019-09-01,11.8,28.4,86.5,250.6,21.7,165.2,0.4,-1.0,-0.0
0,32.2152,80.6565,2016-06-11,2.7,9.3,19.7,19.7,9.0,5038.3,0.09,0.0,-1.0
0,8.9679,89.4231,2010-05-01,0.0,30.1,42.6,45.2,23.6,0.0,0.0,0.5,-0.866
0,27.747,69.5033,2020-08-17,0.0,0.0,0.0,34.8,0.0,64.1,0.04,-0.866,-0.5
0,29.0064,82.6433,2021-03-27,0.0,1.3,4.5,8.2,1.4,3182.0,0.95,1.0,0.0
0,29.3578,84.3659,2010-02-24,0.0,0.5,0.5,2.0,0.5,4886.3,0.02,0.866,0.5
0,27.0123,86.1968,2023-09-02,14.1,23.7,51.7,193.6,22.3,677.8,1.68,-1.0,-0.0
0,27.9518,81.8045,2020-11-04,0.0,0.0,0.0,0.0,0.0,319.7,0.56,-0.5,0.866
0,35.7784,72.5615,2019-10-22,18.1,18.7,30.4,30.4,18.1,4086.8,0.78,-0.866,0.5
0,26.7121,89.1314,2021-06-12,3.2,26.4,188.1,272.3,54.8,180.4,1.32,0.0,-1.0
0,23.0446,92.984,2022-05-22,1.6,6.9,19.2,104.0,5.7,964.1,0.45,0.5,-0.866
0,25.1001,93.5382,2016-08-10,14.4,29.6,65.0,92.9,14.4,952.6,1.75,-0.866,-0.5
0,24.5206,91.8799,2014-09-11,0.8,5.5,30.6,141.6,13.8,29.6,0.1,-1.0,-0.0
0,20.3773,72.1697,2010-06-15,19.7,20.3,20.3,29.5,19.7,0.2,0.0,0.0,-1.0
0,15.3952,70.1504,2017-06-28,2.6,9.3,19.2,47.6,4.1,0.0,0.0,0.0,-1.0
0,27.0575,79.8834,2012-04-15,0.0,4.9,5.3,7.0,4.9,136.3,0.01,0.866,-0.5
0,23.15,92.6002,2020-12-15,0.0,0.0,0.0,0.0,0.0,299.2,0.61,-0.0,1.0
0,31.5769,85.9178,2007-07-22,1.0,1.5,9.0,32.1,3.4,5007.8,0.04,-0.5,-0.866
0,30.4199,83.2519,2014-11-13,0.0,0.0,0.0,0.0,0.0,5134.9,0.21,-0.5,0.866
0,24.1009,93.4483,2023-05-26,2.6,16.6,23.1,93.7,8.6,972.9,0.51,0.5,-0.866
0,28.9874,71.842,2008-08-06,2.0,35.4,131.2,134.1,60.3,118.6,0.0,-0.866,-0.5
0,8.2162,76.6886,2018-08-18,23.6,44.3,113.7,133.8,43.6,1.1,0.09,-0.866,-0.5
0,9.3697,96.8893,2019-05-22,8.3,15.2,42.8,107.0,14.6,0.0,0.0,0.5,-0.866
0,15.2362,73.8494,2021-05-27,0.5,5.7,22.4,239.2,9.1,43.3,0.0,0.5,-0.866
0,32.3908,80.9968,2021-07-26,0.0,11.2,17.2,36.2,5.9,4962.9,0.09,-0.5,-0.866
0,19.4969,75.1291,2014-07-18,0.3,1.3,33.0,51.0,16.4,555.9,0.05,-0.5,-0.866
0,20.3605,72.6611,2009-09-06,2.9,24.2,70.8,150.1,23.1,1.4,0.11,-1.0,-0.0
0,26.0665,76.8047,2020-09-27,0.2,0.2,5.3,5.8,3.1,276.0,0.02,-1.0,-0.0
0,25.8764,92.3099,2016-07-06,12.8,82.5,215.4,348.8,59.1,363.4,1.21,-0.5,-0.866
0,11.7006,72.6279,2013-11-08,2.3,3.2,13.2,19.6,3.6,0.0,0.0,-0.5,0.866
0,11.6994,96.2434,2008-05-03,15.3,62.7,183.7,243.6,61.4,0.0,0.0,0.5,-0.866
0,24.0787,73.3339,2014-07-23,12.0,14.3,33.2,80.2,12.0,297.1,0.2,-0.5,-0.866
0,32.1491,76.085,2023-06-22,11.0,14.5,14.7,22.9,11.0,1112.2,1.27,0.0,-1.0
0,25.3867,79.7599,2007-06-05,0.0,0.7,0.7,1.0,0.7,147.6,0.09,0.0,-1.0
0,32.2991,72.5231,2014-03-18,0.0,7.2,7.2,83.1,7.2,407.1,0.27,1.0,0.0
0,24.221,89.7106,2022-12-10,0.0,0.0,0.0,0.0,0.0,11.3,0.0,-0.0,1.0
0,35.3493,93.9785,2020-09-19,2.6,3.6,5.5,22.6,2.6,4603.5,0.06,-1.0,-0.0
0,17.1287,78.5601,2012-08-02,8.9,13.7,20.6,79.1,8.9,442.4,0.19,-0.866,-0.5
0,27.818,82.0959,2007-07-06,3.2,34.8,66.7,111.8,23.4,319.7,0.43,-0.5,-0.866
0,11.6784,93.6525,2012-01-04,0.5,6.1,6.7,6.7,4.4,0.0,0.01,0.5,0.866
0,7.6927,80.0923,2017-01-27,28.0,35.7,58.1,60.1,28.0,70.8,0.18,0.5,0.866
0,29.3905,83.8929,2016-05-06,0.9,2.7,2.8,2.9,1.3,5082.4,0.03,0.5,-0.866
0,31.5906,70.7626,2019-11-08,0.0,3.3,10.0,10.0,3.9,290.6,0.7,-0.5,0.866
0,27.7613,89.0402,2017-06-01,5.2,37.9,64.4,85.0,29.9,4609.4,2.2,0.0,-1.0
0,31.2849,87.4415,2010-09-22,2.5,9.8,22.2,42.8,6.0,4869.9,0.11,-1.0,-0.0
0,35.4499,76.8403,2010-11-23,0.0,8.1,8.1,8.1,5.1,5255.1,0.94,-0.5,0.866
0,17.3604,96.0551,2008-10-25,12.4,22.7,41.3,66.0,12.4,53.0,0.08,-0.866,0.5
0,11.6731,88.5713,2016-02-06,0.0,0.0,0.0,0.3,0.0,0.0,0.0,0.866,0.5
0,29.6813,78.9068,2011-05-27,4.0,11.6,25.5,39.4,8.5,516.7,0.87,0.5,-0.866
0,35.8776,68.0948,2017-06-17,0.0,0.0,1.0,1.5,1.0,1997.4,1.15,0.0,-1.0
0,25.2746,77.2321,2012-09-09,4.3,9.2,24.0,97.8,5.3,408.0,0.07,-1.0,-0.0
0,9.2411,89.4203,2007-05-25,0.2,1.5,5.7,96.3,3.0,0.0,0.0,0.5,-0.866
0,31.5569,68.9588,2009-09-16,4.2,4.2,4.2,5.8,4.2,1979.8,0.46,-1.0,-0.0
0,28.6112,76.6612,2015-07-17,9.9,13.0,64.3,192.5,46.4,230.3,0.02,-0.5,-0.866
0,14.7742,81.4826,2009-06-13,0.0,0.2,0.7,1.2,0.3,0.0,0.0,0.0,-1.0
0,32.8541,75.564,2011-07-15,18.4,31.2,56.4,100.5,18.4,2027.2,1.24,-0.5,-0.866
0,25.9944,92.71,2014-06-10,5.9,23.1,37.8,76.8,12.9,363.4,0.52,0.0,-1.0
0,17.4002,90.2105,2008-07-11,18.1,40.5,105.1,265.9,22.7,0.0,0.0,-0.5,-0.866
0,13.3368,75.3154,2023-06-14,2.0,5.8,19.9,62.4,9.3,810.8,0.44,0.0,-1.0
0,27.5253,94.1861,2012-04-05,5.0,12.0,15.1,48.9,5.4,513.3,0.89,0.866,-0.5
0,28.5469,80.4086,2015-10-16,0.0,3.9,14.2,14.2,7.6,227.6,0.48,-0.866,0.5
0,31.6792,70.3627,2012-12-27,11.3,11.3,11.3,45.9,11.3,290.6,0.95,-0.0,1.0
0,29.6785,74.8847,2007-03-24,0.0,0.0,2.0,32.7,1.9,201.2,0.02,1.0,0.0
0,33.5376,87.2944,2013-03-01,0.0,0.0,0.0,0.1,0.0,5130.4,0.15,1.0,0.0
0,7.4326,86.5586,2009-01-21,0.0,0.0,0.7,65.4,0.7,0.0,0.0,0.5,0.866
0,31.7734,77.6243,2007-11-22,0.0,0.0,0.3,3.7,0.3,3984.7,2.99,-0.5,0.866
0,32.2574,73.059,2011-07-13,1.4,1.4,8.0,23.0,4.9,298.7,0.14,-0.5,-0.866
0,21.537,70.3352,2018-07-15,18.4,34.0,60.4,101.6,18.4,113.2,0.07,-0.5,-0.866
0,10.0657,93.7912,2014-08-16,1.8,15.6,20.2,90.0,7.1,0.0,0.0,-0.866,-0.5
0,15.0111,70.1739,2022-06-10,13.9,147.8,177.8,194.2,71.7,0.0,0.0,0.0,-1.0
0,35.5337,93.2319,2011-08-06,0.0,0.4,8.0,27.1,4.5,4660.7,0.17,-0.866,-0.5
0,28.9548,96.0638,2019-05-17,7.6,18.4,181.9,312.5,65.7,3639.7,0.42,0.5,-0.866
0,24.1396,89.7485,2014-09-24,5.0,31.1,93.7,103.6,25.5,11.3,0.0,-1.0,-0.0
0,23.1793,81.6877,2012-07-20,5.4,25.9,75.9,278.9,25.8,610.4,0.08,-0.5,-0.866
0,28.8811,96.7934,2011-08-05,15.9,38.8,83.5,124.5,15.9,4124.1,0.7,-0.866,-0.5
0,7.9901,96.8772,2011-08-13,10.4,13.6,22.5,25.7,10.4,0.0,0.0,-0.866,-0.5
0,28.4327,84.6387,2007-05-04,0.5,2.4,3.2,55.1,1.5,3516.1,4.63,0.5,-0.866
0,12.6238,91.9401,2022-07-05,23.4,50.8,65.6,175.2,23.4,0.1,0.0,-0.5,-0.866
0,33.6723,79.82,2008-10-19,0.0,1.3,2.2,3.5,1.3,4856.5,0.29,-0.866,0.5
0,25.971,93.2905,2007-07-05,11.9,43.2,53.5,140.3,17.2,217.1,0.29,-0.5,-0.866
0,35.8451,72.5116,2016-09-24,0.1,0.1,1.4,18.1,1.3,4086.8,0.75,-1.0,-0.0
0,14.2288,88.9692,2013-06-03,10.7,92.8,148.9,171.2,49.1,0.0,0.0,0.0,-1.0
0,21.3899,96.6351,2009-02-14,0.0,0.0,0.0,0.0,0.0,880.5,0.53,0.866,0.5
0,29.2271,90.473,2011-05-02,13.1,17.2,17.3,22.7,13.1,4652.0,0.08,0.5,-0.866
0,27.3503,92.5831,2009-09-19,48.3,129.6,286.6,412.4,51.7,2753.9,1.77,-1.0,-0.0
0,14.7519,81.2323,2015-07-01,0.0,0.0,0.0,183.0,0.0,0.0,0.0,-0.5,-0.866
0,32.48,90.8468,2007-06-03,0.0,2.0,3.6,5.6,1.4,4845.7,0.23,0.0,-1.0
0,9.1949,88.5048,2018-11-06,17.8,33.8,40.9,100.3,17.8,0.0,0.0,-0.5,0.866
0,26.5723,75.3419,2008-08-13,11.4,32.3,40.5,162.4,12.3,327.7,0.05,-0.866,-0.5
0,25.8984,92.2271,2007-01-10,0.0,0.0,0.0,0.1,0.0,363.4,1.23,0.5,0.866
0,24.135,94.3217,2016-09-23,2.3,10.1,64.6,123.1,24.4,458.7,0.46,-1.0,-0.0
0,29.5684,90.6318,2014-09-02,0.4,14.8,39.9,125.9,8.8,4565.4,0.42,-1.0,-0.0
0,25.3503,88.4545,2007-01-15,0.0,0.0,0.0,0.0,0.0,33.1,0.01,0.5,0.866
0,11.0466,77.49,2009-08-11,0.9,1.8,2.6,17.0,0.9,284.1,0.28,-0.866,-0.5
0,32.5085,89.3101,2011-06-14,2.1,4.0,16.4,28.2,4.0,4845.1,0.16,0.0,-1.0
0,24.4846,86.1464,2016-07-24,1.1,27.9,62.8,110.4,24.3,260.3,0.02,-0.5,-0.866
0,9.3875,83.8449,2008-07-18,1.4,2.5,6.2,26.0,3.0,0.0,0.0,-0.5,-0.866
0,10.9022,77.2494,2007-08-16,0.0,0.0,10.6,41.9,10.6,284.1,0.38,-0.866,-0.5
0,34.056,94.4143,2009-03-25,1.8,1.8,6.5,10.6,2.7,4778.0,0.15,1.0,0.0
0,15.1783,90.004,2017-09-19,3.8,71.2,115.2,141.2,58.2,0.0,0.0,-1.0,-0.0
0,29.2093,84.7685,2014-08-12,7.1,10.5,27.8,68.7,7.1,4995.6,0.17,-0.866,-0.5
0,16.0707,90.0414,2016-11-10,0.1,0.1,9.1,83.9,4.5,0.0,0.0,-0.5,0.866
0,34.2719,74.6413,2007-03-18,3.7,5.8,46.8,84.5,31.6,2569.6,1.04,1.0,0.0
0,29.3627,79.745,2012-07-28,14.2,59.0,201.1,382.7,106.0,1463.1,0.68,-0.5,-0.866
0,9.5765,80.39,2020-04-18,0.4,0.6,1.9,4.8,0.7,9.7,0.02,0.866,-0.5
0,11.8773,76.9156,2017-05-19,0.1,11.4,15.4,34.5,9.0,788.1,0.04,0.5,-0.866
0,27.3319,97.1317,2017-07-02,43.1,131.0,267.9,450.6,45.0,1741.1,0.47,-0.5,-0.866
0,28.1805,71.6317,2023-11-03,0.0,0.0,0.0,1.6,0.0,131.3,0.02,-0.5,0.866
0,31.9269,91.638,2014-03-09,0.0,0.0,0.6,1.7,0.6,4803.1,0.05,1.0,0.0
0,32.0093,72.2379,2022-08-23,0.6,1.3,73.8,87.5,66.5,178.6,0.42,-0.866,-0.5
0,10.9805,85.9392,2017-09-16,25.9,50.3,66.1,95.5,25.9,0.0,0.0,-1.0,-0.0
0,31.0963,93.4295,2017-06-09,4.2,15.0,16.6,50.0,7.4,5045.1,0.24,0.0,-1.0
0,33.9083,82.5365,2013-07-07,0.5,0.9,1.8,7.1,0.9,5198.6,0.1,-0.5,-0.866
0,25.2171,91.4864,2009-04-10,1.0,2.3,52.2,138.3,43.0,72.1,1.8,0.866,-0.5
0,28.3377,71.9022,2020-07-01,0.0,0.0,0.6,0.6,0.6,116.7,0.04,-0.5,-0.866
0,14.9817,81.2106,2013-06-16,0.0,21.9,26.9,88.6,12.9,0.0,0.0,0.0,-1.0
0,31.9173,90.8434,2013-07-05,2.9,10.2,39.9,71.0,12.5,4788.8,0.08,-0.5,-0.866
0,26.2179,96.6897,2023-06-13,50.8,192.0,327.5,337.7,83.9,585.5,0.05,0.0,-1.0
0,18.2425,90.2146,2021-06-14,22.2,137.4,250.7,251.7,83.4,0.0,0.0,0.0,-1.0
0,35.632,93.2613,2011-09-15,2.3,6.4,9.2,28.9,4.1,4660.7,0.2,-1.0,-0.0
0,35.0325,77.751,2019-08-17,9.3,11.1,11.7,15.4,9.3,5106.5,0.6,-0.866,-0.5
0,9.4963,96.4988,2015-05-14,8.7,38.8,65.2,100.1,21.7,0.0,0.0,0.5,-0.866
0,12.5477,79.9928,2007-07-14,0.4,1.7,5.3,13.2,2.2,30.8,0.07,-0.5,-0.866
0,21.8768,74.8847,2008-06-16,0.0,2.2,33.8,52.2,13.5,336.9,0.03,0.0,-1.0
0,28.4057,81.3527,2013-11-14,0.0,0.0,0.7,1.7,0.7,402.9,1.14,-0.5,0.866
0,7.8675,86.3552,2011-09-09,4.4,23.5,33.4,53.4,12.6,0.0,0.0,-1.0,-0.0
0,33.9892,83.1245,2008-07-06,1.5,3.7,11.4,26.0,5.6,5136.3,0.11,-0.5,-0.866
0,30.4194,77.8171,2014-02-20,0.0,0.0,66.6,86.2,46.3,1403.9,1.12,0.866,0.5
0,25.6391,92.2983,2022-07-16,7.9,8.5,25.5,55.2,7.9,843.3,1.18,-0.5,-0.866
0,10.5479,76.0457,2015-12-18,0.0,0.9,31.8,47.0,12.5,88.9,0.17,-0.0,1.0
0,29.0538,82.5182,2017-12-01,0.0,1.1,3.7,5.9,2.2,3182.0,0.0,-0.0,1.0
0,28.149,73.9433,2011-07-25,0.0,5.6,5.6,15.4,5.5,263.3,0.06,-0.5,-0.866
0,31.673,77.44,2019-08-28,3.7,12.3,61.9,243.8,19.1,2571.9,3.45,-0.866,-0.5
0,27.3899,91.7764,2020-06-19,11.4,72.0,94.7,146.3,39.5,3174.7,0.0,0.0,-1.0
0,9.4597,96.9746,2019-05-01,1.1,16.1,17.2,33.0,11.8,0.0,0.0,0.5,-0.866
0,34.5069,95.3716,2011-05-15,0.0,10.0,16.7,26.4,7.7,4574.4,0.01,0.5,-0.866
0,35.9209,94.0752,2008-05-22,0.1,1.6,1.6,1.6,1.5,4149.8,0.28,0.5,-0.866
0,31.2177,93.7512,2021-08-21,16.5,25.1,46.9,110.6,16.5,4990.1,0.16,-0.866,-0.5
0,36.165,93.9166,2008-07-20,2.1,3.5,6.6,20.2,2.1,4413.4,0.9,-0.5,-0.866
0,19.7988,74.0582,2007-01-05,0.0,0.0,0.0,0.0,0.0,590.5,0.01,0.5,0.866
0,27.0574,79.7585,2019-04-19,0.0,3.7,3.8,3.9,3.7,136.3,0.01,0.866,-0.5
0,31.92,91.1321,2011-03-25,0.1,0.3,1.1,2.2,0.7,4782.8,0.08,1.0,0.0
0,14.747,88.84,2020-08-28,0.2,1.6,11.5,99.1,5.9,0.0,0.0,-0.866,-0.5
0,27.9154,69.305,2023-07-15,0.0,0.0,0.0,26.8,0.0,68.4,0.02,-0.5,-0.866
0,19.6993,94.6995,2009-06-21,7.9,78.1,105.3,186.4,54.7,180.3,0.13,0.0,-1.0
0,29.0763,95.6182,2017-12-26,0.0,0.3,4.9,12.5,4.3,3067.5,1.31,-0.0,1.0
0,28.8096,85.192,2021-07-28,0.4,20.6,34.0,76.7,17.0,4995.6,0.63,-0.5,-0.866
0,29.2515,82.9279,2018-05-04,1.1,3.1,6.2,12.0,2.0,4874.7,1.46,0.5,-0.866
0,23.9688,82.6975,2011-07-06,1.0,15.2,30.2,183.4,13.4,420.7,0.2,-0.5,-0.866
0,27.8201,72.0328,2018-09-11,0.0,2.7,2.7,2.8,2.3,131.3,0.03,-1.0,-0.0
0,34.153,87.5257,2014-08-27,1.8,8.5,14.7,25.2,3.6,5147.1,0.08,-0.866,-0.5
0,25.8659,95.8124,2014-10-04,0.0,0.0,0.1,162.4,0.1,543.3,0.24,-0.866,0.5
0,27.3198,91.9204,2011-06-24,16.3,30.4,88.8,252.5,22.4,3174.7,0.0,0.0,-1.0
0,24.2447,89.2095,2016-04-13,0.0,0.0,1.1,130.6,1.1,12.0,0.0,0.866,-0.5
0,9.9973,94.2754,2021-07-15,9.5,28.3,134.2,197.9,53.2,0.0,0.0,-0.5,-0.866
0,33.9581,76.1976,2011-09-02,0.0,0.1,2.4,6.5,1.9,4549.5,0.54,-1.0,-0.0
0,35.6585,84.3349,2018-10-16,0.0,0.0,0.2,2.7,0.1,4925.2,0.04,-0.866,0.5
0,28.3582,96.8737,2015-09-26,6.5,52.8,100.4,141.3,29.0,3552.5,1.32,-1.0,-0.0
0,20.9333,73.3268,2007-10-08,0.4,0.4,0.4,46.0,0.4,59.0,0.36,-0.866,0.5
0,34.2545,76.1418,2009-08-23,0.6,4.0,12.7,21.7,4.2,4137.9,0.41,-0.866,-0.5
0,15.0624,81.004,2010-08-14,4.7,34.5,36.9,47.8,15.3,0.0,0.0,-0.866,-0.5
0,9.0732,74.0808,2009-03-03,0.2,0.2,0.2,0.7,0.2,0.0,0.0,1.0,0.0
0,10.6432,76.505,2011-03-10,0.0,0.0,0.0,18.3,0.0,88.9,0.61,1.0,0.0
0,7.3193,80.0613,2009-02-11,0.0,0.0,0.0,0.8,0.0,70.8,0.4,0.866,0.5
0,9.9162,74.1282,2014-07-07,14.5,39.4,67.1,115.6,14.5,0.0,0.0,-0.5,-0.866
0,12.2998,73.1291,2018-02-26,0.0,0.0,0.0,0.1,0.0,0.0,0.0,0.866,0.5
0,25.1549,92.4961,2009-06-27,10.4,27.1,51.6,196.1,10.5,255.5,1.19,0.0,-1.0
0,16.5383,73.2381,2018-06-13,4.6,15.0,525.2,615.4,308.8,14.8,0.29,0.0,-1.0
0,30.9222,84.6003,2019-02-16,0.0,0.0,0.0,3.7,0.0,4945.8,0.72,0.866,0.5
0,20.682,97.2823,2018-05-13,1.4,8.5,10.8,28.9,5.0,1122.9,0.32,0.5,-0.866
0,14.6436,95.7355,2017-06-18,10.0,12.9,24.1,184.7,10.0,0.0,0.0,0.0,-1.0
