label,lat,lon,event_date,rain_1d,rain_3d,rain_7d,rain_15d,rain_max_7d,elevation_m,slope_deg,month_sin,month_cos
1,28.8378,81.708,2009-07-31,2.1,26.0,148.6,238.0,85.9,1370.0,15.47,-0.5,-0.866
1,26.8826,88.2788,2009-07-22,14.9,29.3,52.1,150.7,14.9,1525.0,18.26,-0.5,-0.866
1,26.8572,88.3143,2009-07-22,11.6,42.4,75.7,223.9,27.6,1071.0,18.89,-0.5,-0.866
1,28.2039,83.9806,2009-07-02,34.6,173.9,342.3,387.3,76.8,829.0,1.22,-0.5,-0.866
1,27.9447,84.2279,2009-07-02,9.7,99.1,288.3,300.3,118.1,556.0,26.35,-0.5,-0.866
1,27.478,88.527,2009-07-01,37.7,104.5,236.4,386.7,54.0,771.0,24.63,-0.5,-0.866
1,28.0,85.71,2009-07-27,82.3,154.4,189.1,286.1,82.3,3137.0,39.05,-0.5,-0.866
1,28.1046,83.8791,2009-07-31,11.0,45.5,451.1,522.8,295.9,834.0,18.75,-0.5,-0.866
1,25.3098633,94.48214677,2010-07-29,19.9,43.2,124.5,235.6,36.7,1559.0,24.25,-0.5,-0.866
1,29.7334,79.6367,2011-07-21,8.6,48.1,165.8,370.8,61.6,1629.0,23.94,-0.5,-0.866
1,33.8778,74.3333,2007-03-19,38.1,46.1,54.0,165.7,38.1,2655.0,27.11,1.0,0.0
1,30.7666,78.7963,2011-06-29,17.2,51.5,136.9,182.8,56.5,3841.0,34.61,0.0,-1.0
1,27.7394,83.5754,2011-07-03,12.9,87.0,259.0,327.9,98.7,1053.0,25.53,-0.5,-0.866
1,28.3683,83.2934,2011-07-03,8.3,58.2,195.7,336.7,51.9,2880.0,42.38,-0.5,-0.866
1,28.0889,83.2934,2011-07-03,11.5,127.3,413.3,505.8,134.5,1213.0,35.51,-0.5,-0.866
1,30.7652,78.5925,2011-07-09,12.8,60.9,104.9,298.5,33.0,1420.0,21.69,-0.5,-0.866
1,30.7331,79.0685,2011-07-09,10.7,49.3,62.9,166.8,26.6,3530.0,9.52,-0.5,-0.866
1,31.0188,78.4129,2011-07-09,8.3,31.7,48.9,153.3,12.3,3317.0,41.95,-0.5,-0.866
1,30.4043,79.3318,2011-07-21,12.7,41.1,88.7,197.3,22.3,1019.0,33.32,-0.5,-0.866
1,27.83196401,84.54704621,2017-07-03,18.8,59.1,100.6,284.9,23.8,238.0,15.94,-0.5,-0.866
1,28.3875,82.6474,2011-09-17,2.0,25.9,63.2,138.3,16.5,1898.0,28.8,-1.0,-0.0
1,26.324724,94.514651,2016-09-05,15.8,68.2,132.5,185.7,31.5,1243.0,11.96,-1.0,-0.0
1,27.593,88.492,2016-08-16,15.6,46.6,117.5,257.7,24.5,3257.0,39.59,-0.866,-0.5
1,31.0226,77.1029,2012-09-18,21.1,44.2,57.7,150.7,21.9,1649.0,22.46,-1.0,-0.0
1,27.8385,88.556,2012-09-19,35.1,75.1,205.9,231.7,38.0,3832.0,18.38,-1.0,-0.0
1,27.6558,88.605,2012-09-19,44.0,86.2,273.1,414.7,59.6,1950.0,6.33,-1.0,-0.0
1,27.769034,84.854632,2016-09-02,19.1,48.5,97.7,192.5,20.4,719.0,18.88,-1.0,-0.0
1,21.61900923,91.92597729,2017-07-04,45.8,135.8,186.3,319.4,52.5,23.0,5.55,-0.5,-0.866
1,30.4954,78.3881,2013-06-16,127.1,177.5,227.9,287.4,127.1,937.0,26.48,0.0,-1.0
1,30.885,78.6695,2013-06-16,120.1,187.2,250.7,340.4,120.1,1905.0,36.15,0.0,-1.0
1,29.7986,80.417,2013-06-16,97.0,125.3,172.5,201.7,97.0,789.0,30.48,0.0,-1.0
1,26.092493,94.257523,2016-09-05,18.2,50.7,78.8,130.7,22.1,1359.0,9.22,-1.0,-0.0
1,10.9628,77.5947,2013-06-25,2.3,3.0,41.6,74.8,24.0,267.0,1.15,0.0,-1.0
1,28.4311,82.1847,2013-07-14,13.6,38.6,228.0,412.3,107.1,1152.0,14.78,-0.5,-0.866
1,25.7658,93.9413,2013-07-17,2.0,96.8,158.2,249.5,60.2,796.0,35.99,-0.5,-0.866
1,28.6202,82.4393,2013-07-14,15.9,35.2,165.8,344.3,70.0,970.0,16.49,-0.5,-0.866
1,25.7131,94.0885,2013-07-17,2.0,96.8,158.2,249.5,60.2,1402.0,23.08,-0.5,-0.866
1,22.35037081,91.83258101,2017-06-13,42.3,267.9,325.4,522.9,159.2,47.0,2.99,0.0,-1.0
1,28.145796,84.069015,2016-09-06,13.0,21.8,148.5,193.9,64.5,679.0,3.89,-1.0,-0.0
1,26.1445447,94.24416766,2017-07-01,15.6,47.6,100.3,194.1,21.3,1271.0,13.72,-0.5,-0.866
1,21.23699085,92.10434768,2017-07-05,33.3,144.4,237.9,341.5,59.5,18.0,3.84,-0.5,-0.866
1,26.20450454,91.87202793,2017-07-03,71.1,147.9,218.8,356.0,71.1,118.0,16.46,-0.5,-0.866
1,22.77997113,92.03513581,2017-07-02,16.7,35.2,55.2,161.0,16.7,93.0,15.49,-0.5,-0.866
1,27.513641,87.640957,2016-09-02,79.0,143.8,173.4,271.7,79.0,2426.0,40.02,-1.0,-0.0
1,25.4976444,94.12901274,2017-07-04,19.1,59.6,132.9,274.1,35.0,1788.0,37.05,-0.5,-0.866
1,27.833565,85.201673,2016-09-04,30.8,89.4,132.9,205.6,46.5,1415.0,40.02,-1.0,-0.0
1,27.167781,87.055222,2017-07-03,37.5,79.6,162.4,353.8,37.5,1483.0,6.57,-0.5,-0.866
1,26.22247247,91.92053028,2017-07-03,57.4,144.2,209.6,341.7,57.4,70.0,17.91,-0.5,-0.866
1,28.377188,83.498645,2016-09-04,9.2,70.1,118.2,168.6,49.5,1261.0,35.1,-1.0,-0.0
1,26.1061808,91.85158907,2017-07-03,89.4,154.5,238.1,370.9,89.4,200.0,29.95,-0.5,-0.866
1,26.10430759,91.86227824,2017-07-03,89.4,154.5,238.1,370.9,89.4,131.0,4.22,-0.5,-0.866
1,22.74955141,92.22099982,2017-06-13,53.7,313.4,399.4,585.9,185.4,258.0,4.06,0.0,-1.0
1,22.80452414,91.91261915,2017-06-13,18.7,289.6,347.9,558.1,219.9,41.0,1.83,0.0,-1.0
1,31.956546,77.109719,2016-09-02,2.2,23.1,81.7,166.4,25.9,1227.0,4.65,-1.0,-0.0
1,34.525881,71.398496,2016-09-08,0.0,0.4,0.6,27.8,0.4,684.0,2.64,-1.0,-0.0
1,27.90362599,85.91050294,2017-07-02,4.0,60.5,137.6,196.1,42.3,1638.0,27.92,-0.5,-0.866
1,27.98531715,94.21263589,2017-07-04,101.0,160.7,388.2,566.9,109.3,348.0,11.87,-0.5,-0.866
1,26.11613908,94.24222574,2017-07-01,15.6,47.6,100.3,194.1,21.3,1384.0,21.91,-0.5,-0.866
1,21.42181705,92.17584376,2017-07-05,32.1,118.5,194.7,311.4,48.3,47.0,7.39,-0.5,-0.866
1,27.97875751,94.26296826,2017-07-04,101.0,160.7,388.2,566.9,109.3,335.0,16.82,-0.5,-0.866
1,21.04270451,92.21525816,2017-06-14,92.0,254.0,440.6,513.0,142.5,65.0,12.18,0.0,-1.0
1,26.90298048,88.29518925,2017-07-05,38.6,137.6,259.8,470.8,74.3,1789.0,31.31,-0.5,-0.866
1,27.878121,85.143062,2017-07-05,11.8,55.9,210.5,275.6,78.8,574.0,6.89,-0.5,-0.866
1,23.69461107,92.87641207,2017-06-28,12.8,27.8,61.2,157.6,18.3,575.0,17.3,0.0,-1.0
1,26.3312531,94.55427723,2017-07-01,24.0,50.0,113.0,298.1,24.0,1332.0,11.07,-0.5,-0.866
1,27.02149311,88.25902123,2017-07-06,21.3,115.8,280.1,494.5,80.0,2338.0,11.86,-0.5,-0.866
1,28.372874,83.567989,2016-08-16,5.1,24.3,59.1,106.4,14.5,931.0,22.06,-0.866,-0.5
1,17.06998518,96.82040086,2017-05-19,3.4,51.3,154.0,174.7,50.7,9.0,0.57,0.5,-0.866
1,23.19807165,94.29816252,2017-06-05,0.2,5.9,59.1,151.3,35.3,111.0,2.31,0.0,-1.0
1,27.06992579,93.6146564,2017-06-19,15.6,77.8,208.7,249.3,93.4,204.0,2.18,0.0,-1.0
1,28.069957,85.01,2016-08-14,20.4,36.1,80.3,166.8,20.4,1612.0,34.56,-0.866,-0.5
1,34.27703802,75.46743478,2017-06-05,1.6,1.6,8.0,10.3,6.1,3613.0,37.74,0.0,-1.0
1,16.28332586,80.26097734,2017-05-27,2.6,6.0,11.6,13.1,4.2,219.0,17.25,0.5,-0.866
1,30.070512,80.237218,2016-08-10,21.9,54.4,184.2,394.8,57.1,2119.0,9.16,-0.866,-0.5
1,24.21988831,93.20266204,2017-06-26,34.9,84.7,149.3,264.0,34.9,807.0,24.56,0.0,-1.0
1,27.6835,86.1804,2016-08-09,16.2,60.7,143.5,345.4,25.3,2244.0,19.76,-0.866,-0.5
1,11.34165808,76.8694278,2017-06-01,3.7,17.9,56.3,120.5,18.1,638.0,31.61,0.0,-1.0
1,22.65620215,93.61589869,2017-05-29,86.9,123.1,126.9,136.2,86.9,1554.0,15.65,0.5,-0.866
1,32.62803,75.37123,2017-06-21,6.8,20.0,22.2,36.9,7.5,740.0,8.77,0.0,-1.0
1,25.15246863,92.94670614,2017-06-04,9.6,206.1,531.3,622.8,176.8,977.0,17.39,0.0,-1.0
1,21.87861504,92.2676503,2017-06-13,33.0,273.0,422.3,594.1,156.0,40.0,2.24,0.0,-1.0
1,24.30415689,93.18182448,2017-06-27,15.1,71.1,147.8,227.6,33.0,846.0,15.98,0.0,-1.0
1,30.56504675,79.56163208,2017-05-20,1.8,9.2,12.5,17.8,5.6,1444.0,17.91,0.5,-0.866
1,31.581485,78.412784,2016-08-15,5.3,14.2,37.5,86.4,10.0,2209.0,7.46,-0.866,-0.5
1,26.88161,95.399897,2016-08-16,1.4,26.1,57.5,222.3,21.9,685.0,19.13,-0.866,-0.5
1,30.73315585,79.49231617,2017-05-20,0.2,5.6,17.1,17.9,8.2,3091.0,14.85,0.5,-0.866
1,33.63251807,75.23162006,2017-06-21,20.3,23.7,25.4,35.2,20.3,1748.0,1.18,0.0,-1.0
1,13.90074546,74.66018578,2017-06-12,133.9,543.8,697.5,820.7,286.1,76.0,8.54,0.0,-1.0
1,6.519724975,80.15402093,2017-05-25,25.5,69.3,126.8,206.4,25.5,66.0,8.9,0.5,-0.866
1,29.60012,80.630002,2017-06-29,3.4,17.7,28.6,83.5,9.9,1747.0,10.32,0.0,-1.0
1,23.86469956,91.8949662,2017-06-03,16.6,32.5,145.6,178.2,69.2,121.0,6.17,0.0,-1.0
1,30.33597362,79.31958144,2017-06-06,17.5,18.6,19.4,44.2,17.5,921.0,33.58,0.0,-1.0
1,29.48,82.2896,2016-08-09,17.7,36.3,72.2,192.1,17.7,3880.0,30.91,-0.866,-0.5
1,29.350849,79.451264,2016-08-16,9.1,40.4,90.5,179.3,21.8,1553.0,21.23,-0.866,-0.5
1,14.42827957,74.41606625,2017-06-11,81.6,215.3,323.3,419.3,81.6,18.0,1.67,0.0,-1.0
1,13.87803507,74.6246332,2017-06-12,135.2,473.0,648.6,764.8,222.2,72.0,14.57,0.0,-1.0
1,26.9653186,88.2667225,2017-06-05,19.7,105.1,134.8,188.1,81.7,1833.0,24.29,0.0,-1.0
1,33.01739981,74.93828041,2017-06-21,6.8,43.2,50.8,76.3,19.0,1865.0,27.04,0.0,-1.0
1,22.59420297,92.16404889,2017-06-12,202.3,306.8,338.1,572.7,202.3,50.0,8.97,0.0,-1.0
1,22.65242372,92.15898865,2017-06-13,52.4,317.9,406.8,597.4,185.2,56.0,4.25,0.0,-1.0
1,31.70779,76.932771,2016-08-09,13.3,60.3,207.2,384.7,126.4,763.0,3.24,-0.866,-0.5
1,32.94818322,75.12206351,2017-06-21,9.5,25.1,26.0,43.9,10.1,744.0,2.58,0.0,-1.0
1,30.86642127,76.99790295,2017-06-29,18.5,50.2,53.1,90.3,18.5,1155.0,19.09,0.0,-1.0
1,28.301686,84.386742,2017-06-30,34.1,109.4,180.5,439.3,40.7,856.0,22.86,0.0,-1.0
1,30.94222039,76.80054202,2017-06-07,21.7,30.6,31.6,39.6,21.7,431.0,0.91,0.0,-1.0
1,33.35149269,74.23352995,2017-06-08,1.5,5.7,6.8,20.2,2.8,1128.0,28.43,0.0,-1.0
1,22.44394492,91.97239273,2017-06-13,62.5,349.0,397.2,595.1,194.7,2.0,0.41,0.0,-1.0
1,27.05909317,93.54235868,2017-06-04,12.2,110.4,218.0,279.3,67.0,495.0,16.33,0.0,-1.0
1,28.28120123,83.86441477,2017-06-27,45.9,73.3,139.5,288.2,45.9,1452.0,3.84,0.0,-1.0
1,12.89674168,74.85970453,2017-06-12,81.5,284.5,408.6,555.9,112.7,67.0,3.26,0.0,-1.0
1,33.01346369,74.93530189,2017-06-30,28.3,160.1,176.2,229.6,127.0,1609.0,27.63,0.0,-1.0
1,27.05880384,93.54136779,2017-06-21,10.6,47.9,140.2,248.9,50.9,493.0,9.25,0.0,-1.0
1,6.586835,80.160486,2017-05-26,23.0,70.0,147.6,238.3,28.6,15.0,4.01,0.5,-0.866
1,25.907233,91.881892,2017-05-26,12.4,22.3,67.2,128.6,35.3,577.0,6.68,0.5,-0.866
1,25.67061161,94.11844319,2017-06-02,20.6,105.2,194.1,295.3,73.3,1443.0,15.73,0.0,-1.0
1,24.32420539,93.15020652,2017-06-26,23.0,84.0,148.5,270.1,33.0,565.0,30.33,0.0,-1.0
1,8.558668245,76.89785918,2017-06-05,8.2,43.9,154.2,262.2,47.0,22.0,4.06,0.0,-1.0
1,34.56101506,73.86293399,2017-06-04,0.0,0.0,5.1,31.9,3.9,1369.0,27.49,0.0,-1.0
1,21.556137,85.70071225,2017-06-21,4.6,22.9,41.4,80.9,12.4,447.0,3.26,0.0,-1.0
1,23.73354779,92.74744512,2017-06-10,13.2,53.4,132.7,274.0,55.1,876.0,22.0,0.0,-1.0
1,27.33861278,87.67107225,2017-06-04,25.3,32.5,39.5,72.8,25.3,1447.0,13.5,0.0,-1.0
1,25.11956675,94.36416626,2017-06-12,38.6,57.9,69.5,347.5,38.6,1848.0,10.4,0.0,-1.0
1,24.19467451,91.82931979,2017-06-03,16.0,39.2,152.7,196.0,57.8,32.0,0.57,0.0,-1.0
1,31.72415448,76.93732121,2017-06-27,25.5,47.9,58.4,86.6,25.5,758.0,25.69,0.0,-1.0
1,27.01145644,92.64204045,2017-07-01,53.8,186.0,225.3,362.6,88.2,213.0,26.8,-0.5,-0.866
1,15.68638494,74.16234114,2017-06-29,66.1,236.8,396.0,520.8,88.8,790.0,10.66,0.0,-1.0
1,6.50950401,80.23142734,2017-05-25,25.5,69.3,126.8,206.4,25.5,16.0,2.0,0.5,-0.866
1,27.54295099,88.59676956,2017-05-26,39.9,55.8,146.6,312.7,39.9,1712.0,44.4,0.5,-0.866
1,34.78860948,73.51484236,2017-06-29,1.3,8.2,16.0,39.1,6.7,2183.0,30.98,0.0,-1.0
1,32.23843313,78.06239076,2017-07-02,0.3,13.2,30.3,33.1,8.4,3720.0,32.19,-0.5,-0.866
1,28.27909521,83.00633062,2017-07-01,115.3,134.6,189.4,265.1,115.3,1940.0,17.33,-0.5,-0.866
1,19.170539,73.022276,2016-08-29,10.4,33.8,56.4,75.8,12.1,58.0,18.21,-0.866,-0.5
1,25.660517,94.104931,2016-08-25,20.3,26.1,51.9,159.2,20.3,1452.0,16.14,-0.866,-0.5
1,28.107142,84.307977,2017-07-03,24.7,96.9,163.7,415.4,50.8,481.0,1.67,-0.5,-0.866
1,27.8077847,84.43754872,2017-06-30,17.4,26.8,61.6,270.9,17.4,528.0,38.43,0.0,-1.0
1,33.029977,74.948082,2016-08-24,9.8,23.0,29.1,50.1,11.1,1718.0,39.18,-0.866,-0.5
1,28.21676766,84.00622259,2017-06-30,31.0,84.8,179.2,478.9,51.0,888.0,18.79,0.0,-1.0
1,25.06657276,93.9310888,2017-06-30,23.5,62.9,154.0,295.2,43.8,985.0,1.81,0.0,-1.0
1,27.503555,85.219709,2016-08-31,8.8,42.4,89.8,177.9,17.0,1170.0,34.35,-0.866,-0.5
1,31.45206,78.401303,2016-08-21,6.3,16.5,42.6,85.5,13.1,5921.0,8.72,-0.866,-0.5
1,32.30628994,77.52161234,2017-07-03,0.2,2.5,38.1,45.8,11.8,4885.0,34.2,-0.5,-0.866
1,6.702272807,80.38461313,2017-05-26,31.2,106.8,190.3,300.9,48.7,139.0,21.84,0.5,-0.866
1,28.06986667,83.65247597,2017-07-01,17.1,36.5,70.2,125.6,17.1,1353.0,20.19,-0.5,-0.866
1,24.768609,92.821182,2016-09-01,23.8,47.9,73.2,129.4,23.8,24.0,0.91,-1.0,-0.0
1,28.007828,86.191717,2016-08-31,12.5,31.4,75.8,189.8,13.8,2674.0,36.48,-0.866,-0.5
1,28.27254506,83.95706865,2017-07-02,38.6,293.4,405.0,623.3,164.8,1017.0,21.43,-0.5,-0.866
1,27.10647226,93.65975252,2017-07-01,42.8,183.8,224.4,319.9,111.2,234.0,17.32,-0.5,-0.866
1,14.52203442,74.41035052,2017-07-03,27.3,82.7,221.1,351.6,40.4,64.0,15.31,-0.5,-0.866
1,27.08168565,93.60815652,2017-07-01,35.3,171.9,223.9,348.2,102.6,293.0,21.02,-0.5,-0.866
1,33.18477201,75.80813836,2017-06-29,18.1,30.1,37.0,48.6,18.1,1078.0,37.78,0.0,-1.0
1,30.922325,78.681379,2016-08-28,1.9,21.0,46.4,140.0,10.5,2022.0,32.33,-0.866,-0.5
1,33.08146902,75.29750088,2017-06-30,27.7,132.1,149.4,175.9,90.4,1755.0,15.8,0.0,-1.0
1,32.26186432,78.0685005,2017-07-02,0.3,13.2,30.3,33.1,8.4,4315.0,16.7,-0.5,-0.866
1,32.24637329,78.06616409,2017-07-02,0.3,13.2,30.3,33.1,8.4,4121.0,23.05,-0.5,-0.866
1,27.18732399,87.50256183,2017-06-30,23.5,56.2,142.0,281.9,34.0,1910.0,23.64,0.0,-1.0
1,27.769793,93.50995626,2017-05-24,21.7,52.7,97.5,147.0,21.7,796.0,36.66,0.5,-0.866
1,23.73941422,92.71505961,2017-06-01,8.3,86.0,136.9,146.9,70.2,1068.0,41.06,0.0,-1.0
1,29.132062,81.811777,2016-08-15,7.3,20.8,90.2,173.6,30.0,1792.0,36.07,-0.866,-0.5
1,6.518587251,80.18135876,2017-05-26,25.5,75.5,144.0,228.4,25.5,46.0,10.89,0.5,-0.866
1,28.24831087,83.97447829,2017-07-02,23.7,240.9,377.6,665.4,186.2,943.0,25.72,-0.5,-0.866
1,30.995694,78.936314,2016-08-29,15.9,34.1,67.3,159.6,15.9,3054.0,22.2,-0.866,-0.5
1,27.04768643,93.61899644,2017-06-30,102.6,159.8,193.3,336.0,102.6,261.0,5.14,0.0,-1.0
1,27.767046,84.469745,2016-09-02,21.2,53.8,96.4,133.2,21.2,209.0,2.83,-1.0,-0.0
1,24.95178179,94.20340026,2017-07-01,4.7,36.8,95.2,197.8,26.1,910.0,5.96,-0.5,-0.866
1,26.10035658,91.87351723,2017-07-03,89.4,154.5,238.1,370.9,89.4,90.0,2.31,-0.5,-0.866
1,27.943851,83.805661,2016-09-03,117.8,136.0,188.9,243.4,117.8,1221.0,38.96,-1.0,-0.0
1,28.239,82.9415,2016-08-06,5.8,26.6,62.4,357.7,25.1,1652.0,29.47,-0.866,-0.5
1,19.41286968,73.28423263,2017-08-29,39.2,159.3,261.5,432.5,76.8,43.0,1.28,-0.866,-0.5
1,26.14547804,91.79364785,2017-07-10,28.0,59.9,140.3,400.5,39.0,73.0,9.09,-0.5,-0.866
1,34.1587,74.4725,2015-04-02,16.3,57.5,137.1,146.6,47.7,1653.0,7.6,0.866,-0.5
1,15.4014,73.8277,2007-07-28,27.6,80.0,138.0,290.8,36.2,18.0,6.33,-0.5,-0.866
1,29.0833,81.3333,2008-07-24,8.3,33.8,117.9,282.9,34.9,2060.0,28.43,-0.5,-0.866
1,12.6771,75.2565,2011-06-27,53.0,100.1,134.9,334.0,53.0,95.0,3.35,0.0,-1.0
1,34.0051,71.5447,2012-08-28,1.3,15.3,46.8,60.8,18.0,354.0,0.41,-0.866,-0.5
1,26.9597,86.5598,2015-09-16,2.6,8.3,36.3,54.1,14.6,1269.0,35.91,-1.0,-0.0
1,28.5873,83.7508,2016-02-22,0.1,11.7,14.6,21.7,11.6,4735.0,40.89,0.866,0.5
1,22.5333,89.4,2007-10-15,18.1,38.6,41.6,268.4,18.1,1.0,0.0,-0.866,0.5
1,29.4085,80.1327,2009-08-17,159.4,244.8,321.8,513.4,159.4,1646.0,37.48,-0.866,-0.5
1,35.3585,75.6355,2010-07-29,9.6,21.6,32.6,97.6,9.6,2202.0,0.91,-0.5,-0.866
1,27.99134853,84.06527738,2011-07-16,10.5,64.3,125.7,291.1,36.7,867.0,25.89,-0.5,-0.866
1,27.5269,85.5641,2016-07-30,24.9,96.5,191.8,381.2,53.2,1784.0,10.07,-0.5,-0.866
1,29.58,80.67,2014-02-28,13.8,25.0,26.5,62.0,13.8,1679.0,38.15,0.866,0.5
1,24.1419,94.1078,2015-08-01,6.9,288.2,444.4,651.1,147.9,1187.0,27.51,-0.866,-0.5
1,30.4619,79.0765,2013-06-16,130.8,182.0,255.5,320.6,130.8,926.0,31.69,0.0,-1.0
1,30.1281,78.3221,2012-07-05,13.3,64.6,88.8,104.6,30.1,428.0,9.2,-0.5,-0.866
1,34.6644,73.4637,2010-10-07,0.4,0.4,0.4,2.5,0.4,1329.0,34.9,-0.866,0.5
1,33.3893,75.203,2010-07-22,61.3,187.8,193.5,234.7,86.4,1592.0,20.56,-0.5,-0.866
1,33.241,75.2382,2010-09-25,0.0,1.4,4.6,8.9,1.5,734.0,12.86,-1.0,-0.0
1,27.5,90.5034,2010-08-23,93.8,168.9,333.9,430.5,93.8,1974.0,33.41,-0.866,-0.5
1,8.4557,77.009,2013-11-13,6.5,38.2,44.3,103.2,17.7,21.0,1.43,-0.5,0.866
1,25.616,94.1167,2013-07-12,21.5,47.2,90.8,258.4,21.5,1603.0,22.53,-0.5,-0.866
1,27.978,85.9742,2012-05-03,0.2,0.2,1.7,9.1,0.5,2130.0,36.44,0.5,-0.866
1,28.2576,83.6182,2015-08-16,27.7,62.3,120.2,201.0,33.9,773.0,44.25,-0.866,-0.5
1,31.5639,77.9798,2011-06-17,2.4,5.1,8.4,17.5,2.4,1453.0,4.65,0.0,-1.0
1,31.0365,77.1213,2015-08-22,9.6,29.0,44.0,152.1,10.4,1778.0,19.89,-0.866,-0.5
1,30.819,78.6149,2013-07-28,60.0,82.9,153.0,277.1,60.0,1787.0,31.67,-0.5,-0.866
1,27.59,83.88,2010-08-23,129.9,189.4,295.3,406.6,129.9,151.0,2.56,-0.866,-0.5
1,27.0605,88.255,2011-09-25,54.8,99.1,135.9,259.7,54.8,1979.0,26.97,-1.0,-0.0
1,25.4769,94.1351,2010-10-08,25.2,72.4,96.1,207.1,25.3,1684.0,21.45,-0.866,0.5
1,26.87324244,88.29184021,2009-07-03,77.5,184.8,449.2,522.2,111.6,1622.0,20.56,-0.5,-0.866
1,33.334,75.7627,2010-08-09,4.7,16.7,58.5,135.0,20.1,1608.0,5.89,-0.866,-0.5
1,27.4211,85.0249,2007-08-19,12.0,133.3,455.8,511.4,155.1,460.0,1.54,-0.866,-0.5
1,28.9743,83.8713,2011-07-04,6.8,10.0,71.6,126.0,22.0,3504.0,23.58,-0.5,-0.866
1,33.33875958,75.1921061,2011-02-13,47.0,60.1,125.8,193.6,65.7,1209.0,25.92,0.866,0.5
1,36.1788,74.158,2010-08-05,1.4,2.5,27.7,101.8,12.6,2985.0,9.44,-0.866,-0.5
1,18.7624,73.3747,2010-06-15,43.2,134.9,190.9,213.3,81.3,508.0,23.88,0.0,-1.0
1,29.0399,81.7191,2010-07-19,146.1,207.1,242.1,336.1,146.1,2750.0,27.41,-0.5,-0.866
1,33.2407,75.2373,2012-01-12,0.0,0.0,43.2,64.8,38.8,694.0,14.67,0.5,0.866
1,25.5215,93.1645,2009-08-20,2.4,9.6,90.3,150.0,66.3,279.0,1.83,-0.866,-0.5
1,33.2049,75.2845,2015-07-12,3.4,60.9,100.2,123.1,30.2,785.0,33.42,-0.5,-0.866
1,33.2609,75.244,2011-02-16,5.9,30.9,91.0,222.9,47.0,1549.0,36.34,0.866,0.5
1,32.3491,77.2181,2011-07-15,4.2,7.4,19.0,33.3,5.8,3320.0,5.49,-0.5,-0.866
1,7.0381,81.1079,2011-02-07,24.4,76.9,306.7,378.2,79.7,832.0,17.7,0.866,0.5
1,34.1416,77.4871,2010-08-06,12.1,17.5,20.8,30.8,12.1,3190.0,11.05,-0.866,-0.5
1,25.8833,91.2,2010-06-09,21.6,52.2,170.4,254.7,84.5,247.0,21.52,0.0,-1.0
1,27.7773,85.8416,2010-09-08,5.8,104.0,160.5,300.2,49.6,1832.0,25.39,-1.0,-0.0
1,27.2485,86.6444,2010-08-21,19.8,99.0,276.9,428.7,95.5,718.0,20.89,-0.866,-0.5
1,26.885,88.2778,2008-06-20,16.6,95.2,183.0,314.7,59.2,1488.0,19.69,0.0,-1.0
1,32.6987,75.0582,2016-08-07,47.6,86.5,103.3,168.5,47.6,465.0,10.83,-0.866,-0.5
1,34.2952,75.3226,2016-06-08,3.2,15.4,23.1,48.1,6.9,2745.0,24.86,0.0,-1.0
1,25.3179,94.0462,2010-10-09,13.1,65.5,94.8,159.7,32.8,996.0,7.48,-0.866,0.5
1,24.75,93.4333,2007-10-21,0.1,17.4,61.4,156.6,23.3,546.0,38.13,-0.866,0.5
1,27.8871,83.9704,2011-07-15,17.1,85.5,124.1,330.5,36.7,549.0,21.41,-0.5,-0.866
1,24.5784,91.7227,2014-05-10,17.0,78.5,205.3,322.6,71.7,13.0,0.29,0.5,-0.866
1,27.8122,89.9019,2010-07-22,29.1,74.4,179.8,387.0,35.8,3661.0,41.91,-0.5,-0.866
1,29.1426,81.8833,2013-01-21,0.0,1.2,83.0,83.0,64.3,3047.0,24.45,0.5,0.866
1,27.9504,84.3075,2009-08-20,35.4,122.6,348.8,630.3,85.9,699.0,21.16,-0.866,-0.5
1,34.166,73.1983,2016-07-27,49.2,56.3,66.9,125.9,49.2,1403.0,5.77,-0.5,-0.866
1,25.0985,94.3619,2013-09-24,4.6,7.5,15.7,60.0,4.6,1889.0,4.29,-1.0,-0.0
1,34.9002,73.6558,2016-10-01,0.0,0.0,2.5,16.5,1.0,2696.0,36.26,-0.866,0.5
1,34.1601,75.496,2011-07-03,0.1,5.5,17.6,19.4,4.1,3722.0,9.18,-0.5,-0.866
1,26.88,88.28,2011-06-17,46.3,64.1,82.0,215.9,46.3,1578.0,25.93,0.0,-1.0
1,30.80200029,78.61786282,2010-08-13,15.3,53.9,117.4,274.1,22.1,1695.0,24.77,-0.866,-0.5
1,27.2625,87.6017,2015-10-08,0.0,0.2,11.9,44.2,6.2,1913.0,31.16,-0.866,0.5
1,28.2658,83.6117,2015-07-19,0.1,3.1,231.5,293.7,187.0,752.0,3.73,-0.5,-0.866
1,9.6326,76.9792,2011-06-01,105.8,140.7,223.9,271.4,105.8,1033.0,5.42,0.0,-1.0
1,33.3308,75.1773,2011-03-19,21.6,27.0,27.0,27.0,21.6,1814.0,43.19,1.0,0.0
1,19.3421,73.7735,2016-08-02,191.3,316.5,384.2,465.7,191.3,573.0,31.45,-0.866,-0.5
1,30.2835,79.2498,2013-07-26,6.1,47.7,125.6,266.7,33.9,810.0,36.49,-0.5,-0.866
1,31.9671,76.8521,2013-07-07,43.4,125.9,162.5,265.0,53.2,1479.0,19.83,-0.5,-0.866
1,35.273,72.983,2007-08-13,3.8,28.0,30.4,52.7,14.1,3695.0,37.13,-0.866,-0.5
1,33.7033,73.038,2007-03-21,10.8,71.1,71.3,162.2,32.0,556.0,1.22,1.0,0.0
1,26.8073,88.3162,2010-06-16,25.5,47.5,84.1,157.2,25.5,225.0,1.43,0.0,-1.0
1,30.6145,79.8102,2015-03-31,0.0,39.4,39.4,39.5,26.9,2760.0,47.47,1.0,0.0
1,27.6163,88.6586,2015-05-24,10.3,68.1,185.9,350.2,47.7,1875.0,35.31,0.5,-0.866
1,28.12,82.86,2010-01-10,0.0,0.0,0.0,0.0,0.0,1219.0,31.5,0.5,0.866
1,22.1337,78.8979,2016-03-07,4.7,19.9,22.4,36.1,14.2,769.0,0.64,1.0,0.0
1,6.7043,80.3828,2011-05-27,11.2,47.5,68.3,131.3,20.8,105.0,16.56,0.5,-0.866
1,15.3455,73.8976,2016-06-28,62.0,156.8,451.9,595.3,109.8,14.0,2.29,0.0,-1.0
1,28.3401,83.5983,2010-08-19,20.1,102.8,123.8,165.5,49.7,1540.0,37.71,-0.866,-0.5
1,19.0397,72.907,2012-09-03,35.6,74.4,163.3,254.1,43.2,66.0,6.5,-1.0,-0.0
1,31.709,76.9312,2012-08-24,34.5,95.0,323.5,416.5,148.6,766.0,4.12,-0.866,-0.5
1,29.393,79.4525,2015-07-06,20.6,39.4,155.8,363.6,73.9,1993.0,9.68,-0.5,-0.866
1,32.1797,77.1947,2012-08-18,19.7,35.9,105.9,198.3,26.9,1854.0,7.53,-0.866,-0.5
1,22.3475,91.8123,2014-02-03,0.0,0.0,0.0,0.0,0.0,45.0,3.97,0.866,0.5
1,27.9939,84.094,2011-07-02,23.9,160.9,249.2,334.7,87.1,448.0,32.65,-0.5,-0.866
1,31.1032,77.1625,2009-09-12,64.9,214.3,289.0,458.0,93.5,2049.0,35.74,-1.0,-0.0
1,22.1306,95.5488,2015-12-17,0.0,0.2,0.2,1.4,0.2,122.0,0.57,-0.0,1.0
1,31.9843,77.1889,2010-09-19,22.9,36.1,53.4,107.6,22.9,2295.0,38.51,-1.0,-0.0
1,7.4239,80.6104,2011-01-09,141.2,270.6,323.6,377.4,141.2,460.0,20.05,0.5,0.866
1,25.5728,91.885,2010-06-28,68.7,173.1,318.2,501.9,78.1,1496.0,4.29,0.0,-1.0
1,34.2256,73.673,2011-02-07,60.7,128.4,162.1,170.8,60.7,1270.0,20.63,0.866,0.5
1,36.2744,74.7249,2010-09-15,0.6,8.7,31.4,54.0,8.2,2383.0,16.89,-1.0,-0.0
1,29.2944,81.3,2009-10-06,61.0,121.3,124.2,136.9,61.0,1234.0,21.8,-0.866,0.5
1,26.7223,95.0243,2016-04-19,36.3,63.9,110.9,167.6,36.3,692.0,11.31,0.866,-0.5
1,15.4465,73.927,2015-06-18,76.2,155.8,286.4,342.5,76.2,2.0,2.64,0.0,-1.0
1,34.5628,77.6001,2010-05-27,6.2,6.2,9.7,68.1,6.2,3119.0,0.41,0.5,-0.866
1,28.8389,82.2873,2014-07-20,13.3,56.6,125.7,327.1,28.1,1788.0,25.58,-0.5,-0.866
1,28.0989,83.8734,2014-08-26,17.9,24.9,97.0,380.1,41.5,838.0,12.25,-0.866,-0.5
1,28.2134,83.9557,2014-08-25,24.4,92.6,298.4,650.6,107.8,795.0,1.43,-0.866,-0.5
1,24.7625,93.4341,2013-08-17,18.4,42.0,81.6,196.0,22.1,681.0,5.27,-0.866,-0.5
1,27.0987,93.816,2015-06-09,75.0,149.9,203.8,353.6,75.0,211.0,7.43,0.0,-1.0
1,36.2225,72.1934,2011-03-28,2.7,9.5,9.5,15.9,6.3,2056.0,16.52,1.0,0.0
1,28.3466,85.0058,2014-08-14,12.8,64.8,90.6,151.8,42.3,5004.0,10.87,-0.866,-0.5
1,27.4459,88.6193,2007-04-11,7.7,37.2,140.7,208.4,38.3,1984.0,19.14,0.866,-0.5
1,25.1553,93.028,2010-04-01,8.2,74.5,141.4,142.9,57.5,565.0,21.76,0.866,-0.5
1,30.2828,78.3041,2011-08-10,25.0,62.6,171.5,237.3,85.8,1663.0,34.31,-0.866,-0.5
1,34.3331,73.202,2016-03-20,4.5,76.4,132.2,222.4,46.8,1089.0,2.83,1.0,0.0
1,6.9167,81.0333,2011-02-23,0.0,1.8,4.2,31.5,1.9,1135.0,26.53,0.866,0.5
1,28.3922,83.1913,2013-09-03,63.9,121.9,154.8,238.3,63.9,1772.0,28.24,-1.0,-0.0
1,19.069,72.8703,2010-06-25,23.9,70.9,94.9,519.0,25.7,4.0,1.15,0.0,-1.0
1,30.7412,79.4929,2011-07-09,6.8,52.6,89.4,253.6,32.2,3088.0,6.66,-0.5,-0.866
1,22.533,92.899,2007-07-30,0.8,4.3,43.1,361.2,15.6,793.0,9.37,-0.5,-0.866
1,28.3928,83.5942,2015-05-24,2.7,2.7,35.0,77.1,17.8,1016.0,35.94,0.5,-0.866
1,19.1497,83.6299,2014-08-03,71.8,86.5,152.8,316.9,71.8,211.0,5.24,-0.866,-0.5
1,32.8468,75.137,2014-09-06,40.1,189.9,213.1,216.0,80.9,592.0,10.5,-1.0,-0.0
1,25.1175,92.8573,2012-06-03,136.3,300.1,350.7,385.3,136.3,158.0,12.59,0.0,-1.0
1,29.8002,80.2565,2016-06-30,62.8,112.9,193.8,302.9,62.8,1652.0,25.23,0.0,-1.0
1,28.2399,83.2266,2013-09-03,63.9,121.9,154.8,238.3,63.9,886.0,17.07,-1.0,-0.0
1,36.2063,71.7854,2016-03-20,5.0,37.6,72.4,120.4,20.9,4797.0,32.68,1.0,0.0
1,33.8996,70.1048,2015-04-23,0.0,0.0,32.4,54.5,24.2,1744.0,2.36,0.866,-0.5
1,27.1761,88.5287,2009-08-20,50.9,102.7,456.5,709.0,126.6,314.0,25.05,-0.866,-0.5
1,11.2738,75.8275,2007-06-25,4.8,117.1,453.8,748.6,170.8,40.0,5.31,0.0,-1.0
1,23.591,92.9296,2010-09-13,14.8,34.2,73.6,112.6,16.7,801.0,14.88,-1.0,-0.0
1,30.7313,78.4358,2016-07-18,8.5,148.9,273.7,357.8,90.2,1172.0,41.45,-0.5,-0.866
1,28.935,82.3125,2013-08-17,6.9,20.9,70.0,198.9,22.5,1679.0,20.94,-0.866,-0.5
1,30.2851,78.9829,2010-09-03,22.2,45.4,89.3,234.1,26.1,665.0,7.82,-1.0,-0.0
1,28.3742,83.5214,2013-08-09,14.1,36.9,56.0,102.8,17.1,1860.0,32.58,-0.866,-0.5
1,30.8987,78.3399,2010-09-04,60.0,178.0,224.9,356.0,101.3,1794.0,35.44,-1.0,-0.0
1,27.3383,88.6069,2007-05-23,12.4,36.2,60.0,156.0,16.3,1517.0,15.26,0.5,-0.866
1,18.72,73.47,2008-08-10,66.9,159.3,225.5,399.9,66.9,730.0,27.6,-0.866,-0.5
1,8.1747,77.444,2013-11-13,4.2,30.8,33.0,47.6,25.7,14.0,0.64,-0.5,0.866
1,31.4711,77.6746,2013-07-14,4.9,13.1,59.7,222.2,43.4,1147.0,39.19,-0.5,-0.866
1,30.904,77.0969,2010-07-25,7.4,14.3,89.1,135.8,25.6,1443.0,16.38,-0.5,-0.866
1,10.2379,77.6377,2014-10-27,4.4,23.5,97.4,460.9,33.7,939.0,20.0,-0.866,0.5
1,28.4115,84.7943,2011-09-30,2.3,5.7,41.0,91.0,14.7,4247.0,33.33,-1.0,-0.0
1,26.8823,87.9125,2016-06-14,44.1,67.5,112.7,166.8,44.1,783.0,4.71,0.0,-1.0
1,34.11897569,73.87654867,2011-04-21,1.1,10.6,67.5,125.4,25.7,1148.0,25.94,0.866,-0.5
1,29.477,80.3491,2010-09-14,9.5,30.6,65.9,352.0,17.4,1283.0,35.94,-1.0,-0.0
1,26.8722,87.3303,2013-09-06,1.2,39.4,99.9,202.3,31.4,784.0,30.69,-1.0,-0.0
1,28.2135,84.7277,2015-05-02,0.7,9.0,41.6,62.9,16.2,1243.0,22.66,0.5,-0.866
1,27.9167,84.25,2007-09-05,205.3,326.5,379.0,493.2,205.3,952.0,45.19,-1.0,-0.0
1,7.4227,80.6309,2010-11-26,61.8,85.5,183.3,240.1,61.8,372.0,3.34,-0.5,0.866
1,34.6113,74.9499,2012-08-21,3.4,7.1,10.1,11.8,3.4,2678.0,18.53,-0.866,-0.5
1,24.9829,93.5063,2013-09-01,5.5,8.5,84.0,131.5,47.0,1284.0,23.57,-1.0,-0.0
1,15.4838,73.8164,2011-01-11,0.0,0.0,0.0,0.0,0.0,10.0,1.03,0.5,0.866
1,28.0063,83.7826,2010-07-11,1.1,65.2,129.9,252.8,34.4,904.0,23.6,-0.5,-0.866
1,27.5687,85.34,2014-07-13,11.3,49.0,95.9,348.7,20.3,1532.0,13.69,-0.5,-0.866
1,28.3536,82.3997,2013-06-29,82.6,227.7,348.5,567.7,86.4,1735.0,14.28,0.0,-1.0
1,25.5125,93.3613,2011-06-29,3.9,14.8,28.0,146.9,10.4,320.0,14.25,0.0,-1.0
1,30.7333,78.4403,2010-09-12,39.0,49.5,145.2,367.6,53.0,1466.0,46.09,-1.0,-0.0
1,34.5677,73.1543,2011-02-05,9.3,42.3,44.3,48.6,22.4,1651.0,13.16,0.866,0.5
1,33.7403,77.7559,2015-07-21,8.2,28.2,43.2,81.8,14.4,3702.0,26.44,-0.5,-0.866
1,30.7467,78.4517,2010-07-29,3.4,20.9,131.4,332.6,55.2,1167.0,26.62,-0.5,-0.866
1,27.5161,88.5575,2011-09-30,0.4,6.5,63.1,196.4,21.1,1325.0,17.75,-1.0,-0.0
1,34.785,73.5206,2016-10-01,0.0,0.0,2.5,16.5,1.0,2053.0,28.59,-0.866,0.5
1,25.31006064,94.48265093,2010-08-15,15.6,48.3,113.8,256.7,31.2,1571.0,21.53,-0.866,-0.5
1,26.0746,97.3668,2015-12-25,0.0,0.0,3.0,54.7,3.0,531.0,35.28,-0.0,1.0
1,19.6699,73.5111,2011-07-12,15.5,52.6,247.1,316.2,73.3,360.0,6.05,-0.5,-0.866
1,27.6276,87.7924,2016-06-14,40.9,77.6,122.8,182.7,40.9,3217.0,36.38,0.0,-1.0
1,27.982,85.9757,2008-07-25,15.2,73.2,240.5,519.6,66.5,1996.0,34.73,-0.5,-0.866
1,34.1619,77.5528,2010-08-06,12.1,17.5,20.8,30.8,12.1,3669.0,28.05,-0.866,-0.5
1,28.11,83.68,2010-05-29,3.6,7.9,21.3,48.7,8.3,1437.0,31.81,0.5,-0.866
1,30.9544,77.5063,2010-09-19,81.2,110.7,272.0,532.5,129.5,2608.0,20.56,-1.0,-0.0
1,32.9262,75.1447,2015-07-11,44.5,86.7,152.9,191.9,44.5,743.0,16.02,-0.5,-0.866
1,30.6738,77.3544,2013-07-14,4.5,18.8,28.8,109.1,8.0,1516.0,15.38,-0.5,-0.866
1,29.5311,81.9616,2011-08-25,6.6,29.6,68.4,181.7,15.5,2378.0,34.56,-0.866,-0.5
1,28.51,81.48,2008-09-21,20.0,150.7,170.6,193.6,103.3,833.0,13.59,-1.0,-0.0
1,31.5304,77.7755,2010-08-21,6.8,39.2,106.2,222.0,42.4,1230.0,13.18,-0.866,-0.5
1,34.80316285,74.21346155,2014-04-03,0.1,3.0,22.9,69.1,16.3,2105.0,38.83,0.866,-0.5
1,29.5659,80.3657,2013-08-05,26.9,46.6,71.4,193.5,26.9,591.0,29.49,-0.866,-0.5
1,24.9925,93.5,2009-08-20,10.2,24.9,88.3,146.3,40.7,1206.0,7.97,-0.866,-0.5
1,27.4082091,87.29003611,2011-09-26,112.3,187.6,239.9,404.0,112.3,503.0,24.18,-1.0,-0.0
1,30.7198,77.1695,2010-09-19,113.5,151.4,461.3,759.3,295.5,1138.0,9.93,-1.0,-0.0
1,12.9752,77.6092,2008-02-08,1.9,1.9,3.1,3.3,1.9,917.0,1.92,0.866,0.5
1,28.9205,95.3429,2014-06-26,9.5,41.7,149.5,232.3,35.0,4060.0,19.24,0.0,-1.0
1,27.8732,85.9259,2010-09-14,19.6,54.1,89.4,293.1,25.1,1467.0,30.75,-1.0,-0.0
1,33.9243,74.6163,2015-04-05,0.0,16.9,79.5,181.4,37.3,2201.0,2.45,0.866,-0.5
1,27.6438,93.871,2016-06-12,13.0,38.5,135.8,258.0,36.3,1682.0,24.49,0.0,-1.0
1,36.0739,72.0406,2015-02-25,21.5,87.4,104.8,125.4,49.1,1849.0,7.26,0.866,0.5
1,28.0583,82.402,2013-07-14,6.8,21.0,192.8,338.6,81.7,631.0,0.91,-0.5,-0.866
1,9.7327,76.8403,2008-05-28,9.2,38.9,75.9,111.9,22.9,433.0,31.13,0.5,-0.866
1,27.0076,88.251,2015-06-27,28.4,56.8,132.7,350.1,28.4,2273.0,3.84,0.0,-1.0
1,29.3908,79.4552,2015-07-10,35.4,70.8,115.1,264.6,35.4,1942.0,6.1,-0.5,-0.866
1,24.8286,93.5935,2011-05-31,20.0,66.5,101.7,256.5,23.4,777.0,33.36,0.5,-0.866
1,32.371,77.2468,2010-08-06,16.9,49.3,72.5,131.5,23.9,3969.0,17.98,-0.866,-0.5
1,7.6235,80.6349,2011-02-07,17.8,75.7,477.1,554.0,169.5,340.0,1.81,0.866,0.5
1,27.2298,94.0989,2008-06-15,1.8,66.6,128.8,258.6,36.9,95.0,0.29,0.0,-1.0
1,24.4136,91.7561,2014-05-10,17.0,78.5,205.3,322.6,71.7,15.0,0.57,0.5,-0.866
1,29.5833,80.2167,2007-09-06,54.7,161.8,193.2,339.4,99.5,1578.0,5.15,-1.0,-0.0
1,25.9703,91.8584,2015-09-06,8.0,25.1,456.6,669.3,160.6,299.0,17.12,-1.0,-0.0
1,34.8142,74.3225,2010-08-15,2.5,13.4,34.0,149.3,7.3,2340.0,23.14,-0.866,-0.5
1,22.6461,97.3193,2010-10-06,7.5,7.5,16.7,119.4,7.5,483.0,5.52,-0.866,0.5
1,33.6303,74.4838,2015-05-14,17.4,76.8,131.2,160.5,32.0,2841.0,32.05,0.5,-0.866
1,8.4951,76.921,2013-11-13,6.5,38.2,44.3,103.2,17.7,5.0,1.54,-0.5,0.866
1,16.5332,80.6103,2010-08-31,1.8,19.1,78.9,155.1,31.6,133.0,20.03,-0.866,-0.5
1,25.5145,90.2023,2015-08-18,51.0,92.4,138.0,194.9,51.0,279.0,12.46,-0.866,-0.5
1,32.2473,78.037,2015-07-13,2.0,30.3,37.1,37.9,17.8,3653.0,2.92,-0.5,-0.866
1,27.36,87.6681,2015-06-11,33.2,66.5,90.2,156.6,33.2,1660.0,20.73,0.0,-1.0
1,30.262,79.2191,2013-07-24,7.7,39.8,144.0,237.0,49.9,823.0,31.93,-0.5,-0.866
1,12.6445,75.605,2008-08-10,82.5,185.7,224.7,505.7,82.5,171.0,7.13,-0.866,-0.5
1,7.4237,80.6104,2010-11-26,61.6,90.0,184.7,271.3,61.6,460.0,20.05,-0.5,0.866
1,33.7453,74.1794,2015-02-05,0.0,7.9,26.7,47.4,12.7,1146.0,2.06,0.866,0.5
1,9.8721,76.7046,2011-06-02,46.3,162.3,237.6,297.4,91.9,89.0,14.3,0.0,-1.0
1,11.683,77.571,2014-08-22,20.6,38.3,74.4,90.7,25.5,372.0,11.98,-0.866,-0.5
1,19.153,72.9266,2010-06-25,25.8,69.8,87.4,309.2,27.6,81.0,4.79,0.0,-1.0
1,15.0275,74.1623,2016-06-18,14.5,26.3,76.7,384.7,16.0,204.0,14.66,0.0,-1.0
1,17.4303,73.5097,2011-08-30,55.8,329.9,477.0,600.9,148.2,111.0,8.61,-0.866,-0.5
1,23.7118,90.4077,2011-07-19,24.6,50.6,68.7,104.2,24.6,18.0,0.41,-0.5,-0.866
1,32.76390852,77.28272548,2017-06-29,9.0,19.2,19.2,27.3,10.0,4982.0,34.58,0.0,-1.0
1,6.8894,81.0402,2011-01-06,14.5,45.4,78.8,78.8,21.0,929.0,6.85,0.5,0.866
1,34.6609,73.9593,2015-04-08,0.0,1.9,33.1,133.7,17.2,1944.0,55.35,0.866,-0.5
1,25.38,91.88,2007-07-26,81.4,218.5,358.8,615.4,89.2,1283.0,29.85,-0.5,-0.866
1,26.1548,91.7351,2011-09-23,10.3,68.9,130.8,300.3,45.7,55.0,0.41,-1.0,-0.0
1,27.81963827,84.46652548,2010-07-11,89.3,242.0,282.1,561.3,112.6,205.0,11.21,-0.5,-0.866
1,34.93977198,76.83270934,2007-12-16,0.0,0.0,8.2,23.4,5.5,4696.0,58.76,-0.0,1.0
1,34.0876,74.0225,2010-02-08,77.8,152.2,175.2,211.4,77.8,1392.0,22.5,0.866,0.5
1,28.2887,83.8974,2015-08-17,25.7,155.9,242.9,545.6,87.8,1156.0,33.36,-0.866,-0.5
1,33.23738085,75.24528226,2008-01-09,55.4,97.6,116.9,116.9,55.4,893.0,30.57,0.5,0.866
1,22.479,92.967,2007-07-30,0.8,4.3,43.1,361.2,15.6,472.0,24.47,-0.5,-0.866
1,30.2258,78.3755,2011-08-08,17.6,41.7,180.7,250.7,110.3,955.0,23.14,-0.866,-0.5
1,29.6095,79.6628,2010-07-22,54.6,177.0,513.1,743.4,275.1,1493.0,20.18,-0.5,-0.866
1,35.2538,73.2113,2016-03-23,0.0,0.0,92.2,188.5,43.9,818.0,27.53,1.0,0.0
1,27.15977181,88.63411246,2009-08-16,126.6,281.0,437.6,672.2,126.6,836.0,39.98,-0.866,-0.5
1,10.3448,77.5666,2015-07-09,7.3,9.0,21.4,62.7,9.0,1456.0,27.57,-0.5,-0.866
1,30.9013,79.5322,2010-09-19,30.8,115.8,122.6,158.4,67.8,5850.0,34.03,-1.0,-0.0
1,30.241,78.9,2015-07-11,13.8,105.2,145.8,191.9,64.7,657.0,41.74,-0.5,-0.866
1,27.8965,96.1779,2010-04-21,60.7,150.6,168.4,393.0,60.7,202.0,2.02,0.866,-0.5
1,17.7963,96.1703,2008-05-02,23.9,85.9,173.6,203.6,62.1,91.0,3.26,0.5,-0.866
1,34.0966,73.4995,2011-02-06,42.2,63.1,65.2,72.5,42.2,562.0,21.73,0.866,0.5
1,27.4513,87.6093,2013-06-05,5.7,20.1,160.4,277.7,76.6,1107.0,23.8,0.0,-1.0
1,25.6682,94.1099,2011-06-28,26.6,85.6,132.2,296.3,34.8,1439.0,5.69,0.0,-1.0
1,27.2667,85.9667,2007-09-10,3.2,18.8,97.0,228.9,50.5,1189.0,37.53,-1.0,-0.0
1,16.8686,96.1433,2016-01-24,0.1,0.1,0.1,0.1,0.1,20.0,0.86,0.5,0.866
1,27.7801,84.4384,2013-07-06,10.9,62.5,112.0,372.7,35.2,275.0,32.19,-0.5,-0.866
1,24.004,93.9815,2015-08-01,11.3,392.8,594.3,834.6,203.7,1496.0,18.05,-0.866,-0.5
1,29.9531,78.1514,2013-08-28,8.9,21.2,33.2,114.4,8.9,321.0,2.99,-0.866,-0.5
1,27.2879,88.2579,2011-06-23,20.5,54.7,162.1,278.5,58.7,1518.0,7.83,0.0,-1.0
1,30.4542,78.3911,2013-06-24,17.3,31.3,37.2,384.2,17.3,1194.0,26.1,0.0,-1.0
1,25.5242,92.9914,2010-10-09,13.6,110.9,149.2,212.4,75.2,147.0,16.68,-0.866,0.5
1,33.0809,75.2966,2015-03-15,43.7,51.0,51.7,243.8,43.7,1776.0,15.47,1.0,0.0
1,32.4298,75.5807,2016-08-07,74.2,151.3,254.3,327.2,80.0,531.0,13.66,-0.866,-0.5
1,33.0097,74.9402,2010-02-26,4.1,4.3,4.3,9.8,4.1,1414.0,40.97,0.866,0.5
1,30.506,79.1127,2011-07-11,5.9,16.3,86.5,238.3,36.1,1991.0,6.33,-0.5,-0.866
1,33.775,74.0934,2012-08-29,2.1,4.5,56.2,93.3,29.8,1041.0,7.52,-0.866,-0.5
1,28.2872,84.2015,2015-08-04,71.3,113.3,322.6,467.9,82.2,1577.0,21.04,-0.866,-0.5
1,24.6869,93.9157,2011-07-25,4.2,9.6,78.6,169.1,37.9,772.0,0.0,-0.5,-0.866
1,33.242,75.231,2007-05-08,1.5,1.5,6.4,8.2,1.7,724.0,33.7,0.5,-0.866
1,27.21898773,89.5187916,2010-05-21,0.0,32.0,45.9,84.9,23.5,2152.0,26.16,0.5,-0.866
1,24.3083,91.7333,2009-05-18,34.7,71.6,124.1,140.7,40.6,17.0,0.0,0.5,-0.866
1,31.2025,97.2296,2015-06-24,2.8,8.1,22.0,50.6,7.0,3538.0,43.19,0.0,-1.0
1,22.2251,92.19,2009-07-31,13.6,79.2,147.7,205.1,32.9,87.0,4.99,-0.5,-0.866
1,33.1847,75.8062,2010-10-12,0.0,1.8,2.2,2.3,1.0,965.0,20.66,-0.866,0.5
1,21.1899,92.1571,2010-06-15,69.7,222.4,289.5,328.1,92.2,16.0,3.34,0.0,-1.0
1,27.9032,96.174,2014-05-08,58.1,92.7,101.7,103.9,58.1,197.0,0.29,0.5,-0.866
1,26.8998,86.7014,2011-07-03,89.8,151.9,329.0,512.6,89.8,964.0,26.19,-0.5,-0.866
1,16.5172,80.6024,2015-04-26,1.2,5.9,9.0,28.4,3.0,24.0,3.89,0.866,-0.5
1,25.4191,94.1079,2011-07-07,6.8,28.5,79.8,270.8,19.4,1395.0,1.83,-0.5,-0.866
1,33.1457,75.7964,2016-08-07,16.9,29.7,55.8,104.6,16.9,928.0,21.57,-0.866,-0.5
1,33.9513,74.9845,2008-05-05,14.2,22.2,22.2,43.1,14.2,1593.0,0.29,0.5,-0.866
1,35.2631,73.1724,2011-02-06,67.9,130.8,186.6,194.3,67.9,2476.0,39.57,0.866,0.5
1,12.8041,74.8678,2016-07-04,70.5,99.4,194.7,477.7,70.5,40.0,2.92,-0.5,-0.866
1,27.4373,90.4678,2015-08-14,33.0,53.6,87.3,335.7,33.0,1578.0,18.63,-0.866,-0.5
1,30.9044,77.0969,2012-08-24,10.9,48.2,116.5,211.7,27.5,1460.0,13.87,-0.866,-0.5
1,34.5396,73.3461,2016-07-16,9.8,21.8,42.2,89.2,9.8,1078.0,18.34,-0.5,-0.866
1,27.4167,86.6667,2009-09-01,7.0,28.8,69.0,300.9,12.6,1481.0,24.15,-1.0,-0.0
1,27.0713,88.4308,2007-08-25,10.6,65.3,80.6,589.0,36.2,228.0,35.57,-0.866,-0.5
1,32.17,77.1788,2013-07-14,5.2,15.8,28.7,42.4,8.8,1647.0,15.61,-0.5,-0.866
1,32.5606,76.1206,2015-07-26,29.7,56.9,101.2,311.3,29.7,826.0,16.7,-0.5,-0.866
1,6.9698,81.039,2010-10-03,7.1,72.2,153.5,277.4,46.6,788.0,7.26,-0.866,0.5
1,26.8716,94.9921,2010-07-20,79.5,184.2,238.1,343.1,79.5,288.0,7.77,-0.5,-0.866
1,33.6941,73.0399,2014-08-12,4.9,5.1,22.5,53.1,12.0,547.0,0.57,-0.866,-0.5
1,31.1628,77.7241,2013-07-06,77.2,121.4,141.2,213.7,77.2,1484.0,23.45,-0.5,-0.866
1,26.09748244,91.8744337,2016-07-19,53.5,105.5,223.1,430.2,64.3,188.0,26.73,-0.5,-0.866
1,27.4,92.35,2008-10-29,0.2,102.1,129.8,144.1,93.9,2628.0,26.03,-0.866,0.5
1,27.3702,88.7334,2010-09-04,20.4,51.6,129.7,386.6,28.0,3520.0,15.4,-1.0,-0.0
1,26.89,88.47,2009-06-17,19.8,42.0,54.0,79.2,19.8,406.0,21.06,0.0,-1.0
1,28.023,83.8049,2012-09-17,165.1,257.3,444.5,467.1,165.1,1233.0,30.29,-1.0,-0.0
1,27.5108,86.02,2016-04-10,0.0,0.0,2.9,28.6,1.5,1696.0,34.14,0.866,-0.5
1,30.7221,78.6437,2010-08-20,13.3,72.6,119.9,229.0,46.4,3266.0,33.91,-0.866,-0.5
1,7.1306,80.4548,2016-05-17,48.8,421.2,546.6,623.9,259.5,577.0,27.1,0.5,-0.866
1,30.5631,79.5765,2015-04-28,3.2,18.9,24.1,72.3,8.6,1455.0,20.9,0.866,-0.5
1,28.7434,82.4753,2011-07-15,17.5,123.6,155.2,353.6,57.9,3144.0,33.5,-0.5,-0.866
1,29.6394,80.7179,2016-06-30,30.8,51.0,101.4,193.4,30.8,1841.0,24.07,0.0,-1.0
1,29.3064,81.0561,2015-08-11,7.5,28.2,96.2,245.3,33.6,1658.0,12.14,-0.866,-0.5
1,24.3527,94.3429,2011-07-22,25.1,57.2,161.2,243.4,49.4,285.0,7.43,-0.5,-0.866
1,26.0977,94.7499,2013-06-07,12.0,24.7,31.2,66.4,12.0,1538.0,13.94,0.0,-1.0
1,27.02459801,88.43849551,2009-08-16,126.6,281.0,437.6,672.2,126.6,447.0,25.51,-0.866,-0.5
1,32.2067,76.3641,2010-07-25,2.9,7.0,52.8,139.5,22.6,1310.0,10.63,-0.5,-0.866
1,25.1622,92.0104,2016-02-25,10.7,23.0,33.6,41.5,12.3,13.0,1.18,0.866,0.5
1,36.2792,74.6006,2015-10-25,14.7,25.8,44.4,58.8,16.3,2147.0,11.21,-0.866,0.5
1,27.9333,84.4167,2011-07-01,39.4,153.1,246.0,359.2,62.4,1035.0,23.53,-0.5,-0.866
1,32.2278,78.071,2012-08-18,0.0,1.7,3.3,10.9,1.2,3674.0,22.7,-0.866,-0.5
1,28.0889,85.6352,2011-07-21,11.0,50.0,87.1,178.3,19.8,4410.0,22.93,-0.5,-0.866
1,28.2638,83.9725,2011-07-20,75.5,218.5,386.2,586.1,119.9,989.0,1.03,-0.5,-0.866
1,26.8905,88.2789,2007-08-02,13.7,43.2,254.9,626.2,137.0,1458.0,20.55,-0.866,-0.5
1,26.9282,88.4553,2015-07-04,31.4,137.3,214.1,304.8,73.5,163.0,1.18,-0.5,-0.866
1,30.0712,80.2386,2013-07-04,37.6,71.5,100.1,244.9,37.6,2065.0,11.07,-0.5,-0.866
1,30.8203,78.6185,2013-07-25,10.5,44.6,129.5,248.5,26.5,1590.0,28.49,-0.5,-0.866
1,27.0096,88.2548,2007-08-29,18.3,44.4,117.2,263.5,30.3,2322.0,13.72,-0.866,-0.5
1,28.0075,84.088,2011-07-02,23.9,160.9,249.2,334.7,87.1,436.0,11.09,-0.5,-0.866
1,19.678,73.5036,2014-07-30,40.6,164.6,236.3,490.9,78.8,334.0,15.4,-0.5,-0.866
1,18.7833,73.4703,2015-06-21,40.5,87.6,129.1,240.8,40.5,770.0,30.44,0.0,-1.0
1,32.2322,76.3037,2013-08-07,9.8,74.6,150.4,234.2,38.5,1636.0,8.15,-0.866,-0.5
1,26.9435,88.4445,2010-08-17,50.1,130.9,235.3,287.3,55.6,170.0,15.33,-0.866,-0.5
1,26.7324,88.4089,2007-06-13,19.5,31.3,282.1,314.1,166.7,124.0,0.41,0.0,-1.0
1,31.7085,76.9297,2015-07-26,14.7,42.2,166.4,310.8,62.2,756.0,3.34,-0.5,-0.866
1,34.8075,73.6889,2010-10-07,0.0,0.0,0.1,32.5,0.1,4282.0,29.88,-0.866,0.5
1,19.2201,97.3876,2015-10-11,20.8,41.2,55.5,78.9,20.8,172.0,7.67,-0.866,0.5
1,26.8861,88.1704,2016-10-12,85.6,170.8,241.5,270.1,85.6,1432.0,19.26,-0.866,0.5
1,33.0677,75.1466,2014-09-07,2.7,114.7,248.7,262.4,90.3,1709.0,30.26,-1.0,-0.0
1,27.9142,83.7876,2013-07-22,29.6,45.6,181.7,353.2,55.6,706.0,22.04,-0.5,-0.866
1,35.311,73.3197,2016-04-03,61.1,110.6,132.2,224.6,61.1,3580.0,34.66,0.866,-0.5
1,28.0791,96.5242,2011-03-22,13.0,179.5,253.3,295.8,87.9,554.0,18.86,1.0,0.0
1,31.0,77.12,2008-08-14,63.1,155.9,251.2,428.3,69.2,1414.0,28.84,-0.866,-0.5
1,34.0604,74.4203,2015-04-03,8.9,62.8,161.5,173.4,58.3,2242.0,8.19,0.866,-0.5
1,20.5349,73.1703,2014-08-20,3.5,4.2,22.4,62.6,8.5,79.0,0.57,-0.866,-0.5
1,27.5001,86.8669,2013-07-10,59.1,151.7,392.1,538.5,88.7,2505.0,31.52,-0.5,-0.866
1,30.1665,78.1123,2011-07-21,2.7,22.2,61.1,150.2,15.6,466.0,0.64,-0.5,-0.866
1,18.7631,73.347,2015-08-07,11.4,42.8,78.7,199.3,18.0,399.0,32.99,-0.866,-0.5
1,6.8196,80.8448,2013-05-04,10.6,36.7,100.9,141.4,21.8,1761.0,12.16,0.5,-0.866
1,27.3341,88.6083,2010-04-17,5.4,9.2,26.1,49.0,6.8,1418.0,32.17,0.866,-0.5
1,29.4605,81.682,2010-08-23,6.1,93.5,192.1,237.3,52.3,2285.0,18.05,-0.866,-0.5
1,26.0319,94.5466,2015-06-24,12.4,78.4,105.0,268.2,35.3,1581.0,38.07,0.0,-1.0
1,29.3083,81.057,2009-09-12,3.9,24.0,53.2,164.0,14.1,1682.0,15.02,-1.0,-0.0
1,33.7705,74.0967,2013-08-14,86.1,136.8,196.9,343.7,86.1,1013.0,2.64,-0.866,-0.5
1,32.1967,76.3194,2015-08-11,8.4,13.8,52.0,171.7,26.0,1145.0,11.44,-0.866,-0.5
1,24.5958,72.7169,2011-08-09,59.3,63.4,70.4,112.4,59.3,1177.0,6.17,-0.866,-0.5
1,18.431,79.1492,2007-06-25,2.2,25.3,73.6,103.5,17.0,260.0,0.64,0.0,-1.0
1,34.1491,76.826,2011-07-03,1.2,5.6,15.1,15.4,4.0,4215.0,38.35,-0.5,-0.866
1,30.4554,78.0973,2016-07-16,100.0,217.2,235.6,384.7,100.0,1995.0,34.29,-0.5,-0.866
1,27.0765,88.4808,2010-06-16,33.9,46.9,70.7,148.0,33.9,1218.0,16.24,0.0,-1.0
1,6.9769,80.7816,2011-01-09,128.7,215.2,272.1,314.2,128.7,1960.0,31.59,0.5,0.866
1,35.049,72.7541,2010-07-30,19.5,224.5,295.3,338.1,115.3,2167.0,37.75,-0.5,-0.866
1,6.9658,80.7577,2007-01-13,0.6,21.2,46.1,48.4,14.4,2080.0,9.17,0.5,0.866
1,27.1249,93.7706,2014-10-01,0.0,0.9,57.6,357.4,27.1,151.0,19.76,-0.866,0.5
1,29.5023,82.2504,2011-08-21,5.5,35.6,104.8,197.7,32.5,2704.0,40.56,-0.866,-0.5
1,26.1677,94.2442,2016-06-12,15.0,61.8,113.4,130.2,43.5,754.0,20.7,0.0,-1.0
1,15.949,73.9667,2010-07-30,76.3,172.3,500.8,954.3,99.4,132.0,3.48,-0.5,-0.866
1,27.174,95.8011,2012-06-25,49.2,120.6,250.4,369.0,49.2,295.0,0.64,0.0,-1.0
1,16.5141,80.6055,2010-09-17,20.8,45.1,91.4,167.4,22.3,102.0,20.8,-1.0,-0.0
1,28.4659,95.86,2012-04-08,7.7,80.8,132.9,306.3,52.1,1026.0,29.81,0.866,-0.5
1,27.8009,84.8423,2016-08-01,16.7,97.5,229.4,589.0,55.4,349.0,11.12,-0.866,-0.5
1,28.0764,83.2519,2007-07-28,35.6,179.5,285.1,546.2,100.7,1665.0,34.77,-0.5,-0.866
1,12.896,74.8735,2010-07-29,33.4,69.3,140.6,479.1,33.4,79.0,8.7,-0.5,-0.866
1,30.4783,78.2741,2011-05-31,9.1,21.7,36.9,60.2,9.1,2305.0,32.8,0.5,-0.866
1,21.5332,94.4332,2007-08-08,0.0,8.4,28.5,45.1,8.5,167.0,0.29,-0.866,-0.5
1,30.688,79.0478,2014-09-11,11.1,43.4,65.0,87.7,20.6,2728.0,36.98,-1.0,-0.0
1,30.6463,79.5306,2010-08-09,20.1,68.4,141.0,376.7,35.6,2088.0,34.41,-0.866,-0.5
1,12.9711,76.2728,2010-10-03,5.1,27.7,51.1,88.5,11.8,940.0,2.72,-0.866,0.5
1,24.7505,93.4221,2010-08-27,9.5,26.8,64.1,259.9,23.3,772.0,4.47,-0.866,-0.5
1,25.4477,94.0489,2015-07-22,20.6,86.7,171.4,302.0,34.4,1287.0,17.97,-0.5,-0.866
1,28.1881,84.8711,2015-06-26,29.0,43.2,146.4,283.8,39.2,1166.0,34.38,0.0,-1.0
1,9.7285,76.803,2012-08-17,35.7,55.0,108.8,179.9,35.7,326.0,9.45,-0.866,-0.5
1,26.284,94.5808,2013-08-04,15.0,32.1,71.1,232.7,23.0,728.0,18.42,-0.866,-0.5
1,26.149,91.7351,2012-06-20,61.6,119.1,181.3,251.6,61.6,52.0,0.29,0.0,-1.0
1,25.0672,93.4093,2011-05-22,33.7,70.5,128.6,149.0,33.7,460.0,9.66,0.5,-0.866
1,30.3797,78.5017,2013-06-18,1.4,224.2,282.3,372.7,122.8,880.0,28.48,0.0,-1.0
1,25.08,75.72,2008-08-10,6.4,9.0,52.8,156.5,23.9,386.0,27.04,-0.866,-0.5
1,24.1988,94.1016,2015-08-01,6.9,288.2,444.4,651.1,147.9,1345.0,30.3,-0.866,-0.5
1,32.1764,76.3075,2015-08-12,64.7,76.7,111.9,206.0,64.7,958.0,13.44,-0.866,-0.5
1,30.6945,79.0544,2013-06-17,119.0,283.5,370.0,424.0,130.8,2778.0,28.81,0.0,-1.0
1,28.2168,83.6666,2007-07-12,127.8,258.8,301.5,378.6,127.8,991.0,8.53,-0.5,-0.866
1,31.0766,77.3913,2011-08-07,12.0,17.2,35.1,108.3,15.4,1305.0,1.43,-0.866,-0.5
1,27.9715,85.9623,2015-05-01,3.5,15.0,45.9,64.7,11.7,1748.0,32.33,0.5,-0.866
1,31.5124,78.1181,2016-06-17,0.4,25.2,37.9,59.8,13.4,1744.0,36.52,0.0,-1.0
1,11.4098,76.6939,2009-11-09,49.7,177.1,203.8,224.8,84.5,2238.0,6.76,-0.5,0.866
1,29.3577,80.3109,2013-12-23,0.0,0.0,1.1,1.1,1.0,946.0,22.16,-0.0,1.0
1,32.9411,75.0922,2014-11-07,17.5,17.5,17.6,19.0,17.5,696.0,5.46,-0.5,0.866
1,29.5326,82.1482,2013-06-18,35.6,134.3,176.4,206.3,66.8,2586.0,35.5,0.0,-1.0
1,32.3682,75.5227,2012-02-15,0.1,20.2,28.1,70.0,18.2,322.0,0.91,0.866,0.5
1,19.1711,73.0207,2013-07-24,26.8,118.4,242.5,427.4,73.2,25.0,8.82,-0.5,-0.866
1,35.2746,73.2235,2013-01-12,27.1,31.7,32.1,32.1,27.1,774.0,13.24,0.5,0.866
1,11.3192,76.5959,2013-07-25,36.9,86.3,165.4,230.8,36.9,2011.0,17.39,-0.5,-0.866
1,27.7276,88.0446,2010-08-29,10.4,17.0,62.5,165.6,21.2,5545.0,32.53,-0.866,-0.5
1,8.4863,76.9517,2013-11-13,6.5,38.2,44.3,103.2,17.7,9.0,0.64,-0.5,0.866
1,6.9366,80.6953,2012-11-02,9.7,69.7,233.3,420.9,59.5,1379.0,6.1,-0.5,0.866
1,27.6041,84.8603,2010-08-23,135.7,172.7,306.8,399.8,135.7,716.0,10.18,-0.866,-0.5
1,27.8776,94.25,2013-06-01,8.3,56.7,128.9,190.1,32.3,993.0,28.47,0.0,-1.0
1,34.5625,73.8319,2007-07-02,5.8,18.1,72.9,98.6,38.3,1809.0,32.52,-0.5,-0.866
1,30.9546,77.1792,2010-10-04,1.2,3.0,3.3,90.2,1.8,1841.0,32.84,-0.866,0.5
1,12.8157,74.8586,2016-06-24,52.2,157.8,239.5,302.8,80.2,16.0,2.7,0.0,-1.0
1,26.1475,91.7356,2012-06-02,21.7,58.4,97.5,144.1,30.2,52.0,0.29,0.0,-1.0
1,33.2537,75.2006,2008-01-16,12.8,12.8,39.0,155.9,26.2,678.0,21.5,0.5,0.866
1,24.9037,93.487,2013-09-01,5.5,8.5,84.0,131.5,47.0,1272.0,28.04,-1.0,-0.0
1,28.05,84.95,2010-07-04,21.8,39.0,114.4,228.1,39.9,1154.0,30.96,-0.5,-0.866
1,29.5679,82.283,2016-07-16,18.5,53.0,106.9,176.0,20.4,2583.0,20.94,-0.5,-0.866
1,6.957291003,81.12046509,2011-02-17,0.0,0.6,2.1,209.4,0.8,1120.0,6.85,0.866,0.5
1,25.4538,93.9827,2015-07-22,20.6,86.7,171.4,302.0,34.4,1779.0,20.62,-0.5,-0.866
1,27.1027,88.1218,2016-07-26,111.8,237.4,614.4,1060.0,132.6,1102.0,18.8,-0.5,-0.866
1,26.1147,94.3864,2013-07-01,10.3,56.3,96.9,210.2,31.4,362.0,10.93,-0.5,-0.866
1,28.8425,81.7097,2015-08-15,10.2,42.9,84.7,180.5,20.7,1303.0,22.34,-0.866,-0.5
1,33.3037,75.1827,2011-02-13,47.0,60.1,125.8,193.6,65.7,1125.0,34.86,0.866,0.5
1,30.9035,77.0965,2010-09-19,71.2,86.0,205.7,416.6,106.8,1416.0,16.36,-1.0,-0.0
1,6.754,80.9514,2014-12-26,24.8,158.4,398.8,496.8,102.4,989.0,12.32,-0.0,1.0
1,29.0396,81.2519,2011-07-02,14.0,101.6,165.5,254.3,77.9,920.0,16.45,-0.5,-0.866
1,10.8319,78.7075,2015-12-20,0.6,4.4,7.9,44.8,2.5,70.0,0.91,-0.0,1.0
1,29.1309,81.6631,2013-07-07,30.4,186.6,276.2,373.0,82.1,1519.0,14.39,-0.5,-0.866
1,22.6368,92.1453,2007-06-11,25.7,47.7,81.6,96.5,25.7,30.0,0.57,0.0,-1.0
1,28.0336,85.2178,2016-06-28,46.8,112.9,190.9,376.9,46.8,2049.0,25.94,0.0,-1.0
1,22.3496,91.8138,2015-09-21,17.6,62.7,69.5,92.2,28.8,39.0,5.69,-1.0,-0.0
1,21.4409,92.0074,2015-06-26,94.9,332.4,487.8,634.4,174.5,2.0,0.0,0.0,-1.0
1,27.3425,88.6236,2007-09-10,29.2,148.9,431.5,752.9,107.8,2102.0,25.26,-1.0,-0.0
1,27.509,85.1505,2010-09-18,19.4,78.4,219.9,307.9,67.5,2205.0,46.3,-1.0,-0.0
1,24.5202,92.7239,2016-05-18,24.1,57.3,110.3,128.5,31.5,39.0,0.91,0.5,-0.866
1,28.3323,83.7438,2007-08-28,12.1,51.7,146.6,482.0,46.0,1286.0,21.49,-0.866,-0.5
1,10.3316,76.9592,2016-05-09,3.6,64.2,134.2,168.7,37.3,1120.0,19.72,0.5,-0.866
1,19.316,83.2414,2015-09-16,59.6,123.4,176.2,209.7,59.6,584.0,6.73,-1.0,-0.0
1,24.9818,93.5142,2015-07-24,14.2,90.6,174.9,284.3,54.3,1238.0,9.03,-0.5,-0.866
1,28.0004,84.033,2011-06-30,87.1,165.1,215.3,264.6,87.1,927.0,10.48,0.0,-1.0
1,33.1804,75.8101,2011-02-13,43.4,64.4,141.0,228.8,76.6,1132.0,28.06,0.866,0.5
1,26.944,88.4441,2010-06-11,4.7,33.8,70.4,109.8,24.9,214.0,25.03,0.0,-1.0
1,33.13296295,75.43929097,2016-03-17,41.5,43.0,140.8,170.3,41.5,1009.0,44.85,1.0,0.0
1,10.0539,76.8298,2013-08-05,79.2,218.5,286.0,440.9,120.5,439.0,31.87,-0.866,-0.5
1,32.0996,77.1586,2011-03-05,0.0,30.4,68.1,100.1,24.7,1697.0,17.73,1.0,0.0
1,19.1869,73.02,2016-07-31,53.8,107.3,180.6,259.8,53.8,49.0,24.09,-0.5,-0.866
1,32.9913,75.1915,2013-08-14,29.2,64.8,135.6,245.9,45.8,835.0,25.47,-0.866,-0.5
1,30.7386,79.4954,2016-08-04,11.7,47.6,176.9,283.2,61.2,3119.0,3.54,-0.866,-0.5
1,13.1819,76.1147,2011-07-02,12.1,31.5,60.0,64.4,23.1,968.0,4.99,-0.5,-0.866
1,30.9753,78.4375,2016-07-31,32.6,63.6,125.7,239.5,32.6,2547.0,21.47,-0.5,-0.866
1,29.356,81.3098,2007-07-12,11.5,28.2,89.7,172.6,25.3,1291.0,17.8,-0.5,-0.866
1,30.301,79.3628,2013-07-24,7.7,39.8,144.0,237.0,49.9,1032.0,14.03,-0.5,-0.866
1,29.7929,95.8044,2014-07-01,5.9,53.6,94.0,190.7,25.9,2920.0,2.64,-0.5,-0.866
1,19.0949,72.8899,2009-09-03,64.4,101.8,165.0,215.2,64.4,21.0,2.64,-1.0,-0.0
1,11.2993,76.9354,2011-06-16,1.0,14.5,25.6,121.8,11.9,327.0,0.86,0.0,-1.0
1,26.1985,91.7998,2014-09-22,58.2,143.6,184.9,256.2,68.0,92.0,6.41,-1.0,-0.0
1,25.6269,94.1139,2013-07-12,19.2,41.8,81.1,301.0,19.2,1558.0,13.7,-0.5,-0.866
1,10.3228,76.4319,2013-08-05,63.3,173.3,255.8,408.6,84.4,58.0,10.39,-0.866,-0.5
1,21.6989,74.172,2013-09-25,60.2,322.7,463.6,499.6,156.2,1152.0,7.87,-1.0,-0.0
1,31.7077,76.9313,2011-08-13,52.4,74.7,136.8,183.5,52.4,764.0,3.62,-0.866,-0.5
1,28.799,82.4712,2011-08-22,12.4,35.6,121.0,299.3,41.9,2283.0,39.11,-0.866,-0.5
1,33.9344,74.6566,2015-03-30,7.2,99.8,111.6,151.5,66.4,2103.0,15.06,1.0,0.0
1,30.6594,79.5605,2012-08-17,15.5,25.7,59.9,208.1,15.5,3225.0,42.68,-0.866,-0.5
1,31.4582,78.2114,2010-09-19,64.4,106.8,190.7,306.6,66.6,2994.0,35.2,-1.0,-0.0
1,27.828,83.6349,2012-06-13,0.0,0.0,1.2,29.3,1.2,910.0,14.63,0.0,-1.0
1,31.5375,77.3737,2013-08-21,5.5,46.0,88.6,206.7,23.2,3062.0,32.05,-0.866,-0.5
1,32.5659,75.0944,2008-06-15,5.4,22.8,30.4,43.6,9.8,369.0,14.37,0.0,-1.0
1,26.9974,88.4314,2015-06-17,18.4,40.3,98.3,161.6,21.9,249.0,27.57,0.0,-1.0
1,28.4414,82.624,2014-08-15,29.3,79.8,129.2,210.9,34.3,2343.0,2.31,-0.866,-0.5
1,31.1,77.16,2008-08-17,1.9,36.6,175.6,412.9,55.0,1995.0,29.05,-0.866,-0.5
1,24.4279,94.0564,2007-09-11,5.2,10.1,115.9,181.5,42.2,885.0,14.04,-1.0,-0.0
1,33.1206,75.3142,2014-10-26,0.2,3.7,3.9,8.8,2.9,1499.0,24.63,-0.866,0.5
1,25.4941,82.5725,2016-07-31,10.6,26.1,86.9,199.0,38.6,88.0,0.91,-0.5,-0.866
1,10.0606,76.6331,2013-08-07,4.4,107.6,290.8,416.5,120.5,22.0,0.64,-0.866,-0.5
1,27.5,84.6663,2013-07-22,10.1,36.5,94.6,185.7,24.0,350.0,4.04,-0.5,-0.866
1,30.6785,78.3475,2010-08-09,8.9,32.7,91.7,240.2,32.5,1040.0,37.82,-0.866,-0.5
1,29.36,80.126,2010-07-20,39.9,268.4,340.5,548.8,174.8,1382.0,14.6,-0.5,-0.866
1,34.7982,71.3823,2014-11-16,0.0,0.0,0.0,30.4,0.0,1094.0,9.2,-0.5,0.866
1,26.8727,94.9275,2013-08-16,11.3,55.8,131.0,251.5,33.3,128.0,2.24,-0.866,-0.5
1,27.0011,93.7273,2010-09-10,12.0,39.5,96.7,186.4,21.1,109.0,0.64,-1.0,-0.0
1,27.7898,86.3499,2013-07-22,26.6,87.7,175.5,354.0,45.7,4095.0,31.55,-0.5,-0.866
1,29.5935,79.6805,2013-06-19,1.4,147.0,379.7,477.2,169.8,1228.0,17.2,0.0,-1.0
1,23.7327,92.7463,2014-07-14,14.3,91.2,132.9,169.6,53.4,846.0,26.55,-0.5,-0.866
1,9.8012,76.9006,2011-05-31,21.4,65.8,128.7,170.1,30.9,725.0,10.14,0.5,-0.866
1,14.0354,74.6624,2011-06-14,51.1,109.0,264.3,521.8,51.1,222.0,6.52,0.0,-1.0
1,34.209,74.3524,2014-04-15,5.3,11.7,19.3,57.6,7.6,1579.0,0.57,0.866,-0.5
1,28.1347,83.2369,2016-07-16,21.4,64.8,134.4,340.6,29.7,1319.0,19.69,-0.5,-0.866
1,34.0978,74.4016,2015-04-03,8.9,62.8,161.5,173.4,58.3,2029.0,20.39,0.866,-0.5
1,33.8667,73.7667,2007-02-25,0.0,0.0,17.9,76.1,17.1,1566.0,20.82,0.866,0.5
1,29.58,80.2214,2013-07-04,5.7,28.3,88.9,250.5,32.5,1533.0,6.87,-0.5,-0.866
1,27.3721,88.708,2013-06-08,19.4,50.9,96.1,279.8,19.4,3172.0,25.05,0.0,-1.0
1,33.241,75.234,2012-02-22,25.7,61.5,65.0,140.0,25.7,702.0,10.67,0.866,0.5
1,18.7632,73.347,2015-07-19,15.7,39.8,61.1,123.9,15.7,399.0,32.99,-0.5,-0.866
1,28.4333,83.1202,2014-08-23,8.7,30.0,71.8,227.0,11.7,2176.0,33.63,-0.866,-0.5
1,35.2685,75.6271,2015-10-26,5.0,42.6,47.3,70.6,22.7,2881.0,33.35,-0.866,0.5
1,28.1171,83.2497,2010-08-27,20.7,56.5,503.7,654.1,232.3,983.0,19.36,-0.866,-0.5
1,28.8519,81.7086,2013-06-18,54.0,240.0,274.8,337.7,142.6,1145.0,12.92,0.0,-1.0
1,25.203,90.5573,2016-07-19,26.2,106.4,184.0,262.9,54.7,128.0,17.07,-0.5,-0.866
1,21.443,92.0076,2012-10-30,0.3,0.3,0.3,1.2,0.3,2.0,0.29,-0.866,0.5
1,7.4685,80.6201,2013-02-15,6.3,39.6,69.0,82.4,28.1,368.0,1.28,0.866,0.5
1,28.4499,83.3453,2016-09-03,24.5,46.6,79.5,139.9,24.5,1886.0,13.16,-1.0,-0.0
1,31.3237,76.7622,2015-08-11,5.9,11.5,84.7,152.6,36.7,560.0,8.05,-0.866,-0.5
1,33.3343,75.1969,2015-03-22,0.0,0.0,20.9,107.2,20.1,1188.0,30.38,1.0,0.0
1,26.1984,94.8158,2010-08-19,33.8,60.4,150.9,254.8,42.6,1849.0,21.11,-0.866,-0.5
1,24.4638,92.4943,2016-05-18,24.8,71.1,125.9,137.8,36.6,90.0,15.74,0.5,-0.866
1,28.3328,83.3742,2013-09-03,63.9,121.9,154.8,238.3,63.9,2028.0,22.45,-1.0,-0.0
1,18.7734,82.8555,2015-09-15,72.9,165.8,254.1,297.8,72.9,908.0,5.82,-1.0,-0.0
1,32.6173,75.264,2015-08-20,16.2,24.7,42.1,131.5,16.2,470.0,17.47,-0.866,-0.5
1,14.9935,74.0478,2009-10-02,31.7,104.4,157.9,267.4,46.2,7.0,0.29,-0.866,0.5
1,23.75406693,92.74128531,2010-09-13,12.9,23.6,51.2,105.8,12.9,994.0,18.87,-1.0,-0.0
1,30.4581,68.4119,2012-09-24,0.0,0.0,0.0,21.6,0.0,1643.0,1.83,-1.0,-0.0
1,28.1605,84.0907,2010-07-11,1.4,122.8,171.9,298.7,68.4,676.0,0.64,-0.5,-0.866
1,33.1617,75.3278,2011-06-09,0.2,0.2,1.4,27.0,0.6,833.0,25.75,0.0,-1.0
1,14.7822,74.2279,2010-11-08,29.1,39.5,64.4,70.5,29.1,207.0,12.46,-0.5,0.866
1,26.0814,94.803,2010-08-14,23.0,45.4,74.8,149.2,23.0,953.0,30.48,-0.866,-0.5
1,28.5237,82.5891,2014-08-14,34.3,56.3,112.3,189.8,34.3,2344.0,18.05,-0.866,-0.5
1,27.72,83.4724,2008-09-19,39.1,70.8,91.7,134.3,39.1,307.0,29.47,-1.0,-0.0
1,25.7902,94.1318,2016-07-10,16.9,21.9,86.1,271.1,25.2,1285.0,5.21,-0.5,-0.866
1,36.1575,72.0903,2015-03-03,0.3,21.3,42.6,129.7,18.0,2048.0,32.33,1.0,0.0
1,24.8961,93.4957,2010-08-19,4.4,13.3,118.9,170.7,72.9,1049.0,36.41,-0.866,-0.5
1,27.0377,88.3603,2012-09-14,82.7,217.6,248.7,302.7,86.2,1504.0,17.85,-1.0,-0.0
1,34.0049,73.7526,2010-02-08,82.7,155.8,176.9,216.3,82.7,1693.0,37.91,0.866,0.5
1,27.044,89.5744,2009-08-18,80.3,316.7,668.7,921.8,173.3,1664.0,24.86,-0.866,-0.5
1,35.3143,74.1937,2011-05-11,7.0,8.8,25.5,39.3,10.5,3688.0,23.03,0.5,-0.866
1,33.0165,74.9437,2011-02-13,39.2,43.9,108.8,164.8,64.9,1891.0,30.22,0.866,0.5
1,19.1095,72.8929,2010-06-25,23.9,70.9,94.9,519.0,25.7,20.0,0.57,0.0,-1.0
1,27.9358,85.1893,2011-07-19,32.7,69.9,224.8,372.9,86.2,1092.0,39.54,-0.5,-0.866
1,27.8953,85.6016,2014-08-07,18.9,38.6,119.6,237.4,33.4,1580.0,25.67,-0.866,-0.5
1,31.2403,77.9258,2011-08-07,34.7,48.7,63.1,154.1,34.7,1920.0,9.71,-0.866,-0.5
1,30.6509,79.5192,2011-07-08,14.4,73.3,106.1,298.0,38.0,2228.0,26.15,-0.5,-0.866
1,34.2088,74.3279,2015-04-07,6.6,6.6,83.0,182.5,42.8,1586.0,2.88,0.866,-0.5
1,24.8669,92.3576,2014-05-09,52.3,171.6,230.7,287.7,62.1,18.0,0.91,0.5,-0.866
1,25.7428,93.9136,2007-08-28,18.8,121.8,156.2,289.9,64.8,452.0,10.02,-0.866,-0.5
1,26.8366,88.0839,2015-07-01,24.7,48.7,109.2,213.5,24.7,1709.0,24.14,-0.5,-0.866
1,29.841,79.7758,2012-09-14,28.1,58.4,90.5,179.7,28.1,872.0,2.72,-1.0,-0.0
1,20.92931962,92.22263842,2010-06-15,66.6,243.3,320.1,368.1,110.4,61.0,20.03,0.0,-1.0
1,29.4596,82.0446,2016-06-10,0.1,1.7,13.1,33.3,4.0,3592.0,19.5,0.0,-1.0
1,27.0599,88.4674,2013-09-16,0.0,1.7,10.8,147.5,5.5,1248.0,11.64,-1.0,-0.0
1,33.9659,74.3313,2007-03-23,0.0,18.5,97.9,217.5,38.1,3678.0,25.41,1.0,0.0
1,32.2338,77.1784,2011-02-25,6.4,25.9,31.5,130.8,11.8,2171.0,11.32,0.866,0.5
1,27.9271,83.529,2007-08-03,2.6,26.2,219.9,530.5,61.6,443.0,28.85,-0.866,-0.5
1,23.3572,92.7878,2015-08-26,7.7,21.9,69.4,181.0,27.0,1372.0,9.17,-0.866,-0.5
1,27.8173,83.4643,2011-07-01,59.3,211.2,247.6,315.1,98.7,1048.0,27.86,-0.5,-0.866
1,25.61560252,94.11603493,2010-08-19,14.0,24.0,67.4,166.8,14.0,1634.0,20.11,-0.866,-0.5
1,28.01031874,84.37740614,2008-08-30,2.2,62.6,263.8,399.6,105.3,858.0,4.86,-0.866,-0.5
1,26.4333,94.8833,2010-06-17,29.2,50.2,126.8,324.9,29.6,535.0,27.77,0.0,-1.0
1,35.5099,73.3361,2013-08-03,11.8,21.5,22.3,38.6,11.8,1463.0,36.68,-0.866,-0.5
1,30.6838,79.0479,2015-06-25,29.0,51.6,64.7,92.1,29.0,2528.0,29.85,0.0,-1.0
1,27.81229512,84.67982275,2010-07-27,22.9,75.4,148.9,343.3,34.8,369.0,35.17,-0.5,-0.866
1,9.8957,76.9346,2013-08-05,71.1,206.8,263.0,406.1,116.5,738.0,4.36,-0.866,-0.5
1,27.2084,88.4909,2007-09-11,5.0,66.0,415.2,569.8,140.6,350.0,25.87,-1.0,-0.0
1,11.4816,75.9957,2009-10-03,46.3,98.4,114.8,177.2,46.3,39.0,2.43,-0.866,0.5
1,7.2753,81.0714,2011-02-07,25.3,91.0,405.5,502.1,83.5,291.0,20.97,0.866,0.5
1,6.686,80.3874,2010-05-19,17.3,54.1,96.5,199.4,21.8,29.0,5.62,0.5,-0.866
1,30.966,78.4151,2010-08-20,15.5,113.9,175.6,300.4,59.3,2540.0,49.42,-0.866,-0.5
1,7.2558,80.3019,2010-04-29,6.0,17.1,61.9,116.6,17.5,95.0,5.86,0.866,-0.5
1,26.1314,91.7548,2014-09-22,58.2,143.6,184.9,256.2,68.0,81.0,3.48,-1.0,-0.0
1,27.3667,87.2167,2007-09-12,10.9,55.4,168.6,411.1,73.7,857.0,19.84,-1.0,-0.0
1,33.5405,74.3723,2014-09-06,59.2,335.5,405.3,409.6,157.2,1481.0,25.42,-1.0,-0.0
1,15.7051,74.2197,2013-12-10,0.0,0.0,0.0,2.8,0.0,752.0,2.02,-0.0,1.0
1,27.8126,84.8051,2014-07-18,45.4,130.9,254.3,396.5,49.9,433.0,19.04,-0.5,-0.866
1,29.8587,80.5547,2015-08-07,15.6,86.2,183.8,272.9,68.7,918.0,21.71,-0.866,-0.5
1,28.9446,82.2494,2014-08-13,14.4,23.8,80.3,166.9,18.7,1721.0,10.4,-0.866,-0.5
1,30.7332,78.4401,2010-09-20,1.3,164.9,200.2,371.5,120.9,1466.0,39.85,-1.0,-0.0
1,34.8685,72.3183,2008-05-24,18.3,37.2,37.2,37.4,18.3,1400.0,21.06,0.5,-0.866
1,26.1699,94.4922,2016-07-11,21.9,47.9,115.2,305.3,35.9,1134.0,18.8,-0.5,-0.866
1,27.2333,94.1167,2008-10-29,0.0,29.7,45.7,45.8,29.2,91.0,1.18,-0.866,0.5
1,36.3079,74.6712,2015-10-26,7.5,31.5,35.3,59.6,14.8,2192.0,39.0,-0.866,0.5
1,25.6172,96.3005,2015-01-06,0.0,6.3,6.3,6.3,3.6,368.0,2.64,0.5,0.866
1,24.1293,92.6921,2007-09-29,8.7,31.8,43.4,89.5,13.1,825.0,12.56,-1.0,-0.0
1,25.03561729,94.0144205,2011-06-28,8.3,24.0,44.2,151.9,14.0,873.0,1.54,0.0,-1.0
1,30.2411,78.9014,2015-07-26,1.1,15.1,83.2,157.7,30.5,634.0,31.45,-0.5,-0.866
1,33.3018,75.1793,2013-08-14,21.5,38.3,65.3,194.7,21.5,1009.0,4.93,-0.866,-0.5
1,6.9935,81.0473,2007-12-24,4.0,16.6,58.2,157.9,22.8,789.0,15.97,-0.0,1.0
1,28.2649,83.7843,2010-07-26,9.8,161.8,236.4,531.4,140.1,1291.0,29.69,-0.5,-0.866
1,30.056,70.6369,2011-09-16,1.6,6.1,25.2,107.0,12.1,129.0,0.29,-1.0,-0.0
1,25.3833,94.1884,2013-08-15,9.2,38.5,135.7,286.2,45.7,1683.0,24.26,-0.866,-0.5
1,30.9015,78.7756,2010-09-19,51.3,170.6,216.9,318.1,112.8,5154.0,25.89,-1.0,-0.0
1,7.0808,80.7354,2011-04-23,13.6,46.1,121.4,197.5,28.9,1950.0,34.4,0.866,-0.5
1,12.82402778,75.21163889,2017-06-27,33.4,83.0,132.5,205.9,33.4,100.0,11.31,0.0,-1.0
1,26.1666,91.7042,2015-09-23,18.0,75.2,181.7,309.3,64.8,231.0,15.62,-1.0,-0.0
1,27.21545164,85.91452544,2016-07-25,54.2,183.6,349.2,484.1,92.3,506.0,5.21,-0.5,-0.866
1,30.3642,79.3158,2013-08-18,12.9,29.4,123.0,275.1,66.0,991.0,29.03,-0.866,-0.5
1,29.4469,81.4867,2010-08-10,9.1,27.0,80.7,224.1,24.2,1923.0,22.34,-0.866,-0.5
1,27.4159,87.6909,2016-07-10,26.3,56.4,190.9,375.7,54.3,980.0,44.7,-0.5,-0.866
1,27.5,85.35,2009-11-05,0.7,1.7,4.3,4.3,2.1,1281.0,22.77,-0.5,0.866
1,33.1261,75.4481,2014-11-06,0.0,0.5,1.2,6.6,0.7,903.0,13.83,-0.5,0.866
1,27.7165,85.4279,2011-08-03,41.8,137.5,202.6,355.0,73.7,1527.0,11.38,-0.866,-0.5
1,26.0977,94.7031,2013-06-07,12.0,24.7,31.2,66.4,12.0,1682.0,11.44,0.0,-1.0
1,29.5885,80.2098,2009-08-08,6.9,105.1,205.4,390.9,85.1,1651.0,12.9,-0.866,-0.5
1,27.8569,85.1287,2015-08-27,33.2,56.5,101.6,273.8,33.2,560.0,27.97,-0.866,-0.5
1,10.2462,77.582,2010-11-23,10.6,46.3,92.2,162.7,19.2,1006.0,7.15,-0.5,0.866
1,34.6758,73.0428,2015-07-27,6.7,35.9,72.8,163.4,21.2,1094.0,11.31,-0.5,-0.866
1,29.3083,80.5792,2009-08-17,156.4,226.0,296.0,447.6,156.4,1674.0,18.83,-0.866,-0.5
1,26.97,86.74,2010-06-30,11.6,31.6,71.7,264.7,13.4,840.0,21.96,0.0,-1.0
1,11.2777,77.1236,2007-10-30,11.2,79.5,122.6,217.5,35.2,372.0,1.18,-0.866,0.5
1,9.5988,76.5289,2011-08-07,28.1,99.1,148.8,278.2,44.6,12.0,0.81,-0.866,-0.5
1,30.7394,78.5306,2013-06-12,8.8,35.9,79.7,127.8,22.1,1320.0,14.91,0.0,-1.0
1,25.48,94.1383,2016-07-25,15.2,42.6,87.8,184.0,20.7,1721.0,7.15,-0.5,-0.866
1,25.0821,91.7783,2015-11-16,0.0,0.0,0.0,0.2,0.0,7.0,0.0,-0.5,0.866
1,34.0096,74.5915,2015-03-30,3.5,93.5,105.4,139.7,58.3,1805.0,17.39,1.0,0.0
1,33.1289,75.4325,2011-06-08,0.0,0.5,2.2,22.1,1.3,839.0,11.03,0.0,-1.0
1,29.11803174,80.67774011,2008-09-20,241.8,417.4,439.7,492.1,241.8,1277.0,16.98,-1.0,-0.0
1,25.6269,94.1139,2013-07-15,34.6,57.8,103.9,231.2,34.6,1558.0,13.7,-0.5,-0.866
1,25.1472,91.7483,2015-02-22,1.0,5.7,12.4,12.9,4.1,15.0,0.29,0.866,0.5
1,24.7979,92.9974,2015-07-22,32.2,140.9,358.4,467.4,131.6,24.0,0.41,-0.5,-0.866
1,26.7914,88.363,2009-08-16,27.9,88.3,205.6,374.2,58.6,162.0,4.86,-0.866,-0.5
1,30.9085,78.3299,2015-08-15,4.1,26.7,125.1,242.4,56.2,1889.0,50.24,-0.866,-0.5
1,29.607,79.9298,2011-06-29,22.0,69.6,214.9,452.1,52.1,1759.0,25.16,0.0,-1.0
1,34.0796,74.0357,2015-03-23,0.0,0.0,1.6,62.0,1.6,1348.0,34.45,1.0,0.0
1,33.1467,75.5488,2012-04-16,0.2,9.9,51.9,55.2,20.2,1161.0,11.05,0.866,-0.5
1,30.6004,78.3154,2013-09-30,3.1,14.5,34.0,56.2,9.4,904.0,21.15,-1.0,-0.0
1,26.1044,91.7082,2014-09-22,45.8,143.0,184.1,275.8,77.6,55.0,0.86,-1.0,-0.0
1,30.8741,76.9576,2010-09-19,90.6,110.1,394.0,600.0,275.2,1266.0,37.79,-1.0,-0.0
1,33.6794,74.2525,2015-09-03,0.1,0.4,1.5,23.0,0.7,1264.0,1.28,-1.0,-0.0
1,9.751185639,77.08971658,2017-06-27,34.8,89.0,120.4,137.7,47.4,827.0,7.26,0.0,-1.0
1,31.5699,78.2844,2010-09-20,1.2,89.7,95.5,221.5,44.9,2300.0,30.61,-1.0,-0.0
1,16.5145,80.6526,2016-06-02,0.0,0.2,2.5,88.8,1.8,152.0,17.03,0.0,-1.0
1,26.9978,88.167,2015-07-01,26.4,47.3,110.5,252.0,26.4,2158.0,19.76,-0.5,-0.866
1,35.3047,69.5546,2014-03-31,0.0,0.0,11.5,52.9,10.5,2448.0,16.89,1.0,0.0
1,28.8687,82.1707,2011-08-22,9.6,22.1,120.2,239.1,70.3,1579.0,29.23,-0.866,-0.5
1,11.4477,75.8289,2009-10-03,49.7,120.4,140.6,219.2,53.7,21.0,2.7,-0.866,0.5
1,26.8545,88.3372,2011-09-28,1.0,74.5,190.3,416.4,46.8,815.0,17.69,-1.0,-0.0
1,28.833,80.9,2008-09-21,41.0,387.8,400.0,420.2,196.9,508.0,9.15,-1.0,-0.0
1,34.1327,74.5594,2015-03-15,12.7,12.7,13.3,108.4,12.7,1618.0,7.06,1.0,0.0
1,24.9336,93.8275,2008-06-19,10.5,39.5,59.6,129.0,17.1,1023.0,15.41,0.0,-1.0
1,30.0667,79.0193,2011-06-29,27.0,62.6,158.9,229.2,56.6,2226.0,25.04,0.0,-1.0
1,26.4205,94.9731,2013-08-16,14.5,41.1,98.0,217.0,18.2,690.0,18.5,-0.866,-0.5
1,19.162,73.6873,2014-07-30,41.2,194.7,279.6,544.9,97.0,876.0,22.74,-0.5,-0.866
1,28.285,83.8521,2014-09-19,23.3,30.0,64.5,212.1,23.3,1502.0,24.11,-1.0,-0.0
1,27.1034,93.6885,2011-08-05,14.5,58.6,66.3,116.8,23.5,147.0,0.91,-0.866,-0.5
1,7.6447,80.8147,2011-02-07,14.2,69.5,503.5,571.7,194.8,179.0,10.85,0.866,0.5
1,27.4888,93.0153,2011-08-15,91.1,154.4,211.1,490.2,91.1,524.0,14.08,-0.866,-0.5
1,36.3044,73.4245,2010-08-20,0.0,0.6,17.6,60.6,7.2,3482.0,32.62,-0.866,-0.5
1,19.3379,73.7767,2013-07-25,31.5,155.1,321.1,568.1,87.0,582.0,47.81,-0.5,-0.866
1,33.8911,74.9781,2015-03-15,19.7,20.0,20.2,187.2,19.7,1631.0,11.4,1.0,0.0
1,9.8678,76.7705,2010-10-27,17.4,22.3,47.6,76.4,17.4,126.0,10.06,-0.866,0.5
1,29.2983,80.7651,2014-06-17,22.1,33.3,39.6,47.9,22.1,726.0,14.08,0.0,-1.0
1,23.899,94.1434,2015-08-01,7.6,406.6,690.5,963.1,240.0,269.0,17.22,-0.866,-0.5
1,34.208,77.5101,2010-08-06,12.1,17.5,20.8,30.8,12.1,3788.0,5.82,-0.866,-0.5
1,31.2077,77.193,2008-06-03,10.2,23.7,33.3,73.7,11.3,870.0,29.87,0.0,-1.0
1,31.8246,77.4702,2014-02-12,0.0,4.5,69.1,108.1,32.5,3714.0,38.77,0.866,0.5
1,25.0118,94.3136,2016-07-07,3.0,18.6,134.3,203.4,67.5,1372.0,16.72,-0.5,-0.866
1,28.25,83.1792,2009-08-14,99.2,136.7,185.9,375.0,99.2,1795.0,31.74,-0.866,-0.5
1,33.0068,74.9455,2016-08-05,5.7,12.0,74.3,126.1,36.3,1401.0,30.46,-0.866,-0.5
1,27.5742,85.1509,2014-08-14,277.6,363.1,427.5,561.2,277.6,1748.0,25.49,-0.866,-0.5
1,28.1193,95.1645,2013-02-18,7.8,21.7,21.7,21.8,13.3,823.0,31.0,0.866,0.5
1,32.3109,77.2195,2010-09-13,9.7,20.6,42.0,82.1,10.3,3340.0,15.7,-1.0,-0.0
1,26.8016,88.0499,2012-10-01,3.4,8.6,13.7,74.4,3.5,776.0,36.87,-0.866,0.5
1,25.1019,93.3729,2015-08-11,10.6,40.0,69.6,185.2,22.3,1133.0,17.07,-0.866,-0.5
1,33.27140108,75.17707406,2010-09-23,1.4,3.6,4.6,19.1,1.5,1117.0,39.1,-1.0,-0.0
1,33.2706,75.7702,2015-07-27,4.3,26.6,60.8,141.2,16.2,1138.0,39.35,-0.5,-0.866
1,22.3312,91.8252,2012-06-24,38.2,97.9,127.9,204.4,38.2,9.0,1.18,0.0,-1.0
1,24.9007,91.8644,2016-02-16,0.0,0.0,7.9,12.1,4.4,19.0,0.0,0.866,0.5
1,33.7099,74.7959,2015-03-23,0.0,0.0,12.4,90.1,12.4,2219.0,6.16,1.0,0.0
1,19.4662,72.8276,2015-09-21,5.3,21.4,69.4,153.6,25.8,253.0,4.09,-1.0,-0.0
1,27.1141,88.4658,2011-07-20,26.4,193.5,383.0,540.5,133.4,263.0,20.01,-0.5,-0.866
1,26.4596,87.2758,2007-08-02,6.9,37.6,221.8,470.9,95.9,73.0,0.41,-0.866,-0.5
1,21.23704301,92.19530189,2010-06-15,69.7,222.4,289.5,328.1,92.2,39.0,7.91,0.0,-1.0
1,27.3773,88.559,2010-07-21,36.1,112.6,309.0,825.2,73.4,1437.0,38.14,-0.5,-0.866
1,26.2363,94.8133,2010-07-06,3.0,13.3,89.1,202.3,32.2,1560.0,10.27,-0.5,-0.866
1,25.6278,94.1051,2015-08-19,19.5,32.3,57.2,216.3,19.5,1508.0,23.0,-0.866,-0.5
1,22.6239,91.6743,2016-05-21,36.2,159.7,194.4,196.4,66.9,50.0,12.4,0.5,-0.866
1,28.0872,83.2935,2014-06-20,18.1,37.3,73.3,106.1,18.4,1313.0,34.84,0.0,-1.0
1,30.4326,78.0767,2010-09-19,85.4,180.5,256.7,544.0,91.1,1431.0,11.54,-1.0,-0.0
1,27.09,86.37,2008-07-27,9.5,49.2,143.3,580.7,36.1,1360.0,38.85,-0.5,-0.866
1,27.1005,87.7831,2016-07-25,75.6,156.1,532.4,867.2,150.8,2181.0,24.06,-0.5,-0.866
1,29.158,81.5714,2016-05-19,1.3,1.7,3.8,38.9,1.3,1718.0,17.16,0.5,-0.866
1,30.7333,78.4399,2011-07-10,11.6,39.5,113.8,277.0,33.0,1461.0,49.5,-0.5,-0.866
1,23.74182634,92.7141905,2010-09-13,12.9,23.6,51.2,105.8,12.9,929.0,26.7,-1.0,-0.0
1,23.0137,91.7174,2014-08-14,12.0,40.6,85.9,162.9,18.9,21.0,4.25,-0.866,-0.5
1,22.894,91.5327,2007-10-19,10.8,23.1,106.6,316.3,41.4,8.0,0.91,-0.866,0.5
1,33.245,75.247,2008-12-20,44.3,63.7,66.8,117.0,44.3,1162.0,25.69,-0.0,1.0
1,27.3765,88.7628,2013-06-27,24.2,82.4,189.1,276.2,43.0,3764.0,19.2,0.0,-1.0
1,34.6507,74.7362,2012-03-19,30.9,34.3,47.9,66.0,30.9,2383.0,19.81,1.0,0.0
1,29.2833,80.675,2009-10-06,146.8,268.5,290.8,315.6,146.8,1602.0,23.68,-0.866,0.5
1,29.3588,81.31,2012-06-23,29.7,45.2,57.6,57.7,29.7,1280.0,23.2,0.0,-1.0
1,9.4237,76.9371,2011-08-06,22.1,73.1,105.4,208.1,33.8,131.0,16.73,-0.866,-0.5
1,26.222,94.9152,2010-08-14,28.2,72.4,133.4,258.1,33.9,1734.0,24.73,-0.866,-0.5
1,26.0137,94.5163,2013-08-04,10.4,22.2,38.0,140.2,10.5,1715.0,4.61,-0.866,-0.5
1,18.5158,73.1822,2014-05-07,5.0,5.0,6.5,7.0,5.0,15.0,8.66,0.5,-0.866
1,24.1965,73.703,2014-09-11,58.2,98.9,112.4,202.0,58.2,477.0,7.43,-1.0,-0.0
1,26.1407,91.7645,2014-06-26,26.3,37.8,187.8,288.0,59.1,61.0,2.88,0.0,-1.0
1,24.808,93.117,2011-09-06,11.1,48.9,68.5,175.1,25.1,38.0,2.31,-1.0,-0.0
1,28.601,81.601,2007-08-10,0.3,16.3,95.0,338.0,33.2,687.0,2.31,-0.866,-0.5
1,33.5708,73.494,2007-03-20,30.6,59.5,60.1,160.9,30.6,679.0,2.58,1.0,0.0
1,33.6549,74.6326,2008-10-22,2.7,5.9,9.9,73.9,2.8,3028.0,37.98,-0.866,0.5
1,27.5684,85.2254,2012-09-17,56.7,183.4,258.8,318.3,75.7,1455.0,11.01,-1.0,-0.0
1,8.2117,77.312,2016-05-20,1.6,12.8,71.9,131.7,27.2,49.0,1.62,0.5,-0.866
1,23.6866,93.017,2015-08-27,10.7,35.9,72.4,174.9,17.4,612.0,38.0,-0.866,-0.5
1,24.544,85.3492,2014-08-09,19.6,29.0,42.3,70.6,19.6,246.0,3.26,-0.866,-0.5
1,15.6019,73.8093,2016-07-12,34.8,120.2,188.7,589.8,46.8,45.0,7.43,-0.5,-0.866
1,30.6521,79.5566,2011-08-08,24.0,66.7,184.4,364.3,36.1,3362.0,44.73,-0.866,-0.5
1,26.74452462,88.40011959,2009-08-16,36.5,103.6,235.0,395.5,76.0,130.0,0.41,-0.866,-0.5
1,27.1344,88.4575,2009-08-20,50.9,102.7,456.5,709.0,126.6,627.0,27.35,-0.866,-0.5
1,25.4243,88.2746,2015-06-30,4.5,30.3,81.7,109.7,23.2,29.0,0.29,0.0,-1.0
1,25.5114,90.215,2015-06-16,21.8,56.0,281.9,371.2,139.0,305.0,14.22,0.0,-1.0
1,27.5567,85.1173,2016-07-25,30.3,65.9,166.1,282.1,46.5,1544.0,28.28,-0.5,-0.866
1,25.8877,94.7861,2010-07-06,6.9,21.8,90.0,183.4,22.9,1160.0,6.58,-0.5,-0.866
1,28.1296,83.5004,2014-08-23,9.9,48.5,132.0,333.2,32.5,1641.0,16.92,-0.866,-0.5
1,27.9167,83.0833,2007-08-24,7.0,27.7,51.6,359.7,17.3,1517.0,17.23,-0.866,-0.5
1,25.6623,94.1072,2010-10-10,1.8,42.6,94.7,157.3,27.5,1394.0,11.92,-0.866,0.5
1,25.9611,91.3681,2016-07-07,19.2,169.7,414.7,570.0,84.2,187.0,6.38,-0.5,-0.866
1,9.9995,77.0309,2013-08-04,116.5,151.5,192.5,356.2,116.5,930.0,13.6,-0.866,-0.5
1,28.1314,84.8272,2016-08-08,17.0,49.0,71.0,327.3,17.8,1661.0,18.15,-0.866,-0.5
1,17.5861,73.1742,2015-06-22,23.6,189.1,411.1,592.8,83.9,18.0,1.03,0.0,-1.0
1,24.7339,93.9161,2010-03-27,2.5,2.5,2.5,2.7,2.5,886.0,9.17,1.0,0.0
1,34.5353,69.1696,2007-03-28,0.0,0.0,0.0,29.7,0.0,1797.0,0.29,1.0,0.0
1,30.6014,78.3449,2013-08-13,24.0,51.4,104.1,383.6,24.0,1646.0,18.23,-0.866,-0.5
1,36.2556,73.6075,2015-10-26,13.3,43.1,48.1,78.9,16.0,2022.0,18.05,-0.866,0.5
1,10.0604,76.635,2012-08-17,36.2,56.3,116.5,194.0,36.2,22.0,1.81,-0.866,-0.5
1,34.9926,72.3661,2015-06-24,2.7,7.4,10.0,11.7,4.3,1577.0,19.69,0.0,-1.0
1,22.344,91.8161,2011-07-01,49.6,104.0,268.4,428.8,57.3,41.0,1.83,-0.5,-0.866
1,27.9911,82.3018,2014-08-16,7.6,45.2,108.5,209.3,22.6,603.0,2.43,-0.866,-0.5
1,28.3921,82.4696,2014-09-16,2.3,16.8,78.9,122.9,28.5,2180.0,30.84,-1.0,-0.0
1,30.7314,78.4347,2013-07-18,10.9,43.6,103.4,267.0,22.2,1135.0,37.74,-0.5,-0.866
1,26.1978,91.7665,2010-04-20,45.7,109.4,187.6,196.4,45.7,92.0,8.53,0.866,-0.5
1,13.986,75.452,2008-08-12,11.0,79.0,140.0,189.6,41.1,689.0,2.08,-0.866,-0.5
1,24.819,94.3551,2015-07-31,59.9,166.0,299.1,436.3,71.0,1615.0,30.16,-0.5,-0.866
1,27.8667,83.4833,2007-09-29,52.4,78.0,223.9,268.4,72.0,1433.0,17.63,-1.0,-0.0
1,27.9526,84.227,2012-06-28,14.9,36.9,224.9,257.3,93.6,326.0,5.06,0.0,-1.0
1,28.2653,83.6032,2010-08-29,17.6,152.9,317.3,559.9,108.4,941.0,7.67,-0.866,-0.5
1,30.4749,79.2293,2011-02-23,0.3,0.4,2.3,66.6,1.7,2915.0,39.1,0.866,0.5
1,29.9121,78.1723,2011-08-12,11.3,37.4,85.0,174.4,17.6,284.0,1.43,-0.866,-0.5
1,28.266,84.8942,2015-06-26,29.0,43.2,146.4,283.8,39.2,966.0,16.6,0.0,-1.0
1,21.7773,92.1991,2015-08-01,12.5,153.2,415.7,724.8,134.7,17.0,4.0,-0.866,-0.5
1,26.19037705,91.77306002,2017-07-10,30.8,86.7,173.9,414.9,37.2,131.0,18.28,-0.5,-0.866
1,25.463,92.2121,2015-06-13,35.4,305.8,420.8,506.4,144.6,1372.0,4.76,0.0,-1.0
1,27.35,87.6667,2010-08-24,19.4,92.1,192.6,355.9,45.5,1742.0,34.71,-0.866,-0.5
1,24.9111,94.4759,2015-08-01,3.9,116.5,247.0,363.4,67.0,1804.0,25.22,-0.866,-0.5
1,15.7067,73.9551,2011-08-07,31.6,77.7,333.0,578.6,93.6,16.0,2.86,-0.866,-0.5
1,29.8246,94.413,2016-06-18,3.7,16.6,45.6,92.9,9.6,4707.0,10.99,0.0,-1.0
1,27.8458,95.2253,2012-09-19,50.9,106.7,178.7,301.8,50.9,134.0,0.29,-1.0,-0.0
1,20.7844,97.0235,2014-10-17,6.1,16.8,30.2,36.1,8.1,1303.0,29.39,-0.866,0.5
1,28.0816,83.2934,2014-06-20,18.1,37.3,73.3,106.1,18.4,1544.0,38.62,0.0,-1.0
1,12.9368,77.6177,2016-07-09,0.3,5.8,53.2,139.2,23.5,905.0,0.64,-0.5,-0.866
1,27.88159864,83.77762394,2010-10-06,0.0,0.2,10.7,44.3,4.8,524.0,23.06,-0.866,0.5
1,33.33280503,75.21320384,2008-02-03,18.5,24.2,24.9,27.2,18.5,1506.0,33.17,0.866,0.5
1,27.8883,85.5097,2016-07-20,35.3,137.9,254.6,444.9,54.5,1458.0,41.03,-0.5,-0.866
1,18.2807,83.0394,2013-08-25,5.3,7.6,33.7,118.0,11.9,716.0,11.05,-0.866,-0.5
1,19.0997,72.8974,2010-08-17,16.6,26.0,42.6,148.8,16.6,23.0,0.57,-0.866,-0.5
1,27.3667,86.0868,2009-09-05,16.5,29.6,66.6,228.0,16.5,777.0,24.88,-1.0,-0.0
1,23.8986,91.7599,2010-06-03,3.9,14.2,110.3,238.1,68.1,212.0,15.44,0.0,-1.0
1,31.944,77.1179,2010-09-20,7.5,40.7,72.3,168.7,24.7,1337.0,17.48,-1.0,-0.0
1,28.0054,82.68,2014-06-19,11.8,21.7,33.4,42.8,11.8,1660.0,9.63,0.0,-1.0
1,33.1253,74.8288,2014-09-03,16.9,28.5,28.9,36.2,16.9,805.0,22.1,-1.0,-0.0
1,33.0716,74.839,2016-08-07,13.1,39.2,100.5,169.2,43.0,460.0,5.49,-0.866,-0.5
1,34.0893,74.0241,2014-05-12,35.2,57.8,86.6,118.2,35.2,1374.0,23.84,0.5,-0.866
1,25.5265,93.8673,2010-10-09,17.5,66.6,102.8,184.9,31.4,1354.0,15.16,-0.866,0.5
1,27.80766085,84.69570744,2010-07-29,27.2,59.9,158.0,335.8,34.8,293.0,15.28,-0.5,-0.866
1,28.0297,85.0934,2015-08-21,19.9,116.6,205.8,321.3,58.3,1588.0,24.01,-0.866,-0.5
1,29.0387,82.7442,2013-08-19,15.8,32.0,60.6,153.1,15.8,2665.0,22.7,-0.866,-0.5
1,30.2524,78.9228,2013-06-24,18.5,26.8,27.7,368.4,18.5,751.0,34.56,0.0,-1.0
1,36.0282,74.548,2015-12-25,0.0,1.7,6.3,10.8,3.8,2596.0,38.43,-0.0,1.0
1,32.0987,77.1495,2010-09-06,10.4,27.6,206.2,282.0,63.1,1587.0,5.78,-1.0,-0.0
1,12.9746,80.2119,2015-11-14,3.8,37.6,190.0,258.7,75.0,7.0,0.57,-0.5,0.866
1,30.15,78.7753,2011-06-30,6.9,32.6,147.3,178.2,88.5,1625.0,15.58,0.0,-1.0
1,33.1445,75.5469,2015-04-03,3.6,56.8,120.7,126.7,44.5,1137.0,4.79,0.866,-0.5
1,26.1062,91.8717,2015-07-25,0.1,72.2,298.8,389.4,100.8,247.0,15.38,-0.5,-0.866
1,30.796,78.623,2010-09-04,44.0,157.6,215.0,305.9,92.0,1854.0,21.95,-1.0,-0.0
1,12.89163444,74.88548779,2010-06-25,64.9,134.6,174.5,534.5,64.9,60.0,3.98,0.0,-1.0
1,31.6865,77.1043,2016-07-31,4.7,30.1,93.1,145.2,42.5,1075.0,43.07,-0.5,-0.866
1,27.07,87.73,2010-08-24,13.6,97.0,186.3,347.3,52.7,1591.0,12.42,-0.866,-0.5
1,26.7973,88.1389,2016-08-09,4.1,15.7,60.6,209.8,23.8,562.0,22.91,-0.866,-0.5
1,31.1054,77.1727,2010-07-25,13.3,26.6,132.2,183.8,35.9,2178.0,23.67,-0.5,-0.866
1,28.2631,84.2461,2015-07-05,120.4,199.7,246.4,512.2,120.4,1870.0,28.22,-0.5,-0.866
1,30.9206,78.3276,2011-05-31,5.3,14.9,28.9,37.0,7.2,2390.0,41.89,0.5,-0.866
1,25.4788,94.1399,2010-10-09,13.3,60.4,102.9,200.2,25.3,1660.0,16.04,-0.866,0.5
1,28.2001,85.4611,2015-04-28,14.9,26.7,45.7,71.6,14.9,3043.0,11.01,0.866,-0.5
1,33.1078,74.7756,2015-08-06,3.3,7.0,46.2,139.7,19.4,1225.0,35.49,-0.866,-0.5
1,7.021,80.5913,2015-09-25,11.2,32.8,54.0,108.5,11.2,992.0,11.54,-1.0,-0.0
1,31.10587659,77.17798485,2011-07-12,2.7,26.1,70.5,120.4,22.2,2157.0,36.62,-0.5,-0.866
1,31.6817,77.1209,2015-12-07,0.0,0.0,0.9,9.3,0.6,1078.0,32.91,-0.0,1.0
1,28.2091,82.8541,2016-07-26,131.7,203.5,309.2,549.4,131.7,1710.0,25.41,-0.5,-0.866
1,32.7327,74.8556,2011-08-11,10.4,67.0,131.1,170.8,49.2,337.0,1.67,-0.866,-0.5
1,27.2644,88.1365,2009-08-19,36.7,130.5,346.8,651.4,83.6,1278.0,14.84,-0.866,-0.5
1,28.2741,83.7417,2013-08-09,19.6,74.8,113.1,166.1,39.8,894.0,35.57,-0.866,-0.5
1,35.1544,74.0453,2013-08-04,14.9,46.3,70.0,83.2,16.4,4062.0,23.26,-0.866,-0.5
1,33.7732,74.1011,2015-03-15,21.9,24.3,28.7,143.4,21.9,1054.0,11.98,1.0,0.0
1,28.1901,83.6972,2011-08-22,72.8,83.6,267.4,411.5,79.4,1070.0,27.08,-0.866,-0.5
1,27.3414,86.7506,2013-09-12,4.3,34.7,56.0,312.0,16.7,1452.0,27.92,-1.0,-0.0
1,27.5086,85.0855,2010-09-18,20.4,69.1,164.6,229.3,44.0,888.0,35.16,-1.0,-0.0
1,29.8521,80.553,2016-10-04,0.0,1.6,4.1,47.2,2.0,899.0,7.67,-0.866,0.5
1,7.1623,80.4484,2016-05-18,3.9,165.6,536.6,625.3,259.5,505.0,23.7,0.5,-0.866
1,27.04,88.264,2009-07-22,22.6,40.5,80.5,166.7,22.6,2045.0,22.6,-0.5,-0.866
1,25.6157,96.3167,2014-07-04,12.4,41.9,155.6,332.8,40.9,277.0,4.89,-0.5,-0.866
1,28.2912,83.9422,2014-06-30,16.4,89.6,151.4,711.2,50.3,1134.0,2.31,0.0,-1.0
1,28.0458,83.6695,2012-07-05,46.6,69.5,107.7,352.1,46.6,774.0,19.59,-0.5,-0.866
1,25.5006,90.0896,2014-10-20,0.2,0.5,11.4,31.8,8.1,48.0,7.25,-0.866,0.5
1,27.3167,86.5,2011-07-03,100.7,175.4,321.9,527.4,100.7,1727.0,11.16,-0.5,-0.866
1,30.3056,79.3286,2013-07-24,7.7,39.8,144.0,237.0,49.9,959.0,8.92,-0.5,-0.866
1,29.2484,79.5371,2010-09-18,74.1,241.0,284.0,356.5,146.8,489.0,1.74,-1.0,-0.0
1,26.1662,91.7138,2013-05-11,14.0,55.1,78.7,201.0,23.6,165.0,22.59,0.5,-0.866
1,28.02,84.96,2010-07-16,21.8,76.6,283.0,463.0,113.4,906.0,29.81,-0.5,-0.866
1,15.5935,73.9434,2011-06-14,35.4,105.3,298.5,517.5,70.9,6.0,1.15,0.0,-1.0
1,25.8376,94.5234,2013-08-04,8.9,17.1,31.1,96.0,10.2,801.0,11.21,-0.866,-0.5
1,34.9354,73.8295,2015-10-26,12.5,81.0,83.4,124.5,38.8,2984.0,32.16,-0.866,0.5
1,26.0481,94.4619,2013-08-04,10.4,22.2,38.0,140.2,10.5,856.0,20.94,-0.866,-0.5
1,22.6205,91.6591,2013-01-30,0.0,0.0,0.0,0.0,0.0,8.0,0.29,0.5,0.866
1,24.6997,85.6285,2016-06-05,0.0,0.6,9.3,23.8,4.1,223.0,18.21,0.0,-1.0
1,26.1324,91.8342,2014-09-22,58.2,143.6,184.9,256.2,68.0,71.0,4.79,-1.0,-0.0
1,27.7115,83.9072,2013-07-19,19.8,90.7,179.6,390.7,50.3,899.0,21.9,-0.5,-0.866
1,33.2451,75.2257,2007-08-06,6.7,10.0,18.1,35.1,6.7,801.0,36.95,-0.866,-0.5
1,31.4161,77.4153,2010-09-19,44.4,58.8,131.1,241.0,58.1,1885.0,20.22,-1.0,-0.0
1,29.5089,81.6693,2015-06-29,18.3,46.6,151.7,169.3,51.9,1631.0,32.75,0.0,-1.0
1,8.3295,77.1963,2010-12-09,2.8,54.7,87.6,278.7,26.3,29.0,5.15,-0.0,1.0
1,27.6788,85.514,2015-08-07,6.9,105.7,143.0,213.5,57.5,1779.0,25.61,-0.866,-0.5
1,30.4068,79.3351,2010-08-05,13.2,35.7,152.7,260.2,48.1,1091.0,30.22,-0.866,-0.5
1,33.0086,74.9426,2014-09-04,99.0,124.5,132.5,143.5,99.0,1515.0,35.67,-1.0,-0.0
1,27.1748,88.6458,2012-06-07,3.9,7.3,62.6,132.5,28.4,930.0,19.27,0.0,-1.0
1,7.2943,80.854,2014-10-26,14.0,41.5,101.6,230.8,28.9,872.0,12.97,-0.866,0.5
1,28.9,80.87,2008-07-18,44.5,115.8,359.6,505.6,170.5,1120.0,30.13,-0.5,-0.866
1,27.059,88.4694,2014-07-15,24.6,54.4,92.8,175.5,24.6,1189.0,13.83,-0.5,-0.866
1,28.2856,83.0426,2016-07-04,48.9,106.7,334.7,541.6,92.7,1949.0,27.6,-0.5,-0.866
1,15.4123,74.2664,2013-07-03,19.7,92.4,182.9,381.4,39.8,466.0,21.58,-0.5,-0.866
1,25.8702,94.7844,2016-07-28,3.4,14.1,101.9,199.0,41.0,1129.0,11.21,-0.5,-0.866
1,26.0214,94.5224,2015-08-19,26.3,47.6,81.7,184.8,26.3,1603.0,24.29,-0.866,-0.5
1,27.737,84.6073,2014-08-14,95.7,371.9,412.7,519.7,267.6,534.0,25.77,-0.866,-0.5
1,12.9141,74.856,2011-06-27,45.5,76.5,106.2,245.0,45.5,22.0,2.88,0.0,-1.0
1,29.9964,80.201,2013-07-28,16.8,46.9,192.9,739.0,77.3,2129.0,50.23,-0.5,-0.866
1,24.7459,93.4251,2015-08-11,11.8,27.0,98.3,265.9,38.3,769.0,7.64,-0.866,-0.5
1,33.6846,74.2453,2015-03-15,25.0,26.4,26.5,132.1,25.0,1374.0,18.08,1.0,0.0
1,27.8987,84.5386,2016-10-05,5.4,11.5,16.7,135.5,5.4,309.0,12.37,-0.866,0.5
1,27.5003,90.5081,2011-07-21,14.2,123.2,295.0,565.9,100.0,2133.0,20.39,-0.5,-0.866
1,26.8867642,88.28044714,2009-08-16,42.0,121.7,243.6,407.8,49.9,1556.0,22.35,-0.866,-0.5
1,33.3041,75.1982,2015-10-25,60.1,65.9,89.0,93.0,60.1,1999.0,40.54,-0.866,0.5
1,26.191688,91.810079,2016-12-15,0.0,0.0,0.0,0.5,0.0,106.0,6.85,-0.0,1.0
1,28.0257,85.7262,2015-05-12,26.4,37.6,67.6,104.6,26.4,3753.0,30.42,0.5,-0.866
1,18.7686,73.3678,2015-06-22,20.3,143.2,244.5,412.3,61.8,538.0,23.71,0.0,-1.0
1,25.2568,92.3825,2015-08-19,48.6,153.1,244.0,297.8,59.9,802.0,8.88,-0.866,-0.5
1,19.2046,84.1917,2014-10-12,71.2,102.8,109.1,119.7,71.2,1211.0,18.61,-0.866,0.5
1,34.6056,76.0539,2015-06-25,8.7,27.8,33.4,36.8,14.6,2864.0,36.13,0.0,-1.0
1,27.8835,96.9262,2015-08-16,16.7,37.3,63.8,193.9,16.7,956.0,28.69,-0.866,-0.5
1,29.1145,81.6865,2013-06-18,48.2,231.9,268.6,338.4,135.6,1645.0,30.26,0.0,-1.0
1,32.2239,76.3226,2015-07-18,5.1,134.1,162.2,344.7,89.4,1484.0,16.75,-0.5,-0.866
1,34.0347,73.3334,2011-02-06,35.4,53.3,55.0,61.0,35.4,1938.0,26.76,0.866,0.5
1,28.0822,96.5316,2016-05-01,5.1,17.6,58.4,330.4,24.7,543.0,23.9,0.5,-0.866
1,10.3018,77.1711,2009-11-08,53.5,140.1,208.3,293.0,58.5,1237.0,10.64,-0.5,0.866
1,22.4254,91.8022,2015-07-26,93.5,316.9,373.7,531.7,166.8,53.0,6.32,-0.5,-0.866
1,35.2882,73.2242,2015-10-26,20.5,73.3,75.0,109.0,32.8,859.0,42.12,-0.866,0.5
1,26.1295,91.7056,2014-09-22,58.2,143.6,184.9,256.2,68.0,130.0,2.99,-1.0,-0.0
1,32.2237,76.3369,2014-08-08,30.4,44.5,55.8,184.9,30.4,1560.0,15.39,-0.866,-0.5
1,27.3172,86.5,2012-08-28,20.5,40.1,95.0,220.4,20.5,1727.0,6.38,-0.866,-0.5
1,27.167,88.3652,2010-08-20,70.0,119.0,319.6,409.0,77.9,1516.0,20.85,-0.866,-0.5
1,27.4503,87.74,2016-08-09,19.6,35.9,69.7,292.9,19.6,1897.0,34.59,-0.866,-0.5
1,35.4825,73.9015,2013-08-03,6.1,13.6,15.0,22.9,6.1,1027.0,15.47,-0.866,-0.5
1,28.0084,82.821,2014-06-20,17.9,34.2,51.3,60.6,17.9,844.0,37.77,0.0,-1.0
1,25.6127,96.2961,2016-05-23,0.4,91.0,132.6,157.5,50.8,354.0,6.47,0.5,-0.866
1,31.5986,78.4384,2013-06-16,84.2,111.4,132.6,132.6,84.2,2273.0,48.67,0.0,-1.0
1,18.7828,82.7935,2015-09-16,42.3,181.3,296.0,319.9,72.9,888.0,1.62,-1.0,-0.0
1,28.5746,77.2791,2015-12-24,0.0,0.0,0.0,0.2,0.0,203.0,0.0,-0.0,1.0
1,28.2924,83.871,2015-08-17,25.0,120.8,172.0,345.8,48.3,1243.0,32.53,-0.866,-0.5
1,34.1802,74.2718,2011-04-17,24.4,37.5,48.9,107.5,24.4,1587.0,2.95,0.866,-0.5
1,30.5151,78.3684,2010-08-09,6.8,27.6,83.4,299.2,27.7,814.0,24.35,-0.866,-0.5
1,30.365,78.0641,2010-08-26,28.2,51.1,132.3,473.5,31.1,770.0,5.74,-0.866,-0.5
1,30.557,79.56,2007-07-30,20.6,58.6,237.0,490.6,72.6,1849.0,19.36,-0.5,-0.866
1,16.5141,80.6058,2010-10-11,0.0,0.0,37.0,89.7,16.7,102.0,21.35,-0.866,0.5
1,25.5718,94.1211,2010-08-21,5.4,32.0,66.9,161.0,14.0,1649.0,29.31,-0.866,-0.5
1,28.0537,83.961,2011-07-02,23.9,160.9,249.2,334.7,87.1,983.0,22.05,-0.5,-0.866
1,26.9122,87.919,2008-08-10,22.2,35.4,89.9,171.7,22.2,1018.0,21.91,-0.866,-0.5
1,26.1807,94.5497,2013-08-04,15.0,32.1,71.1,232.7,23.0,1658.0,13.18,-0.866,-0.5
1,31.6223,78.0193,2013-06-17,62.8,168.0,238.4,249.7,83.4,2461.0,10.93,0.0,-1.0
1,27.6072,86.9985,2009-08-20,44.1,101.0,161.6,356.7,44.1,3632.0,47.4,-0.866,-0.5
1,27.3746,88.7648,2009-08-26,10.1,54.1,151.7,537.2,39.5,3751.0,0.0,-0.866,-0.5
1,31.5216,78.1346,2014-08-20,0.0,0.2,23.3,44.4,14.1,1932.0,47.94,-0.866,-0.5
1,11.855,75.361,2007-07-20,75.2,96.3,227.8,365.7,75.2,0.0,0.0,-0.5,-0.866
1,32.9522,75.1533,2012-12-11,2.0,2.0,2.0,15.0,2.0,979.0,27.94,-0.0,1.0
1,26.1963,91.8074,2016-07-14,10.4,29.3,133.7,344.0,35.7,196.0,2.18,-0.5,-0.866
1,34.2092,74.321,2015-03-05,7.1,17.0,86.8,221.6,39.4,1574.0,32.21,1.0,0.0
1,27.5509,88.6475,2010-07-21,36.1,112.6,309.0,825.2,73.4,1486.0,37.26,-0.5,-0.866
1,30.1035,78.4265,2010-09-19,19.8,165.5,215.9,337.2,127.9,774.0,36.66,-1.0,-0.0
1,22.0104,91.9538,2015-06-01,0.2,4.3,7.9,27.2,3.0,9.0,0.91,0.0,-1.0
1,32.351,77.2234,2009-09-03,10.4,23.5,61.3,94.3,22.6,3275.0,20.67,-1.0,-0.0
1,24.1077,94.0396,2015-08-01,11.3,392.8,594.3,834.6,203.7,1253.0,6.02,-0.866,-0.5
1,25.6633,94.4703,2010-10-08,27.3,70.3,87.8,151.4,27.3,1443.0,3.58,-0.866,0.5
1,18.3297,82.9565,2014-10-12,199.7,205.9,221.4,240.2,199.7,1040.0,9.6,-0.866,0.5
1,27.201,88.4883,2007-09-07,140.6,284.7,385.2,493.6,140.6,379.0,41.46,-1.0,-0.0
1,27.8324,84.5512,2016-07-23,11.0,130.6,437.1,617.2,168.6,255.0,30.96,-0.5,-0.866
1,30.7007,77.8644,2016-05-23,23.9,23.9,24.4,64.3,23.9,2088.0,26.34,0.5,-0.866
1,34.3427,73.4359,2014-03-19,0.0,37.2,56.5,154.7,27.1,1039.0,35.1,1.0,0.0
1,10.92631521,77.79584597,2017-05-12,5.6,13.8,17.6,25.4,5.6,216.0,0.29,0.5,-0.866
1,27.8426,85.3418,2015-08-28,15.9,68.6,101.6,274.8,33.2,1016.0,27.57,-0.866,-0.5
1,7.4695,80.6121,2011-01-09,141.2,270.6,323.6,377.4,141.2,447.0,9.6,0.5,0.866
1,28.6363,77.3957,2015-01-05,0.0,0.8,5.0,5.0,4.2,203.0,1.83,0.5,0.866
1,31.4135,77.895,2010-09-15,2.7,74.4,152.8,197.3,64.8,3700.0,53.1,-1.0,-0.0
1,33.3308,75.1774,2011-02-16,5.9,30.9,91.0,222.9,47.0,1814.0,43.19,0.866,0.5
1,35.5063,73.8056,2016-04-03,32.5,59.8,63.9,125.8,32.5,961.0,14.55,0.866,-0.5
1,33.908,73.9339,2012-11-30,0.0,19.4,21.7,29.6,10.7,2218.0,25.76,-0.5,0.866
1,9.7268,76.8081,2012-08-17,35.7,55.0,108.8,179.9,35.7,278.0,15.94,-0.866,-0.5
1,36.1736,74.3001,2010-09-07,2.2,6.1,11.7,50.6,3.5,2244.0,35.34,-1.0,-0.0
1,29.346,81.0083,2015-08-10,17.0,21.3,100.8,238.4,33.6,1814.0,18.72,-0.866,-0.5
1,27.5778,85.1717,2016-10-02,3.6,18.3,35.7,152.3,8.3,1387.0,20.91,-0.866,0.5
1,26.9865,87.8982,2015-09-05,1.6,114.7,254.9,584.4,83.3,1204.0,11.12,-1.0,-0.0
1,34.0952,73.4942,2010-02-09,20.3,155.1,198.8,237.7,94.7,623.0,34.5,0.866,0.5
1,29.2409,95.9761,2012-06-06,19.3,88.0,159.1,200.0,43.0,4417.0,12.26,0.0,-1.0
1,34.5382,74.2493,2014-08-17,0.3,70.7,86.3,99.4,52.7,1665.0,19.34,-0.866,-0.5
1,28.4513,82.2801,2013-06-18,101.1,188.8,212.9,275.6,101.1,1334.0,12.39,0.0,-1.0
1,29.3802,79.4633,2013-07-12,12.0,33.8,105.2,228.5,37.7,1938.0,4.36,-0.5,-0.866
1,21.38070054,92.01072983,2012-06-24,107.7,187.5,251.1,370.0,107.7,75.0,4.89,0.0,-1.0
1,28.1436,84.6979,2015-04-10,0.0,0.0,0.5,23.1,0.5,765.0,25.82,0.866,-0.5
1,26.99195749,88.42280921,2011-07-17,13.2,154.3,249.3,446.2,86.9,322.0,33.04,-0.5,-0.866
1,32.2862,77.1613,2008-03-17,0.0,0.3,1.7,8.1,1.1,2422.0,32.88,1.0,0.0
1,27.703,85.3183,2011-07-21,10.7,76.7,133.2,318.0,37.7,1295.0,0.86,-0.5,-0.866
1,29.9,81.1333,2008-08-18,8.4,29.2,69.6,129.7,13.5,4325.0,29.5,-0.866,-0.5
1,28.0306,83.8617,2010-07-04,41.3,78.2,106.2,267.7,41.3,845.0,23.29,-0.5,-0.866
1,30.8928,78.48,2013-07-25,5.8,38.1,94.0,159.6,23.8,3582.0,33.65,-0.5,-0.866
1,15.5931,73.8119,2011-06-17,21.2,100.4,219.6,559.4,58.6,49.0,5.46,0.0,-1.0
1,32.7029,75.9568,2010-08-26,4.9,15.4,52.7,180.2,11.0,2005.0,39.03,-0.866,-0.5
1,33.6296,74.5264,2016-07-02,12.0,63.3,84.5,307.4,46.6,3455.0,6.02,-0.5,-0.866
1,30.9009,77.4668,2010-09-19,81.2,110.7,272.0,532.5,129.5,2422.0,3.84,-1.0,-0.0
1,18.7631,73.3471,2015-08-15,8.0,25.1,50.7,138.0,10.0,399.0,32.99,-0.866,-0.5
1,27.59,86.1,2010-09-02,12.5,50.6,118.0,395.8,24.3,1553.0,30.82,-1.0,-0.0
1,31.9906,76.7907,2013-07-06,53.2,88.1,124.2,223.5,53.2,1199.0,8.19,-0.5,-0.866
1,11.3432,76.8285,2015-11-07,2.6,21.7,94.6,139.0,31.1,1274.0,50.11,-0.5,0.866
1,19.0402,72.9089,2013-08-22,2.8,12.6,61.7,191.2,22.1,45.0,5.39,-0.866,-0.5
1,7.0543,80.693,2015-09-25,11.6,55.1,83.2,126.4,23.5,837.0,7.48,-1.0,-0.0
1,28.3962,83.2549,2013-09-02,51.7,68.5,118.1,176.3,51.7,2065.0,9.49,-1.0,-0.0
1,28.1906,82.314,2010-10-02,0.0,2.6,6.6,69.9,2.4,821.0,35.38,-0.866,0.5
1,27.8178,84.4443,2016-06-27,9.7,23.4,72.6,270.7,26.4,289.0,25.5,0.0,-1.0
1,35.7497,71.7059,2015-02-25,14.5,108.0,146.2,180.1,68.6,1800.0,34.34,0.866,0.5
1,28.1321,84.4723,2016-07-01,58.7,95.4,165.6,308.4,58.7,953.0,13.21,-0.5,-0.866
1,27.7223,83.4763,2010-06-30,3.7,10.4,56.3,194.4,16.5,407.0,33.33,0.0,-1.0
1,30.4521,78.754,2013-07-27,5.0,18.2,63.4,166.5,15.8,2037.0,7.26,-0.5,-0.866
1,28.0401,83.8901,2010-08-25,8.3,318.6,522.5,611.9,163.1,820.0,28.57,-0.866,-0.5
1,6.9794,81.071,2011-02-01,79.7,107.9,144.9,155.2,79.7,719.0,10.53,0.866,0.5
1,32.9834,75.6953,2016-08-07,20.2,66.6,91.6,149.6,44.1,1859.0,27.07,-0.866,-0.5
1,35.3539,74.8595,2010-08-20,1.9,13.9,42.0,115.9,8.6,2338.0,7.82,-0.866,-0.5
1,27.6991,84.4179,2011-07-02,33.6,165.3,230.7,319.3,79.1,177.0,1.72,-0.5,-0.866
1,9.8539,76.9468,2013-08-05,72.6,194.8,256.4,406.9,95.4,830.0,8.82,-0.866,-0.5
1,29.7535,80.4934,2016-06-30,44.0,56.4,109.3,172.2,44.0,1875.0,10.83,0.0,-1.0
1,29.184,81.6018,2007-09-02,9.4,39.0,99.1,168.1,22.9,1568.0,40.7,-1.0,-0.0
1,29.1964,81.7557,2008-08-15,19.9,50.2,89.4,215.2,22.0,3615.0,37.57,-0.866,-0.5
1,27.8916,85.5036,2010-09-02,17.0,44.6,123.2,330.9,26.9,1397.0,14.13,-1.0,-0.0
1,27.6314,85.0813,2015-07-16,15.9,90.4,117.5,239.1,68.7,1782.0,4.99,-0.5,-0.866
1,16.94054188,73.46485294,2010-07-25,83.5,267.8,603.4,754.7,181.8,49.0,12.16,-0.5,-0.866
1,30.742,78.4543,2013-08-18,12.6,36.7,103.3,299.6,30.9,1184.0,18.05,-0.866,-0.5
1,26.159,91.8178,2014-09-22,58.2,143.6,184.9,256.2,68.0,68.0,8.82,-1.0,-0.0
1,29.4578,81.4655,2016-07-16,34.3,74.6,118.1,219.7,34.3,1571.0,21.06,-0.5,-0.866
1,26.3333,91.25,2008-10-29,0.0,57.9,69.7,69.7,57.9,42.0,0.0,-0.866,0.5
1,33.3551,74.5128,2014-09-06,65.9,354.4,407.5,413.6,165.6,1818.0,16.14,-1.0,-0.0
1,26.72,95.029,2013-07-01,17.2,74.6,139.1,251.6,42.5,717.0,7.77,-0.5,-0.866
1,25.4192,94.108,2011-07-29,14.8,31.6,96.5,314.4,20.5,1400.0,10.02,-0.5,-0.866
1,35.31194721,76.31257094,2011-07-31,2.2,8.1,18.4,20.3,6.1,5054.0,10.1,-0.5,-0.866
1,14.8009,74.118,2016-10-11,5.1,45.5,59.1,73.6,25.9,3.0,8.05,-0.866,0.5
1,27.3736,88.7323,2013-09-07,2.0,31.0,151.3,297.9,45.6,3454.0,30.73,-1.0,-0.0
1,28.4202,84.8996,2015-05-03,1.9,7.1,47.7,91.1,18.7,1962.0,22.86,0.5,-0.866
1,27.1861,87.1305,2016-07-24,106.1,246.4,494.1,626.7,110.5,1764.0,25.7,-0.5,-0.866
1,27.0095,88.2592,2009-05-26,128.9,186.7,286.4,373.2,128.9,2196.0,39.92,0.5,-0.866
1,27.7667,86.1334,2009-09-07,5.1,43.2,66.0,171.3,27.2,1478.0,30.87,-1.0,-0.0
1,6.7646,80.8682,2011-01-11,4.6,113.8,325.3,535.9,99.9,952.0,23.59,0.5,0.866
1,25.1718,93.123,2009-08-27,7.3,20.5,103.1,274.9,42.2,693.0,17.11,-0.866,-0.5
1,28.4493,82.9305,2013-09-02,9.3,30.9,84.0,150.3,21.4,2491.0,19.59,-1.0,-0.0
1,22.6461,88.3403,2007-08-31,6.8,12.2,46.3,109.4,10.8,8.0,0.64,-0.866,-0.5
1,36.0972,72.4515,2015-07-27,7.8,20.4,34.3,76.6,9.2,2787.0,9.37,-0.5,-0.866
1,32.5552,76.1249,2013-06-12,74.9,182.4,185.4,194.2,101.6,923.0,6.23,0.0,-1.0
1,11.4991,76.4949,2013-06-25,19.9,52.9,133.4,321.3,36.9,955.0,7.13,0.0,-1.0
1,27.5205,89.7466,2012-09-14,28.7,101.2,112.7,168.8,51.2,2548.0,25.14,-1.0,-0.0
1,27.0736,88.4779,2009-08-20,50.9,102.7,456.5,709.0,126.6,1176.0,10.78,-0.866,-0.5
1,27.0366,88.263,2010-08-05,10.3,42.7,154.4,426.1,73.6,2098.0,22.58,-0.866,-0.5
1,30.5728,77.6521,2013-06-16,84.0,102.3,138.3,186.8,84.0,889.0,30.52,0.0,-1.0
1,29.33,80.1,2008-07-18,160.8,208.3,334.7,520.2,160.8,1601.0,12.25,-0.5,-0.866
1,16.93911427,73.4745894,2010-07-24,96.2,253.8,563.4,676.9,181.8,37.0,11.89,-0.5,-0.866
1,28.2724,83.7412,2014-11-14,1.3,1.4,1.5,18.7,1.3,885.0,9.16,-0.5,0.866
1,31.8028,76.757,2015-08-08,38.9,181.7,229.5,375.8,127.3,720.0,15.38,-0.866,-0.5
1,35.3063,75.6414,2010-06-04,8.8,12.1,22.6,82.1,10.5,2203.0,13.74,0.0,-1.0
1,19.1646,72.9325,2010-06-08,1.5,11.8,21.0,22.0,7.7,30.0,3.54,0.0,-1.0
1,30.81507336,78.2242533,2011-06-29,14.2,51.7,156.2,215.2,61.4,1320.0,17.47,0.0,-1.0
1,25.426,94.6024,2013-10-13,0.0,0.1,24.6,97.2,16.2,1311.0,22.88,-0.866,0.5
1,28.3884,82.2826,2010-08-19,16.1,97.6,148.2,207.3,65.7,1890.0,21.15,-0.866,-0.5
1,28.178,83.6987,2011-07-14,86.0,138.2,175.8,458.5,86.0,1423.0,14.68,-0.5,-0.866
1,34.2689,75.1495,2015-07-21,8.0,24.8,70.1,147.1,17.2,2206.0,6.52,-0.5,-0.866
1,31.703,76.936,2013-07-07,56.3,185.0,201.0,274.3,95.1,760.0,19.8,-0.5,-0.866
1,26.0093,94.5238,2010-07-06,3.5,17.5,101.2,289.8,28.9,1828.0,10.62,-0.5,-0.866
1,27.1614,93.7525,2013-09-02,12.2,37.3,78.9,156.6,18.0,150.0,5.46,-1.0,-0.0
1,18.241,73.4469,2016-06-26,20.6,120.4,207.3,290.5,64.5,431.0,22.2,0.0,-1.0
1,26.1868,91.6739,2015-09-01,42.7,141.8,243.4,444.9,88.3,50.0,1.67,-1.0,-0.0
1,25.51614662,94.2341227,2011-06-21,17.0,51.5,116.9,420.7,31.5,1623.0,21.07,0.0,-1.0
1,30.2902,79.151,2013-07-23,13.2,53.5,144.4,238.1,49.9,799.0,7.75,-0.5,-0.866
1,12.8277,75.0772,2010-07-21,29.8,125.0,272.8,325.1,52.1,71.0,8.48,-0.5,-0.866
1,33.9861,73.8369,2016-03-20,11.0,57.9,132.8,250.0,38.7,1927.0,22.4,1.0,0.0
1,17.8975,73.2961,2010-06-19,4.5,83.0,346.6,433.2,81.8,210.0,2.92,0.0,-1.0
1,29.0834,81.5834,2010-08-30,24.5,54.8,171.0,486.2,75.4,1898.0,24.39,-0.866,-0.5
1,30.2733,79.233,2013-07-24,7.7,39.8,144.0,237.0,49.9,1020.0,50.77,-0.5,-0.866
1,15.3739,73.8911,2016-06-23,81.1,149.6,249.5,432.0,81.1,57.0,2.72,0.0,-1.0
1,31.9563,77.1135,2015-07-26,14.7,42.2,166.4,310.8,62.2,1205.0,10.39,-0.5,-0.866
1,34.2946,75.4832,2013-04-26,16.5,21.5,42.5,62.6,16.5,3473.0,2.02,0.866,-0.5
1,27.0257,88.4301,2015-06-17,18.4,40.3,98.3,161.6,21.9,307.0,38.06,0.0,-1.0
1,33.4209,75.2045,2012-01-13,0.0,0.0,5.5,68.5,5.3,1602.0,17.78,0.5,0.866
1,30.6326,78.9953,2014-07-20,16.1,135.3,263.2,335.9,76.5,1901.0,11.35,-0.5,-0.866
1,30.306,78.0648,2016-05-22,0.5,2.6,2.6,12.1,1.7,652.0,1.92,0.5,-0.866
1,31.0826,78.066,2013-08-18,10.2,23.2,84.5,228.8,32.9,2208.0,13.79,-0.866,-0.5
1,27.7565,88.632,2012-06-07,2.6,6.3,27.8,47.5,8.0,3893.0,14.7,0.0,-1.0
1,28.1631,85.9834,2012-05-01,0.4,3.4,11.1,35.4,2.7,3800.0,30.65,0.5,-0.866
1,27.5002,86.5833,2012-09-17,28.1,116.0,294.4,357.3,83.2,2236.0,29.07,-1.0,-0.0
1,30.1642,78.2936,2016-07-17,114.5,219.2,260.5,311.6,114.5,1058.0,32.22,-0.5,-0.866
1,32.9913,75.1915,2013-08-07,5.4,32.2,105.1,198.6,41.5,835.0,25.47,-0.866,-0.5
1,30.4084,77.0666,2010-08-22,34.6,68.1,191.0,233.5,109.5,299.0,0.29,-0.866,-0.5
1,28.0022,85.133,2016-06-29,57.0,138.7,232.7,420.9,57.0,1380.0,21.93,0.0,-1.0
1,6.6643,80.3897,2008-05-30,14.0,26.3,47.8,86.1,14.0,74.0,3.97,0.5,-0.866
1,35.6825,71.7675,2016-07-19,0.0,14.3,15.1,22.8,10.4,1362.0,23.81,-0.5,-0.866
1,26.5836,93.0038,2011-07-24,7.7,43.9,185.2,440.8,53.9,68.0,0.29,-0.5,-0.866
1,27.9783,84.8982,2012-08-15,1.6,13.7,39.8,202.8,10.2,1085.0,24.03,-0.866,-0.5
1,25.1333,93.9667,2007-08-31,7.9,26.7,127.0,163.2,66.0,1009.0,2.99,-0.866,-0.5
1,15.7156,73.8049,2013-09-30,1.9,16.5,43.5,285.5,12.1,24.0,6.17,-1.0,-0.0
1,25.5576,91.8506,2007-08-26,16.3,29.4,61.4,324.8,16.3,1669.0,5.69,-0.866,-0.5
1,28.54,83.62,2010-08-01,3.8,96.8,194.9,505.2,82.0,2723.0,29.74,-0.866,-0.5
1,15.4951,73.8288,2014-05-22,0.9,12.1,12.4,66.5,9.7,45.0,12.46,0.5,-0.866
1,14.229,74.8122,2008-08-12,58.1,221.2,399.2,630.9,85.4,294.0,46.24,-0.866,-0.5
1,25.0634,94.3415,2015-07-31,50.8,125.2,194.1,316.9,50.8,1742.0,27.78,-0.5,-0.866
1,30.8183,78.6186,2010-08-20,15.5,113.9,175.6,300.4,59.3,1620.0,20.7,-0.866,-0.5
1,30.1176,78.7472,2014-08-15,33.4,81.9,101.6,241.0,40.6,1458.0,19.07,-0.866,-0.5
1,27.8884,85.2118,2015-08-29,14.6,49.0,79.3,354.3,21.7,1016.0,24.34,-0.866,-0.5
1,27.6832,85.4434,2010-08-23,61.5,107.9,222.3,339.5,61.5,1341.0,2.06,-0.866,-0.5
1,24.837,93.9128,2010-10-08,27.2,71.0,78.7,100.6,27.2,813.0,10.76,-0.866,0.5
1,18.2733,83.0645,2010-10-31,75.9,126.4,132.3,185.2,75.9,698.0,30.83,-0.866,0.5
1,27.8852,83.6275,2013-07-22,29.6,45.6,181.7,353.2,55.6,971.0,20.72,-0.5,-0.866
1,27.1499,88.38,2007-07-16,18.7,41.7,276.6,487.9,71.1,1099.0,28.86,-0.5,-0.866
1,6.9634,80.3643,2008-04-28,12.2,51.6,86.7,199.3,28.1,639.0,39.97,0.866,-0.5
1,20.8482,92.4524,2010-10-07,63.1,154.6,166.7,235.9,65.9,144.0,19.59,-0.866,0.5
1,28.2636,83.9724,2011-07-19,119.9,158.6,381.3,544.7,119.9,990.0,0.81,-0.5,-0.866
1,27.1954,88.6115,2009-09-17,12.2,25.9,114.0,184.7,76.0,487.0,6.68,-1.0,-0.0
1,27.891,85.149,2011-09-25,8.8,38.2,91.3,194.4,22.1,552.0,7.13,-1.0,-0.0
1,26.908,87.9258,2009-08-19,37.6,119.1,269.7,489.1,45.3,1177.0,12.87,-0.866,-0.5
1,28.2465,85.3644,2016-06-28,46.8,112.9,190.9,376.9,46.8,1713.0,38.73,0.0,-1.0
1,27.3329,86.0798,2012-08-21,13.4,29.4,71.1,148.2,17.1,1064.0,26.12,-0.866,-0.5
1,27.1032,93.6884,2011-07-19,10.9,70.7,188.1,228.3,40.9,149.0,2.64,-0.5,-0.866
1,19.1993,73.0109,2010-08-17,14.6,20.6,31.4,106.0,14.6,187.0,18.45,-0.866,-0.5
1,35.3526,74.8683,2010-07-29,11.1,47.1,47.3,112.3,18.2,2216.0,15.91,-0.5,-0.866
1,22.2092,92.1868,2015-08-20,38.5,100.7,129.1,214.2,38.5,92.0,14.68,-0.866,-0.5
1,27.0375,88.2627,2010-08-06,7.2,39.2,88.0,393.5,21.7,2050.0,20.16,-0.866,-0.5
1,30.7866,78.6171,2013-07-25,10.5,44.6,129.5,248.5,26.5,1544.0,16.58,-0.5,-0.866
1,25.4916,91.2698,2010-06-28,86.2,255.6,379.5,540.9,93.7,1490.0,9.11,0.0,-1.0
1,28.2826,83.7508,2013-08-06,15.3,32.9,51.3,133.8,15.7,967.0,27.48,-0.866,-0.5
1,30.4008,79.0278,2010-09-03,22.2,45.4,89.3,234.1,26.1,1040.0,20.0,-1.0,-0.0
1,27.13862165,88.22551799,2011-08-23,11.4,73.3,375.9,570.5,254.7,843.0,20.79,-0.866,-0.5
1,27.2317,86.822,2011-07-19,27.9,86.4,286.3,523.6,97.7,1419.0,20.72,-0.5,-0.866
1,6.7397,80.1744,2008-04-27,16.8,62.9,92.6,304.5,28.2,15.0,1.74,0.866,-0.5
1,33.5452,73.7062,2007-01-05,0.0,0.0,0.0,0.0,0.0,535.0,4.09,0.5,0.866
1,34.0935,74.9112,2007-03-12,39.5,87.8,101.3,218.6,39.5,1968.0,15.38,1.0,0.0
1,7.1907,80.0317,2008-05-01,1.7,8.8,54.8,84.2,15.9,43.0,0.29,0.5,-0.866
1,9.5207,77.0198,2011-06-02,51.4,181.0,271.2,329.3,105.0,449.0,17.95,0.0,-1.0
1,27.163,94.0,2008-08-14,13.5,31.7,149.5,284.6,52.7,95.0,0.86,-0.866,-0.5
1,28.2929,82.2617,2010-07-13,20.1,68.8,114.7,200.5,24.8,893.0,1.18,-0.5,-0.866
1,30.9058,78.0906,2013-07-24,5.0,31.8,63.0,103.3,13.6,1568.0,12.39,-0.5,-0.866
1,28.2568,85.3679,2016-09-11,39.0,78.2,198.8,346.8,45.1,1736.0,21.99,-1.0,-0.0
1,26.1619,91.7697,2014-06-27,7.0,40.5,168.1,287.1,59.1,55.0,0.41,0.0,-1.0
1,28.2748,83.7432,2015-07-29,58.7,70.2,108.9,407.3,58.7,889.0,18.36,-0.5,-0.866
1,33.9639,74.9597,2012-09-17,26.4,35.3,62.6,257.7,26.4,1589.0,3.85,-1.0,-0.0
1,27.7172,83.4658,2011-07-03,12.9,87.0,259.0,327.9,98.7,203.0,16.4,-0.5,-0.866
1,25.0604,93.9877,2007-09-08,23.5,76.1,169.4,275.1,52.3,1485.0,27.35,-1.0,-0.0
1,32.3665,77.0857,2013-10-11,2.7,7.5,8.5,36.2,4.2,3678.0,15.92,-0.866,0.5
1,25.0951,92.3567,2012-06-13,12.0,45.7,150.2,546.4,55.9,246.0,33.64,0.0,-1.0
1,27.0667,89.5833,2007-09-07,88.7,192.4,330.7,590.5,88.7,1834.0,25.77,-1.0,-0.0
1,30.4043,79.3308,2013-07-18,8.5,29.1,91.2,232.0,20.2,980.0,20.0,-0.5,-0.866
1,30.1454,78.6007,2010-09-18,118.4,137.0,207.6,391.4,118.4,519.0,33.21,-1.0,-0.0
1,21.786,83.8847,2013-08-10,2.8,30.8,112.8,173.8,30.2,204.0,2.24,-0.866,-0.5
1,27.2743,92.9064,2011-07-16,5.3,122.6,176.5,327.1,64.8,695.0,21.18,-0.5,-0.866
1,27.7884,84.4866,2010-09-06,14.5,32.7,88.4,500.2,17.7,717.0,31.1,-1.0,-0.0
1,26.9343,88.4486,2016-10-15,0.0,31.7,222.2,255.0,78.2,281.0,24.47,-0.866,0.5
1,12.89307458,74.88567317,2010-06-27,12.8,105.7,188.7,461.5,64.9,65.0,4.79,0.0,-1.0
1,25.6226,96.2946,2016-01-25,1.7,2.1,3.5,3.5,1.7,355.0,3.46,0.5,0.866
1,31.587,78.315,2008-09-19,64.4,89.2,91.4,110.6,64.4,2795.0,37.25,-1.0,-0.0
1,34.0887,74.0227,2010-10-21,1.8,4.0,4.9,7.1,1.8,1415.0,23.24,-0.866,0.5
1,7.1855,80.7675,2015-02-14,0.0,21.0,49.2,82.0,13.8,621.0,2.95,0.866,0.5
1,25.7238,89.9032,2014-09-23,3.3,63.1,106.4,140.6,34.7,30.0,3.26,-1.0,-0.0
1,26.8546,88.3373,2012-07-19,60.0,138.5,271.6,596.4,60.0,815.0,17.69,-0.5,-0.866
1,27.822,84.4935,2010-06-27,6.4,23.3,165.6,225.5,115.0,410.0,28.98,0.0,-1.0
1,10.007,76.7105,2012-08-17,36.2,56.3,116.5,194.0,36.2,43.0,2.24,-0.866,-0.5
1,24.9849,92.8411,2008-05-20,26.2,69.0,87.9,100.5,26.2,252.0,10.16,0.5,-0.866
1,28.7956,82.2314,2011-07-15,24.2,129.5,151.4,301.2,70.3,2238.0,10.99,-0.5,-0.866
1,33.0829,74.8333,2012-08-20,34.5,42.5,52.6,79.4,34.5,519.0,2.59,-0.866,-0.5
1,31.69137979,77.13222306,2011-08-06,10.7,35.5,45.8,203.8,14.3,926.0,32.21,-0.866,-0.5
1,29.88884727,80.56522226,2017-07-05,29.1,39.1,92.3,177.9,29.1,1231.0,33.51,-0.5,-0.866
1,27.9586,84.2805,2009-07-02,9.7,99.1,288.3,300.3,118.1,310.0,10.02,-0.5,-0.866
1,25.5007,93.9854,2015-07-22,20.6,86.7,171.4,302.0,34.4,1437.0,22.53,-0.5,-0.866
1,36.3085,74.8219,2010-05-15,0.6,3.9,11.0,45.6,6.5,2456.0,18.8,0.5,-0.866
1,31.1011,77.1793,2010-07-07,23.1,141.4,165.2,175.4,67.6,2244.0,25.16,-0.5,-0.866
1,31.5583,95.2747,2016-05-11,0.0,0.0,7.6,15.3,3.8,4180.0,27.32,0.5,-0.866
1,27.7657,84.4694,2016-01-28,0.0,0.0,0.6,7.3,0.6,197.0,5.25,0.5,0.866
1,28.058,83.3588,2010-09-17,79.1,192.6,245.7,348.8,95.0,864.0,35.97,-1.0,-0.0
1,28.0579,84.0719,2010-08-28,26.0,60.9,542.6,662.5,163.1,539.0,3.1,-0.866,-0.5
1,9.9983,76.7329,2014-06-22,1.3,38.9,99.0,179.7,27.2,43.0,7.33,0.0,-1.0
1,27.86624658,84.63118672,2010-09-17,32.6,205.6,276.3,389.8,101.4,316.0,8.53,-1.0,-0.0
1,27.20517346,86.65683342,2011-07-03,128.6,192.7,374.2,635.2,128.6,1776.0,3.46,-0.5,-0.866
1,34.8482,73.5651,2015-10-26,15.1,82.9,84.0,123.2,38.6,2212.0,15.31,-0.866,0.5
1,27.7,83.45,2011-07-01,59.3,211.2,247.6,315.1,98.7,285.0,18.79,-0.5,-0.866
1,33.4702,73.8859,2014-08-17,2.6,111.1,137.4,157.7,86.8,716.0,18.27,-0.866,-0.5
1,34.6651,73.961,2014-03-18,4.0,84.6,135.9,220.0,55.3,1809.0,42.77,1.0,0.0
1,24.3069,93.125,2010-09-16,6.4,37.7,81.6,151.2,21.6,719.0,24.6,-1.0,-0.0
1,25.6263,94.1057,2015-08-20,39.7,64.8,91.4,245.6,39.7,1546.0,19.5,-0.866,-0.5
1,30.3799,78.4862,2015-07-11,22.0,91.7,188.4,206.9,51.6,906.0,34.57,-0.5,-0.866
1,27.8609,85.7763,2014-08-25,5.6,27.2,83.9,452.9,18.9,1605.0,20.86,-0.866,-0.5
1,28.03,84.2945,2008-08-30,2.3,61.4,254.4,359.5,102.3,735.0,25.32,-0.866,-0.5
1,31.5041,77.9521,2010-07-07,7.9,92.4,107.4,132.3,48.6,3489.0,42.06,-0.5,-0.866
1,18.7687,73.3679,2015-08-01,7.8,32.0,101.8,237.8,19.6,538.0,23.71,-0.866,-0.5
1,34.0901,74.0256,2010-06-05,0.9,15.5,17.2,44.3,13.3,1307.0,11.75,0.0,-1.0
1,27.05,90.8,2008-08-29,85.6,236.0,407.1,521.4,104.2,719.0,38.91,-0.866,-0.5
1,28.1737,94.7596,2015-08-18,50.1,140.0,200.6,246.1,56.6,610.0,19.29,-0.866,-0.5
1,33.9337,74.9985,2008-04-05,43.1,58.7,89.6,105.3,43.1,1591.0,1.28,0.866,-0.5
1,27.0869,93.6086,2014-08-17,11.5,73.3,364.6,396.2,136.3,312.0,5.09,-0.866,-0.5
1,22.344,91.8188,2008-08-23,2.8,5.6,83.4,234.2,31.3,46.0,5.15,-0.866,-0.5
1,7.418396315,80.60846422,2010-04-27,9.2,30.4,60.1,142.5,19.1,456.0,9.25,0.866,-0.5
1,28.3034,83.3773,2010-07-26,4.8,142.7,236.1,552.9,130.2,2709.0,41.76,-0.5,-0.866
1,29.913,79.3532,2011-12-10,0.4,1.2,1.2,1.2,0.8,1017.0,12.12,-0.0,1.0
1,28.2656,83.8188,2015-07-30,102.1,170.5,208.5,263.6,102.1,1605.0,21.56,-0.5,-0.866
1,26.888,88.2796,2016-10-15,0.0,97.3,303.7,358.0,85.6,1520.0,20.56,-0.866,0.5
1,28.2782,84.2758,2013-07-18,149.4,296.7,526.6,1053.3,149.4,977.0,28.96,-0.5,-0.866
1,11.2695,76.2227,2009-09-19,18.9,105.1,172.7,284.3,54.9,28.0,2.7,-1.0,-0.0
1,18.3978,73.5086,2016-08-03,60.6,212.9,321.4,412.9,84.1,776.0,22.25,-0.866,-0.5
1,23.8447,93.0514,2015-08-26,17.4,34.5,89.1,176.2,27.4,1053.0,27.91,-0.866,-0.5
1,28.8665,79.5682,2011-08-12,14.4,57.5,76.4,141.3,21.8,203.0,0.0,-0.866,-0.5
1,27.0,86.71,2008-07-24,7.9,142.4,261.6,645.1,74.0,507.0,17.07,-0.5,-0.866
1,28.2322,83.7228,2014-08-27,14.4,71.0,122.6,393.2,48.2,942.0,5.27,-0.866,-0.5
1,29.722,80.5118,2013-06-17,158.5,276.3,322.5,346.4,158.5,1749.0,23.37,0.0,-1.0
1,26.0462,68.2767,2010-04-15,0.0,0.0,0.0,0.0,0.0,27.0,0.57,0.866,-0.5
1,27.0927,85.5502,2016-06-27,9.4,18.5,58.8,119.5,14.4,145.0,0.81,0.0,-1.0
1,28.28,83.55,2009-09-20,8.5,15.4,23.4,85.9,8.5,1783.0,28.11,-1.0,-0.0
1,34.1114,77.5874,2010-08-06,13.8,19.7,23.6,42.3,13.8,3233.0,3.08,-0.866,-0.5
1,33.2359,75.2439,2014-03-10,58.5,73.9,79.8,120.5,58.5,791.0,25.26,1.0,0.0
1,29.0697,82.106,2013-06-18,43.0,139.6,187.9,232.7,70.2,3644.0,13.37,0.0,-1.0
1,33.0365,74.4889,2014-09-26,0.0,1.0,1.0,2.4,1.0,625.0,9.85,-1.0,-0.0
1,25.5772,91.8666,2014-09-23,76.2,268.2,368.3,425.7,140.8,1469.0,6.26,-1.0,-0.0
1,9.9903,76.7898,2011-10-17,5.3,26.7,44.0,45.2,15.1,59.0,4.29,-0.866,0.5
1,27.2948,87.9377,2010-08-24,23.1,114.8,268.0,456.4,64.0,2029.0,33.03,-0.866,-0.5
1,16.94057232,73.46476377,2010-07-26,58.0,237.7,479.6,808.5,96.2,49.0,12.16,-0.5,-0.866
1,35.567,71.7986,2015-05-17,10.8,11.3,68.6,72.7,35.4,1284.0,4.88,0.5,-0.866
1,25.5498,92.0757,2012-06-13,13.9,34.3,85.8,332.0,20.5,1245.0,13.5,0.0,-1.0
1,6.9734,81.0836,2011-02-20,1.9,2.4,3.7,77.8,1.9,867.0,17.63,0.866,0.5
1,26.88405686,88.28087032,2009-08-20,109.9,167.5,346.0,538.4,109.9,1625.0,23.51,-0.866,-0.5
1,24.8142,93.5444,2012-06-10,9.9,17.1,35.6,224.1,10.3,562.0,26.3,0.0,-1.0
1,27.863,84.914,2007-08-10,2.2,25.6,69.3,415.2,16.3,1358.0,9.93,-0.866,-0.5
1,27.3425,88.2426,2013-09-01,35.9,56.8,126.2,218.3,35.9,1382.0,36.18,-1.0,-0.0
1,11.3237,76.9101,2015-11-07,0.5,25.1,87.2,115.7,31.7,325.0,1.62,-0.5,0.866
1,29.5477,79.3211,2010-09-19,28.1,221.4,262.3,347.2,119.3,828.0,21.66,-1.0,-0.0
1,29.5333,80.4333,2007-09-15,0.0,1.5,2.9,108.0,0.9,1309.0,9.65,-1.0,-0.0
1,30.6358,77.5435,2010-07-17,26.6,43.0,95.3,266.5,29.3,1636.0,38.07,-0.5,-0.866
1,25.0477,92.801,2010-07-25,9.9,29.6,73.3,223.4,13.4,184.0,20.63,-0.5,-0.866
1,35.2646,71.9975,2016-02-01,0.0,0.0,64.7,64.7,38.0,1471.0,10.16,0.866,0.5
1,25.70223725,94.04619681,2010-08-13,7.8,55.8,88.5,244.9,25.7,1016.0,12.32,-0.866,-0.5
1,27.1176,88.1069,2016-07-20,90.3,152.7,511.4,595.4,234.1,2018.0,23.78,-0.5,-0.866
1,28.2324,83.0006,2016-07-04,48.9,106.7,334.7,541.6,92.7,1593.0,25.97,-0.5,-0.866
1,30.7395,77.2847,2012-08-24,19.3,55.2,169.9,285.5,43.6,1582.0,32.75,-0.866,-0.5
1,29.3167,81.5833,2013-06-18,38.3,242.5,271.4,339.3,148.8,2150.0,35.38,0.0,-1.0
1,23.9723,96.8566,2010-10-06,12.2,20.1,41.4,181.1,19.8,389.0,17.3,-0.866,0.5
1,32.5655,76.1201,2012-02-16,0.3,9.3,67.1,118.6,29.8,812.0,16.19,0.866,0.5
1,33.3376,75.1922,2015-02-26,2.1,115.0,121.6,175.8,84.0,1185.0,18.34,0.866,0.5
1,28.089,84.4125,2008-08-30,2.2,62.6,263.8,399.6,105.3,968.0,32.09,-0.866,-0.5
1,32.3898,72.7253,2015-08-16,0.0,3.7,12.1,37.0,3.7,192.0,0.0,-0.866,-0.5
1,26.3185,94.5247,2016-06-14,8.5,65.3,169.8,269.1,44.2,1171.0,7.15,0.0,-1.0
1,28.1836,82.8643,2016-07-22,58.0,73.3,234.3,433.8,71.7,1720.0,22.87,-0.5,-0.866
1,27.5138,87.8086,2016-07-15,51.7,124.1,310.0,621.0,57.7,2170.0,30.34,-0.5,-0.866
1,11.81,78.2253,2015-09-07,2.3,27.1,49.1,50.3,20.9,1409.0,28.81,-1.0,-0.0
1,34.0823,74.056,2014-03-11,43.6,102.2,106.7,143.8,43.6,1336.0,18.08,1.0,0.0
1,32.2108,76.2833,2013-06-12,24.6,75.9,77.0,80.9,46.9,989.0,12.98,0.0,-1.0
1,28.3667,82.1667,2007-03-21,0.0,0.9,0.9,40.2,0.9,1276.0,26.34,1.0,0.0
1,26.1844,91.7896,2014-06-26,26.3,37.8,187.8,288.0,59.1,64.0,0.64,0.0,-1.0
1,19.1355,72.9981,2011-08-28,43.4,90.0,131.9,171.2,43.4,6.0,0.86,-0.866,-0.5
1,34.2607,75.4446,2015-05-30,0.5,7.6,45.0,62.9,15.5,3360.0,28.84,0.5,-0.866
1,28.1996,84.0011,2015-07-16,52.1,458.1,478.3,690.5,316.7,829.0,0.91,-0.5,-0.866
1,30.4517,78.1443,2015-07-24,5.8,49.2,92.6,274.6,26.7,2319.0,25.5,-0.5,-0.866
1,21.444,92.1117,2015-06-27,77.2,235.1,558.1,676.7,174.5,13.0,4.09,0.0,-1.0
1,30.6738,77.3544,2013-06-16,82.0,105.8,133.9,196.8,82.0,1516.0,15.38,0.0,-1.0
1,21.5202,91.9696,2012-03-08,0.0,0.0,19.2,23.0,11.9,10.0,2.0,1.0,0.0
1,24.2451,94.0691,2007-09-10,3.8,10.2,115.9,204.0,38.0,1349.0,25.2,-1.0,-0.0
1,27.21962595,89.5187916,2010-05-20,8.5,40.1,46.2,91.8,23.5,2152.0,19.04,0.5,-0.866
1,32.5764,75.8466,2011-08-27,16.1,33.6,70.4,152.7,19.7,806.0,13.7,-0.866,-0.5
1,20.855,77.7274,2012-06-20,0.0,3.8,14.4,24.5,4.5,338.0,0.64,0.0,-1.0
1,34.3061,77.3265,2010-08-06,10.7,15.5,17.8,25.0,10.7,4029.0,9.34,-0.866,-0.5
1,31.1066,77.209,2012-07-05,8.8,24.8,27.6,35.3,9.5,2297.0,33.05,-0.5,-0.866
1,25.6237,94.1136,2015-08-12,11.6,38.5,167.3,370.2,64.9,1610.0,22.85,-0.866,-0.5
1,33.1595,75.8011,2010-02-06,20.5,37.3,37.3,68.8,20.5,1094.0,30.94,0.866,0.5
1,34.11901266,73.87646407,2010-07-29,17.2,92.6,105.4,377.3,55.4,1148.0,25.94,-0.5,-0.866
1,26.8811,88.2779,2015-07-01,26.4,47.3,110.5,252.0,26.4,1498.0,15.92,-0.5,-0.866
1,28.3037,83.8005,2015-07-30,102.1,170.5,208.5,263.6,102.1,1859.0,53.56,-0.5,-0.866
1,27.30669194,86.77497513,2011-07-03,128.6,192.7,374.2,635.2,128.6,1569.0,18.59,-0.5,-0.866
1,15.8294,78.0501,2007-06-25,0.5,33.9,109.2,134.4,58.9,288.0,1.28,0.0,-1.0
1,9.9431,76.3738,2014-08-02,7.5,90.0,135.1,224.8,50.5,12.0,0.91,-0.866,-0.5
1,28.2265,82.553,2013-06-18,83.2,193.5,213.4,274.8,91.4,1449.0,22.38,0.0,-1.0
1,16.5121,80.6296,2010-05-20,53.7,70.9,71.2,73.6,53.7,25.0,0.41,0.5,-0.866
1,28.3685,82.3731,2014-12-15,17.0,51.0,51.0,51.0,26.3,2040.0,25.54,-0.0,1.0
1,27.1675,88.3651,2012-09-16,90.9,243.8,389.8,464.5,90.9,1551.0,26.57,-1.0,-0.0
1,32.99,75.1892,2016-06-21,9.1,20.2,43.7,74.3,11.7,876.0,32.29,0.0,-1.0
1,30.6179,78.3233,2012-08-17,4.1,17.9,76.6,220.2,15.9,927.0,39.35,-0.866,-0.5
1,27.6363,86.2326,2014-08-08,15.2,61.1,143.5,264.4,44.6,1944.0,10.74,-0.866,-0.5
1,35.2227,72.4258,2010-08-08,13.1,44.4,64.4,410.8,19.7,2927.0,34.05,-0.866,-0.5
1,29.5388,80.9963,2013-06-18,26.0,282.7,331.3,403.6,183.5,2453.0,30.19,0.0,-1.0
1,33.3390327,75.1916877,2011-03-19,21.6,27.0,27.0,27.0,21.6,1209.0,26.06,1.0,0.0
1,31.13,77.09,2008-08-08,64.1,82.9,159.6,224.1,64.1,1720.0,36.99,-0.866,-0.5
1,34.4989,73.0549,2014-09-19,0.0,0.0,0.8,79.5,0.8,1182.0,3.15,-1.0,-0.0
1,35.359,74.8686,2015-10-26,5.8,41.9,46.5,88.3,20.3,2205.0,24.19,-0.866,0.5
1,29.8496,80.5544,2007-09-11,0.9,1.4,70.6,146.8,46.4,1007.0,33.47,-1.0,-0.0
1,32.3709,77.2466,2011-06-14,1.5,6.5,7.1,43.1,4.5,3995.0,21.43,0.0,-1.0
1,28.3853,83.4625,2015-07-30,74.9,131.3,151.1,189.0,74.9,1040.0,11.4,-0.5,-0.866
1,24.4072,94.0644,2015-08-01,6.6,246.1,385.0,548.9,143.9,1148.0,26.58,-0.866,-0.5
1,27.758,85.4197,2016-06-28,12.7,54.1,108.5,321.6,25.5,1381.0,8.7,0.0,-1.0
1,30.3629,79.2143,2013-07-10,4.3,32.1,134.8,278.7,38.3,1642.0,6.1,-0.5,-0.866
1,28.1981,81.8494,2010-09-27,0.0,3.4,23.0,116.4,8.8,320.0,4.29,-1.0,-0.0
1,23.7527,92.694,2010-09-16,12.6,44.4,75.1,138.8,16.8,793.0,24.01,-1.0,-0.0
1,33.0107,74.9397,2010-10-22,7.5,13.8,19.0,20.7,7.5,1423.0,36.39,-0.866,0.5
1,30.7351,79.0666,2013-06-16,132.7,183.7,224.5,227.2,132.7,3545.0,3.2,0.0,-1.0
1,27.8868,85.5107,2014-08-27,10.9,22.2,59.3,500.1,17.8,1406.0,38.74,-0.866,-0.5
1,26.138,94.25,2008-08-19,36.9,81.1,115.0,221.9,36.9,1021.0,13.23,-0.866,-0.5
1,31.958,77.1104,2010-08-11,49.9,65.1,132.2,319.0,49.9,1227.0,1.03,-0.866,-0.5
1,35.8562,74.5101,2013-05-26,19.6,37.0,42.2,55.6,19.6,1428.0,26.85,0.5,-0.866
1,10.9654,76.5516,2014-10-09,12.1,27.4,70.5,214.7,17.4,141.0,1.18,-0.866,0.5
1,35.4781,74.5049,2013-08-03,9.1,16.9,16.9,20.2,9.1,1221.0,12.24,-0.866,-0.5
1,36.3128,74.6511,2010-06-04,25.4,28.8,30.2,71.6,25.4,2160.0,8.52,0.0,-1.0
1,28.4763,83.5309,2010-07-26,4.8,142.7,236.1,552.9,130.2,1856.0,27.17,-0.5,-0.866
1,23.9939,94.0573,2015-08-01,11.3,392.8,594.3,834.6,203.7,968.0,18.61,-0.866,-0.5
1,26.49349035,91.72137514,2015-09-01,17.5,88.4,160.2,483.8,49.7,62.0,1.28,-1.0,-0.0
1,27.21782272,89.51924545,2010-07-13,41.8,123.3,353.3,548.8,151.5,2202.0,36.33,-0.5,-0.866
1,27.016,86.85,2007-08-10,3.3,7.4,21.1,183.4,5.6,899.0,21.06,-0.866,-0.5
1,11.3742,77.899,2015-10-31,13.8,20.2,25.6,35.4,13.8,330.0,40.44,-0.866,0.5
1,7.2805,80.6136,2010-12-04,45.7,118.9,225.6,425.2,63.0,563.0,13.0,-0.0,1.0
1,29.6491,94.3615,2011-06-13,1.7,23.0,63.0,153.0,12.8,2994.0,0.57,0.0,-1.0
1,21.9907,92.4951,2013-06-30,3.3,53.7,87.7,109.2,28.8,795.0,4.85,0.0,-1.0
1,27.58124358,83.85213651,2010-08-21,14.4,64.6,139.1,211.9,28.5,356.0,14.16,-0.866,-0.5
1,27.5072,86.1424,2016-07-18,34.5,76.6,191.6,361.8,39.0,883.0,1.62,-0.5,-0.866
1,29.9551,78.1677,2016-07-17,127.3,222.0,241.6,264.1,127.3,353.0,18.57,-0.5,-0.866
1,33.303,77.8876,2012-09-16,1.6,1.7,9.3,24.1,2.9,4905.0,19.81,-1.0,-0.0
1,32.1896,77.187,2011-07-25,17.3,28.3,41.7,59.6,17.3,1762.0,35.38,-0.5,-0.866
1,9.8232,77.1498,2012-08-17,26.5,38.8,66.7,109.3,26.5,878.0,4.36,-0.866,-0.5
1,35.6562,74.9448,2011-04-17,9.4,13.2,17.2,38.7,9.4,2392.0,24.52,0.866,-0.5
1,34.6534,73.4374,2011-02-06,43.8,75.5,86.2,92.4,43.8,1603.0,34.58,0.866,0.5
1,25.67,94.1066,2008-08-29,29.9,45.2,130.0,330.4,54.0,1408.0,21.6,-0.866,-0.5
1,28.2318,82.3527,2013-07-19,16.6,37.3,99.3,340.9,31.8,1570.0,18.16,-0.5,-0.866
1,16.5157,80.6525,2010-08-31,0.7,16.4,84.3,144.5,35.2,121.0,26.52,-0.866,-0.5
1,33.0289,74.9489,2010-01-03,5.3,5.3,5.3,5.3,5.3,1740.0,28.1,0.5,0.866
1,31.8833,78.6167,2009-09-10,34.2,57.0,63.6,71.5,34.2,3294.0,30.99,-1.0,-0.0
1,10.0486,76.7606,2013-08-05,79.2,218.5,286.0,440.9,120.5,59.0,6.05,-0.866,-0.5
1,35.1148,73.0068,2014-03-09,27.2,29.3,35.4,40.0,27.2,826.0,29.17,1.0,0.0
1,34.1482,77.5971,2010-08-06,12.1,17.5,20.8,30.8,12.1,3564.0,24.14,-0.866,-0.5
1,11.338,76.8806,2012-10-21,14.6,63.7,80.2,158.6,34.4,374.0,2.31,-0.866,0.5
1,24.9356,93.8443,2010-07-31,8.8,38.7,74.0,150.9,24.8,850.0,1.62,-0.5,-0.866
1,30.9086,77.1103,2010-09-19,71.2,86.0,205.7,416.6,106.8,1554.0,12.98,-1.0,-0.0
1,26.10973183,91.80317334,2017-07-06,4.2,75.7,273.4,402.4,87.0,65.0,0.29,-0.5,-0.866
1,6.7631,81.0209,2014-10-29,17.4,33.8,66.6,306.5,17.4,1056.0,26.46,-0.866,0.5
1,27.0638,88.4659,2011-06-20,5.9,53.7,109.0,139.3,40.7,1166.0,16.28,0.0,-1.0
1,19.0811,73.0226,2013-06-18,28.6,198.0,347.3,540.9,109.4,19.0,2.64,0.0,-1.0
1,7.5206,80.7014,2011-02-08,6.8,37.1,406.4,558.7,169.5,604.0,19.89,0.866,0.5
1,30.8974,77.0588,2016-10-03,1.0,3.9,7.0,21.2,2.1,1680.0,19.11,-0.866,0.5
1,16.9214,73.593,2013-06-25,30.4,71.1,124.8,416.0,30.4,69.0,8.37,0.0,-1.0
1,7.9329,81.0081,2011-01-09,73.1,267.6,342.9,371.3,187.0,47.0,0.57,0.5,0.866
1,32.6598,76.853,2010-07-07,4.1,55.3,56.2,67.1,43.1,3666.0,25.17,-0.5,-0.866
1,29.139,81.623,2016-08-06,11.4,34.2,108.9,297.3,31.2,1737.0,31.63,-0.866,-0.5
1,30.6494,79.5269,2015-08-15,9.1,41.7,118.8,462.3,33.4,2058.0,9.49,-0.866,-0.5
1,31.0722,77.1402,2013-07-02,3.7,6.0,32.4,66.3,13.7,1983.0,5.63,-0.5,-0.866
1,21.23291114,92.19905362,2010-06-15,69.7,222.4,289.5,328.1,92.2,49.0,7.75,0.0,-1.0
1,33.0498,74.6264,2013-08-14,24.7,54.1,113.5,263.7,31.3,778.0,20.08,-0.866,-0.5
1,24.7543,93.5039,2010-06-07,14.8,25.7,54.5,201.3,14.8,422.0,19.04,0.0,-1.0
1,18.9774,72.8102,2011-08-29,62.3,187.7,255.7,299.8,69.2,11.0,6.33,-0.866,-0.5
1,32.7571,77.4138,2010-08-04,5.8,8.5,8.5,26.3,5.8,4890.0,11.26,-0.866,-0.5
1,27.7625,83.5165,2016-07-25,37.7,60.1,184.8,365.1,67.3,600.0,27.51,-0.5,-0.866
1,29.57990613,80.50476155,2007-08-12,33.5,40.0,62.4,196.5,33.5,1379.0,6.28,-0.866,-0.5
1,33.3852,74.2562,2015-08-09,1.4,6.5,29.1,157.8,13.8,1103.0,18.42,-0.866,-0.5
1,34.1093,73.9067,2014-09-05,92.7,270.6,289.6,310.5,114.3,1239.0,30.99,-1.0,-0.0
1,30.895,77.089,2008-12-21,0.0,1.6,1.8,2.6,0.9,1614.0,40.61,-0.0,1.0
1,20.8605,92.489,2008-10-01,56.2,57.0,217.3,355.8,105.6,40.0,1.92,-0.866,0.5
1,23.7131,92.7362,2015-06-19,9.1,16.5,54.7,92.6,15.8,879.0,7.26,0.0,-1.0
1,7.1145,80.314,2011-05-27,10.0,39.2,59.0,112.2,19.7,183.0,12.48,0.5,-0.866
1,29.0958,80.3125,2009-08-20,3.2,62.3,345.3,472.0,204.9,628.0,11.48,-0.866,-0.5
1,31.1,77.1645,2008-09-19,63.9,104.2,107.3,142.4,63.9,1890.0,19.83,-1.0,-0.0
1,26.3897,94.9439,2013-08-16,14.5,41.1,98.0,217.0,18.2,514.0,5.06,-0.866,-0.5
1,31.8931,78.63,2013-07-27,2.0,2.3,4.4,8.0,2.0,3637.0,20.26,-0.5,-0.866
1,25.6219,96.2887,2016-04-02,3.0,9.7,15.2,21.8,5.4,450.0,5.09,0.866,-0.5
1,28.2632,83.3482,2013-09-03,63.9,121.9,154.8,238.3,63.9,1789.0,46.96,-1.0,-0.0
1,30.1719,80.8576,2013-07-04,21.8,46.6,72.4,145.2,21.8,3220.0,27.79,-0.5,-0.866
1,16.5676,73.6608,2010-07-22,63.5,187.0,424.5,490.0,122.8,65.0,18.64,-0.5,-0.866
1,17.0661,73.5027,2010-08-18,35.0,93.8,128.9,235.1,46.3,172.0,5.63,-0.866,-0.5
1,31.1003,77.1751,2015-07-26,33.5,54.9,106.8,291.9,33.5,2105.0,24.41,-0.5,-0.866
1,32.6175,75.6157,2015-08-20,10.6,21.6,38.0,177.4,10.6,1068.0,11.75,-0.866,-0.5
1,25.1416,92.3807,2015-08-19,48.6,153.1,244.0,297.8,59.9,172.0,19.69,-0.866,-0.5
1,29.1917,80.8708,2009-08-18,65.5,232.3,325.5,528.5,116.7,1659.0,38.63,-0.866,-0.5
1,26.9796,86.7001,2010-09-15,37.1,55.4,103.7,258.8,37.1,1302.0,22.23,-1.0,-0.0
1,31.0358,78.8578,2015-08-01,14.6,30.9,55.8,117.3,14.6,2734.0,47.06,-0.866,-0.5
1,29.1832,81.5999,2011-08-14,30.4,64.5,153.8,277.5,30.4,1698.0,36.45,-0.866,-0.5
1,24.5582,88.1825,2015-04-19,0.6,6.8,7.2,29.0,6.2,25.0,1.18,0.866,-0.5
1,30.0705,80.2364,2015-07-19,31.6,93.5,201.9,367.1,70.8,2127.0,9.06,-0.5,-0.866
1,23.73478778,92.72124394,2009-10-05,19.7,87.2,94.6,230.0,41.3,972.0,20.41,-0.866,0.5
1,28.0993,82.8332,2008-08-16,15.4,106.2,172.3,295.3,83.6,811.0,4.33,-0.866,-0.5
1,26.1961,91.7825,2016-06-22,9.8,19.0,122.6,242.4,37.0,142.0,20.01,0.0,-1.0
1,27.4907,86.1078,2013-08-13,12.7,32.9,139.9,282.7,52.6,617.0,18.27,-0.866,-0.5
1,25.0728,92.3636,2015-08-19,71.7,192.9,329.4,384.7,71.7,120.0,6.85,-0.866,-0.5
1,31.7099,76.933,2011-07-10,10.6,73.9,84.5,221.4,42.5,772.0,1.43,-0.5,-0.866
1,27.1758,88.5294,2016-01-14,3.0,3.0,14.4,15.4,5.1,306.0,26.76,0.5,0.866
1,33.2504,75.2102,2015-07-12,3.4,60.9,100.2,123.1,30.2,719.0,17.07,-0.5,-0.866
1,15.3826,73.9239,2012-09-01,62.5,240.6,405.5,464.3,138.7,57.0,5.27,-1.0,-0.0
1,30.9012,77.0958,2010-08-14,10.7,70.2,92.0,223.3,52.3,1412.0,13.82,-0.866,-0.5
1,33.2394,75.2405,2014-05-14,3.4,47.2,74.9,95.2,29.1,733.0,5.78,0.5,-0.866
1,29.3559,81.3097,2008-12-25,0.2,0.3,0.4,0.4,0.2,1291.0,13.09,-0.0,1.0
1,35.3599,73.9791,2010-08-11,11.7,39.4,106.6,257.8,28.4,2945.0,31.18,-0.866,-0.5
1,28.6985,82.7065,2014-08-15,29.3,79.8,129.2,210.9,34.3,1726.0,29.51,-0.866,-0.5
1,27.172,88.5292,2016-10-15,0.0,31.7,222.2,255.0,78.2,301.0,16.28,-0.866,0.5
1,34.9376,70.754,2016-03-26,2.0,24.5,25.4,85.7,13.5,1757.0,42.12,1.0,0.0
1,34.1534,77.5768,2012-06-08,6.6,16.5,17.5,32.9,6.6,3420.0,3.73,0.0,-1.0
1,24.0406,84.0696,2015-07-18,1.3,20.6,60.2,206.1,19.7,231.0,1.18,-0.5,-0.866
1,30.2853,78.9829,2012-09-14,13.3,26.7,39.0,85.3,13.3,665.0,7.82,-1.0,-0.0
1,33.1488,75.5526,2011-04-17,24.9,49.2,99.9,172.7,39.9,1060.0,25.29,0.866,-0.5
1,21.23967983,92.19314477,2010-06-15,69.7,222.4,289.5,328.1,92.2,30.0,7.13,0.0,-1.0
1,31.5728,77.8561,2016-08-29,7.3,22.5,45.8,95.9,14.6,1725.0,40.94,-0.866,-0.5
1,11.3403,76.8267,2014-05-04,7.9,9.6,15.6,18.5,7.9,1204.0,32.51,0.5,-0.866
1,34.258,75.4189,2015-07-24,7.2,35.5,67.4,160.8,16.6,2901.0,19.39,-0.5,-0.866
1,30.5345,79.0853,2013-10-18,0.6,0.7,1.4,22.5,0.7,1409.0,13.4,-0.866,0.5
1,27.7923,84.7001,2012-09-18,39.9,237.5,384.2,503.2,99.4,759.0,38.23,-1.0,-0.0
1,28.2333,83.9533,2007-09-08,90.1,188.7,595.9,819.1,160.0,1055.0,32.29,-1.0,-0.0
1,27.9449,83.5109,2013-11-01,1.7,5.4,16.0,38.6,5.6,820.0,42.09,-0.5,0.866
1,28.3048,83.6011,2014-07-18,13.1,42.1,95.4,260.8,18.5,784.0,8.05,-0.5,-0.866
1,34.4332,76.2851,2013-08-01,2.5,2.6,2.6,17.2,2.5,3132.0,27.53,-0.866,-0.5
1,6.9025,80.9083,2010-11-24,8.9,53.7,103.3,153.1,26.4,1027.0,10.79,-0.5,0.866
1,27.7513,85.8166,2010-09-14,15.5,58.3,90.4,274.3,36.9,771.0,38.16,-1.0,-0.0
1,16.5141,80.6053,2010-08-26,21.0,69.9,100.6,201.2,31.6,102.0,20.8,-0.866,-0.5
1,23.7313,92.7187,2015-09-14,12.8,34.5,57.7,175.7,16.8,1039.0,18.79,-1.0,-0.0
1,9.8988,76.3902,2010-09-24,33.3,60.4,73.7,211.6,33.3,10.0,1.03,-1.0,-0.0
1,27.7702,85.8692,2014-08-02,20.9,49.8,126.6,278.8,28.0,1349.0,48.35,-0.866,-0.5
1,26.89,88.28,2008-06-29,14.5,56.6,95.1,240.7,27.7,1504.0,26.66,0.0,-1.0
1,30.7059,76.9844,2010-09-11,12.8,29.5,53.0,94.0,12.8,760.0,12.76,-1.0,-0.0
1,19.5178,83.1809,2008-05-18,0.0,0.0,0.0,0.0,0.0,642.0,1.28,0.5,-0.866
1,26.8928,89.4497,2009-08-18,80.3,316.7,668.7,921.8,173.3,1537.0,18.39,-0.866,-0.5
1,34.4002,74.2798,2016-04-04,10.3,80.0,101.6,186.9,39.4,1605.0,0.29,0.866,-0.5
1,26.8833,88.2833,2007-09-07,185.1,403.9,511.0,589.4,185.1,1682.0,20.6,-1.0,-0.0
1,30.3822,78.0949,2013-07-31,39.4,134.5,157.0,258.5,49.6,831.0,6.41,-0.5,-0.866
1,34.0786,74.3836,2015-03-15,24.0,26.5,28.8,158.1,24.0,2686.0,14.96,1.0,0.0
1,31.7083,76.9316,2011-08-07,18.9,40.1,61.4,200.4,18.9,764.0,1.92,-0.866,-0.5
1,26.8797,87.9172,2015-09-03,76.4,129.9,208.1,568.7,76.4,654.0,20.35,-1.0,-0.0
1,30.9936,78.4594,2014-08-18,5.1,8.0,41.0,97.5,15.7,3057.0,36.1,-0.866,-0.5
1,14.7395,74.2566,2009-10-02,27.3,118.0,165.7,291.1,46.2,3.0,2.06,-0.866,0.5
1,29.5193,80.4687,2013-06-17,209.5,346.5,382.2,403.8,209.5,2023.0,8.88,0.0,-1.0
1,27.7649,87.199,2008-09-02,7.9,27.3,93.8,145.7,23.6,4850.0,21.84,-1.0,-0.0
1,25.1604,93.6795,2012-03-04,0.6,10.0,24.4,24.4,13.1,1065.0,13.6,1.0,0.0
1,11.41,76.69,2008-06-25,1.2,1.3,24.4,33.3,13.2,2222.0,12.67,0.0,-1.0
1,22.2009,92.2168,2011-08-08,37.3,66.3,107.9,155.8,37.3,37.0,8.19,-0.866,-0.5
1,27.337,88.609,2008-08-28,64.5,189.6,386.6,833.4,72.4,1535.0,22.31,-0.866,-0.5
1,29.8,95.7,2008-09-16,2.7,14.1,29.4,83.6,5.8,3593.0,23.66,-1.0,-0.0
1,21.4384,92.0082,2010-06-15,70.4,246.6,294.7,337.0,108.5,2.0,0.91,0.0,-1.0
1,27.322,88.6087,2010-04-17,5.4,9.2,26.1,49.0,6.8,1477.0,24.63,0.866,-0.5
1,28.7038,80.9787,2010-10-08,0.3,0.5,1.9,6.7,0.9,184.0,0.0,-0.866,0.5
1,28.4298,95.8776,2010-05-31,17.9,26.4,55.4,496.9,17.9,503.0,20.97,0.5,-0.866
1,19.19,73.009,2016-06-21,34.8,73.8,85.6,102.5,34.8,34.0,8.42,0.0,-1.0
1,24.5204,92.7264,2016-05-18,24.1,57.3,110.3,128.5,31.5,40.0,0.57,0.5,-0.866
1,28.57,83.45,2008-06-27,66.1,107.0,165.8,312.0,66.1,3603.0,28.75,0.0,-1.0
1,27.0136,92.6351,2016-07-01,20.7,67.5,104.5,221.2,23.7,231.0,2.31,-0.5,-0.866
1,32.3237,77.1935,2011-07-08,15.6,26.6,40.0,225.8,15.6,2580.0,21.93,-0.5,-0.866
1,34.2601,75.4466,2013-08-13,25.5,35.5,44.6,89.2,25.5,3349.0,28.81,-0.866,-0.5
1,27.772,85.9052,2013-09-09,2.5,17.9,52.4,226.0,13.0,1190.0,26.87,-1.0,-0.0
1,19.1209,72.8406,2015-06-12,14.9,32.4,49.1,51.9,14.9,19.0,5.49,0.0,-1.0
1,28.2635,83.6118,2015-07-30,74.9,131.3,151.1,189.0,74.9,762.0,22.11,-0.5,-0.866
1,27.7167,88.5577,2012-06-03,13.4,41.3,101.7,189.0,17.6,2674.0,21.22,0.0,-1.0
1,12.8446,75.2476,2013-06-18,66.6,146.2,251.8,503.4,66.6,64.0,9.31,0.0,-1.0
1,36.0636,74.2869,2010-08-01,0.5,20.3,76.6,128.6,25.6,1550.0,11.03,-0.866,-0.5
1,9.8306,76.9408,2011-06-02,55.5,182.7,269.9,319.2,105.8,725.0,17.02,0.0,-1.0
1,27.0998,93.6287,2008-06-14,16.0,45.1,97.6,226.6,19.7,402.0,5.06,0.0,-1.0
1,30.2485,78.8847,2010-07-06,13.1,30.5,49.6,70.8,13.1,912.0,30.77,-0.5,-0.866
1,33.2395,75.2406,2014-07-22,2.5,4.3,22.7,39.9,8.6,733.0,10.39,-0.5,-0.866
1,26.1771,91.7599,2013-05-11,14.0,55.1,78.7,201.0,23.6,66.0,8.98,0.5,-0.866
1,19.1008,84.0502,2014-10-12,108.7,115.3,126.1,139.7,108.7,456.0,12.15,-0.866,0.5
1,12.7796,75.5844,2010-10-03,10.6,54.5,152.1,233.9,36.2,129.0,1.18,-0.866,0.5
1,32.9961,75.1994,2015-08-08,5.6,12.8,65.1,230.9,18.8,854.0,22.14,-0.866,-0.5
1,26.9986,95.4993,2012-06-25,45.9,114.2,240.8,359.3,45.9,615.0,6.99,0.0,-1.0
1,27.5523,91.752,2016-04-22,35.3,85.3,116.3,202.8,35.3,2428.0,25.07,0.866,-0.5
1,25.7713,93.8067,2011-08-13,25.7,64.5,168.5,349.8,45.3,235.0,5.46,-0.866,-0.5
1,27.0875,88.6556,2015-06-30,54.8,128.4,244.7,382.6,61.4,2185.0,20.33,0.0,-1.0
1,30.4,79.349,2007-07-30,6.0,21.5,134.1,241.0,61.1,1304.0,54.37,-0.5,-0.866
1,22.3513,91.8295,2015-07-27,27.1,287.4,385.1,558.4,166.8,40.0,4.25,-0.5,-0.866
1,34.0942,74.0226,2013-08-19,9.1,35.7,260.0,322.6,112.0,1283.0,19.82,-0.866,-0.5
1,31.6916,76.5102,2015-08-09,0.3,98.7,122.9,219.6,70.0,834.0,21.11,-0.866,-0.5
1,27.777,85.3717,2008-09-11,17.8,38.1,69.1,108.2,17.8,1479.0,12.62,-1.0,-0.0
1,6.6206,80.1721,2014-06-01,3.7,18.6,54.0,101.8,18.4,13.0,3.2,0.0,-1.0
1,27.8837,93.0515,2013-08-01,21.0,37.8,115.0,487.3,39.6,1679.0,37.6,-0.866,-0.5
1,6.8066,80.9779,2010-10-03,6.4,53.9,129.9,225.6,37.3,1308.0,20.9,-0.866,0.5
1,30.0702,78.3027,2007-08-11,21.3,32.5,53.7,167.4,21.3,464.0,3.85,-0.866,-0.5
1,27.05374234,88.42572376,2011-07-19,133.4,180.3,385.6,532.1,133.4,287.0,32.65,-0.5,-0.866
1,29.7911,80.058,2010-09-19,10.3,125.9,195.4,404.5,72.6,1419.0,8.92,-1.0,-0.0
1,35.2856,73.1642,2016-04-04,2.1,100.5,134.3,212.6,61.1,2423.0,45.12,0.866,-0.5
1,21.4406,92.118,2015-06-27,77.2,235.1,558.1,676.7,174.5,21.0,3.2,0.0,-1.0
1,33.9445,74.799,2015-03-30,7.2,99.8,111.6,151.5,66.4,1624.0,2.46,1.0,0.0
1,35.0148,75.6213,2010-08-07,7.4,18.5,24.7,62.2,7.4,4092.0,18.03,-0.866,-0.5
1,29.1491,81.6165,2014-07-21,15.9,76.1,168.5,306.9,38.2,1863.0,35.82,-0.5,-0.866
1,27.6661,86.0332,2010-08-02,44.5,92.2,255.5,545.1,52.8,1847.0,18.46,-0.866,-0.5
1,31.0215,77.1038,2010-09-22,58.0,71.0,179.1,565.0,82.4,1719.0,13.82,-1.0,-0.0
1,32.4318,77.2147,2011-06-29,10.4,41.4,52.7,84.2,23.3,3483.0,46.68,0.0,-1.0
1,27.7768,85.8888,2015-07-16,37.1,132.9,174.9,354.4,77.2,955.0,41.31,-0.5,-0.866
1,30.4297,97.1598,2012-06-22,5.6,21.2,62.8,97.7,18.2,4853.0,19.69,0.0,-1.0
1,31.46626719,76.86927482,2015-12-29,0.0,0.0,0.6,2.5,0.6,840.0,36.73,-0.0,1.0
1,10.2288,77.4767,2015-12-07,25.8,113.2,167.4,231.3,61.2,2168.0,24.2,-0.0,1.0
1,24.8063,93.9482,2011-07-06,0.7,14.9,48.6,88.1,13.5,783.0,0.91,-0.5,-0.866
1,15.5063,73.8362,2007-09-07,38.7,99.7,379.4,534.2,94.2,16.0,7.3,-1.0,-0.0
1,15.2932,74.1447,2011-06-19,12.5,59.8,235.3,523.2,68.9,73.0,2.88,0.0,-1.0
1,27.4916,85.4416,2015-06-29,5.1,36.8,76.4,179.0,24.5,1616.0,24.59,0.0,-1.0
1,30.7,77.08,2008-09-22,1.5,5.8,85.2,93.7,55.8,955.0,24.7,-1.0,-0.0
1,33.4406,75.1996,2011-08-07,4.0,6.9,8.9,19.2,4.0,1710.0,18.32,-0.866,-0.5
1,22.7176,92.8416,2010-09-13,19.9,44.7,75.9,128.0,19.9,761.0,24.41,-1.0,-0.0
1,27.7,92.8,2009-08-12,151.3,278.0,346.4,831.2,151.3,2477.0,14.54,-0.866,-0.5
1,34.7414,71.8631,2016-06-29,0.1,9.2,9.3,30.4,7.4,823.0,1.54,0.0,-1.0
1,6.9762,80.7748,2011-01-09,128.7,215.2,272.1,314.2,128.7,1953.0,21.81,0.5,0.866
1,25.5098,93.8794,2015-07-22,20.6,86.7,171.4,302.0,34.4,1642.0,9.99,-0.5,-0.866
1,11.8348,75.4856,2015-07-27,4.1,36.2,166.4,376.0,55.7,17.0,2.64,-0.5,-0.866
1,11.7095,76.074,2007-06-25,9.9,131.7,437.6,618.0,162.7,725.0,4.57,0.0,-1.0
1,24.8628,94.4182,2009-08-30,8.6,22.0,47.4,136.4,10.1,922.0,21.06,-0.866,-0.5
1,6.968,80.9486,2011-03-14,1.9,6.1,6.1,50.9,3.0,1013.0,14.84,1.0,0.0
1,35.2959,73.21,2013-05-25,11.5,14.4,18.6,25.2,11.5,837.0,36.91,0.5,-0.866
1,29.6131,79.494,2010-09-19,28.9,226.7,295.6,456.0,105.3,1729.0,23.45,-1.0,-0.0
1,23.8917,90.9733,2007-09-10,13.0,61.8,144.6,192.6,32.7,9.0,0.41,-1.0,-0.0
1,25.6115,96.2907,2015-03-30,0.2,2.9,17.6,17.7,8.5,364.0,17.72,1.0,0.0
1,29.8901,95.5728,2013-07-06,11.2,32.0,71.3,184.8,13.1,2853.0,36.04,-0.5,-0.866
1,19.6241,72.9084,2012-09-04,30.3,73.2,115.0,213.2,30.3,15.0,0.91,-1.0,-0.0
1,35.192,76.2579,2010-09-07,2.8,3.3,12.9,33.3,7.6,2914.0,17.04,-1.0,-0.0
1,25.8509,97.4381,2014-03-20,0.7,1.9,1.9,1.9,1.2,452.0,14.16,1.0,0.0
1,24.9786,93.5027,2010-07-29,20.7,41.0,82.9,142.7,20.7,1295.0,14.57,-0.5,-0.866
1,29.7225,82.5068,2009-07-01,0.7,10.2,27.3,27.8,8.4,3668.0,45.26,-0.5,-0.866
1,26.026,97.3715,2009-07-04,30.2,71.3,226.7,473.9,63.8,443.0,20.0,-0.5,-0.866
1,25.2946,92.8339,2007-08-26,57.0,139.6,171.2,230.2,66.0,872.0,13.72,-0.866,-0.5
1,28.299,84.0366,2010-07-11,17.2,202.0,374.1,490.2,134.9,1725.0,39.46,-0.5,-0.866
1,33.4431,75.1915,2013-08-14,18.9,30.8,38.0,115.3,18.9,1661.0,22.37,-0.866,-0.5
1,15.3904,73.8182,2015-07-25,23.0,96.0,184.5,303.5,39.2,17.0,4.65,-0.5,-0.866
1,32.5282,75.1199,2013-08-02,11.2,34.1,63.7,124.4,26.5,372.0,1.81,-0.866,-0.5
1,34.3951,75.6233,2010-05-17,35.8,46.2,76.3,130.3,35.8,3783.0,36.84,0.5,-0.866
1,16.0781,78.8743,2016-07-23,4.8,6.6,17.9,29.8,7.8,336.0,30.27,-0.5,-0.866
1,15.6365,74.1158,2013-10-06,11.6,106.6,128.0,218.7,50.3,334.0,21.48,-0.866,0.5
1,32.0985,76.2665,2007-08-12,26.2,59.0,71.0,259.7,29.4,747.0,23.05,-0.866,-0.5
1,26.1226,91.7162,2012-06-22,65.4,190.2,264.0,281.8,65.4,122.0,31.35,0.0,-1.0
1,25.583,91.893,2015-09-23,38.5,152.5,220.5,260.3,57.7,1451.0,5.49,-1.0,-0.0
1,28.1046,84.6634,2015-07-03,2.4,23.8,89.2,251.4,25.3,572.0,5.75,-0.5,-0.866
1,31.5007,78.1758,2016-07-17,20.7,81.0,105.7,126.3,43.5,1865.0,42.05,-0.5,-0.866
1,7.0022,80.703,2010-05-19,5.2,18.3,41.4,113.0,7.5,1416.0,4.52,0.5,-0.866
1,16.1078,73.7167,2011-07-22,33.0,102.2,392.3,699.0,126.1,17.0,1.83,-0.5,-0.866
1,30.7864,78.616,2015-08-15,5.1,32.0,94.0,239.8,21.6,1566.0,19.18,-0.866,-0.5
1,31.8795,76.9161,2013-07-07,56.3,185.0,201.0,274.3,95.1,1279.0,8.7,-0.5,-0.866
1,28.2317,84.8756,2016-07-04,18.4,58.0,169.6,288.9,61.8,833.0,16.49,-0.5,-0.866
1,24.6005,92.3814,2010-06-03,2.4,19.9,135.7,293.1,73.2,70.0,9.4,0.0,-1.0
1,34.2101,74.3445,2011-04-06,3.4,15.1,36.6,89.1,10.0,1583.0,2.88,0.866,-0.5
1,30.4305,78.0803,2014-07-19,9.5,126.2,251.0,281.4,85.9,1498.0,20.0,-0.5,-0.866
1,27.6454,84.125,2011-07-06,5.4,40.1,222.3,318.9,83.3,192.0,1.22,-0.5,-0.866
1,30.0718,80.2369,2013-07-19,114.8,231.8,546.1,864.0,142.1,2089.0,13.14,-0.5,-0.866
1,28.22020061,84.17758452,2010-07-11,21.6,191.4,413.7,553.9,109.2,1078.0,23.4,-0.5,-0.866
1,27.6063,87.2196,2010-06-30,5.1,113.8,155.1,329.8,62.9,2747.0,20.7,0.0,-1.0
1,29.6699,91.1549,2013-03-29,0.0,0.0,0.2,12.4,0.2,3657.0,0.0,1.0,0.0
1,27.8196,85.2114,2013-06-18,24.3,100.3,167.6,264.5,42.4,1584.0,28.19,0.0,-1.0
1,35.8975,75.52,2008-08-05,9.6,11.7,11.7,25.5,9.6,4468.0,26.1,-0.866,-0.5
1,29.3833,81.3167,2008-08-29,2.7,20.3,40.7,141.4,14.2,1767.0,39.87,-0.866,-0.5
1,30.733,78.439,2007-07-30,6.2,16.2,66.7,174.5,16.2,1478.0,42.36,-0.5,-0.866
1,27.5799,91.8569,2016-04-22,35.3,85.3,116.3,202.8,35.3,2758.0,17.85,0.866,-0.5
1,33.1662,75.3098,2007-09-05,1.7,2.6,5.8,24.3,1.9,925.0,21.95,-1.0,-0.0
1,7.4678,80.6241,2011-02-01,46.7,59.1,72.5,74.5,46.7,356.0,2.31,0.866,0.5
1,34.4667,72.6792,2016-04-10,0.6,10.9,19.3,112.6,6.2,937.0,29.88,0.866,-0.5
1,34.5554,73.3569,2016-07-16,9.8,21.8,42.2,89.2,9.8,1107.0,39.34,-0.5,-0.866
1,28.1038,85.0548,2012-03-01,11.6,49.8,52.7,94.0,28.8,2716.0,23.93,1.0,0.0
1,9.9147,77.011,2013-08-04,116.5,151.5,192.5,356.2,116.5,718.0,10.83,-0.866,-0.5
1,27.5754,91.9754,2016-08-05,8.0,12.1,50.5,207.9,14.7,2379.0,21.81,-0.866,-0.5
1,16.6252,80.6128,2007-06-25,4.6,31.1,163.1,199.4,83.2,23.0,0.91,0.0,-1.0
1,27.44,92.2833,2011-08-12,4.5,13.7,62.4,278.8,20.2,2580.0,30.74,-0.866,-0.5
1,30.4041,79.3276,2013-07-25,33.9,54.8,169.4,266.6,49.9,1099.0,48.51,-0.5,-0.866
1,26.2083,94.5438,2013-08-04,15.0,32.1,71.1,232.7,23.0,1469.0,13.94,-0.866,-0.5
1,34.0968,74.4117,2015-03-15,24.0,26.5,28.8,158.1,24.0,2059.0,6.47,1.0,0.0
1,12.8962,74.8859,2016-07-16,16.1,44.0,102.5,348.9,19.9,52.0,1.54,-0.5,-0.866
1,24.6596,93.9784,2008-06-09,5.9,29.6,51.5,68.4,18.3,777.0,0.86,0.0,-1.0
1,19.0263,72.8676,2013-07-10,54.6,82.9,125.4,234.1,54.6,8.0,0.57,-0.5,-0.866
1,28.10025822,84.42143526,2008-08-30,2.2,62.6,263.8,399.6,105.3,1022.0,16.38,-0.866,-0.5
1,25.8266,94.1497,2013-10-05,27.6,45.0,61.6,155.1,27.6,1409.0,23.99,-0.866,0.5
1,29.3576,79.5519,2010-07-20,142.7,409.2,463.2,564.3,179.4,1338.0,1.18,-0.5,-0.866
1,6.9438,81.0684,2014-12-26,37.1,166.8,516.9,611.9,165.2,816.0,11.21,-0.0,1.0
1,28.2598,84.0999,2010-08-03,4.4,38.3,252.8,455.9,108.5,1306.0,31.07,-0.866,-0.5
1,27.6674,86.7174,2011-08-13,21.1,36.5,96.2,353.1,28.0,2398.0,47.34,-0.866,-0.5
1,28.298,84.9671,2016-07-05,13.2,40.8,181.7,347.0,61.8,3083.0,39.29,-0.5,-0.866
1,20.8486,92.4504,2010-05-24,49.4,115.2,181.4,181.4,49.4,143.0,9.22,0.5,-0.866
1,28.694,80.595,2008-09-21,122.4,493.2,504.4,517.9,191.1,179.0,0.0,-1.0,-0.0
1,21.0853,92.1414,2015-06-27,58.6,207.4,515.1,631.5,159.0,2.0,0.86,0.0,-1.0
1,27.3824,86.0567,2011-09-17,40.6,65.1,101.3,178.5,40.6,528.0,19.12,-1.0,-0.0
1,33.0852,74.8799,2013-07-05,10.5,19.8,21.5,147.7,10.5,803.0,19.82,-0.5,-0.866
1,26.1768,91.7702,2016-07-14,10.4,29.3,133.7,344.0,35.7,127.0,25.07,-0.5,-0.866
1,27.8997,93.3497,2010-04-02,19.7,62.1,116.6,218.1,26.0,872.0,8.85,0.866,-0.5
1,27.0816,88.4397,2015-07-07,2.4,43.3,193.8,310.4,73.5,240.0,19.44,-0.5,-0.866
1,15.5419,73.9214,2013-08-17,25.2,67.8,110.5,245.1,27.5,14.0,7.04,-0.866,-0.5
1,9.6991,76.8168,2012-08-17,35.7,55.0,108.8,179.9,35.7,50.0,3.62,-0.866,-0.5
1,25.6167,96.3167,2010-07-15,17.6,46.3,181.6,322.4,65.4,284.0,7.33,-0.5,-0.866
1,26.9071,87.9217,2015-06-30,15.7,43.5,99.4,205.1,19.5,1183.0,14.3,0.0,-1.0
1,27.6264,83.3789,2011-07-01,59.3,211.2,247.6,315.1,98.7,117.0,0.41,-0.5,-0.866
1,33.5808,74.9035,2011-04-19,7.3,39.4,64.8,161.9,23.9,2221.0,22.06,0.866,-0.5
1,33.287,77.2853,2014-12-31,0.0,0.0,0.0,10.6,0.0,4046.0,35.55,-0.0,1.0
1,31.5158,78.2619,2010-10-14,0.0,0.1,1.4,5.1,0.9,1910.0,15.55,-0.866,0.5
1,26.3221,80.4703,2016-07-13,3.7,25.0,72.2,170.9,26.5,126.0,1.18,-0.5,-0.866
1,33.35406635,75.17240669,2011-02-07,65.7,123.1,131.9,145.3,65.7,1296.0,28.14,0.866,0.5
1,10.077,76.322,2012-10-22,40.2,101.7,130.0,196.1,49.9,5.0,0.64,-0.866,0.5
1,23.7281,92.7175,2013-05-11,6.4,19.2,72.3,106.4,26.7,1080.0,26.53,0.5,-0.866
1,30.9141,76.818,2010-10-03,0.0,0.0,0.0,86.2,0.0,431.0,0.64,-0.866,0.5
1,20.0014,73.7917,2013-11-20,0.0,0.0,0.0,0.0,0.0,580.0,4.09,-0.5,0.866
1,25.16,93.686,2015-06-19,2.2,12.7,37.3,125.8,11.5,1089.0,38.98,0.0,-1.0
1,29.1585,79.1464,2014-07-23,13.5,38.4,167.9,236.9,55.6,230.0,0.41,-0.5,-0.866
1,34.4943,71.2562,2015-01-04,1.5,1.5,1.5,1.5,1.5,704.0,0.64,0.5,0.866
1,27.9196,83.8799,2013-07-22,17.1,26.5,116.1,254.4,42.0,963.0,17.14,-0.5,-0.866
1,33.3216,75.1984,2013-08-14,21.5,38.3,65.3,194.7,21.5,1210.0,27.63,-0.866,-0.5
1,30.8522,76.991,2010-08-13,6.9,26.5,70.9,153.1,15.1,1252.0,21.74,-0.866,-0.5
1,28.1281,83.3841,2015-11-11,0.5,3.2,8.1,25.8,4.6,1751.0,50.72,-0.5,0.866
1,6.9793,80.4562,2016-08-07,4.0,7.3,16.5,101.1,4.2,159.0,5.61,-0.866,-0.5
1,25.3433,92.2897,2010-05-11,37.4,149.6,172.9,207.9,67.9,1204.0,2.64,0.5,-0.866
1,27.5798729,91.85672387,2010-11-22,0.0,10.0,27.1,50.0,10.9,2758.0,23.81,-0.5,0.866
1,33.2412,75.2382,2012-08-22,4.7,43.2,50.9,72.0,26.5,734.0,12.86,-0.866,-0.5
1,11.3464,76.8076,2016-04-13,0.5,1.3,6.9,7.4,2.9,1799.0,5.78,0.866,-0.5
1,28.5714,77.2135,2015-01-29,0.0,0.0,0.0,20.8,0.0,218.0,0.64,0.5,0.866
1,27.66868142,86.04142973,2017-06-28,12.2,61.2,119.2,211.8,28.8,2043.0,21.17,0.0,-1.0
1,28.5167,83.3426,2015-07-30,42.4,79.1,92.6,132.8,42.4,1905.0,19.85,-0.5,-0.866
1,26.1016,91.6906,2013-05-11,5.3,39.9,72.3,108.9,31.2,109.0,27.96,0.5,-0.866
1,24.2315,92.6755,2013-05-07,66.5,98.0,120.6,141.3,66.5,680.0,8.25,0.5,-0.866
1,28.2183,85.3573,2016-09-11,39.0,78.2,198.8,346.8,45.1,1586.0,35.04,-1.0,-0.0
1,26.8843,88.1835,2015-06-30,14.6,45.9,95.1,255.6,25.0,1645.0,4.89,0.0,-1.0
1,26.1965,91.763,2010-04-20,45.7,109.4,187.6,196.4,45.7,81.0,10.06,0.866,-0.5
1,27.499,87.106,2008-08-29,19.7,81.9,205.9,343.2,49.8,1735.0,28.47,-0.866,-0.5
1,25.4551,84.5322,2015-09-05,0.0,0.0,11.2,55.5,6.8,70.0,0.64,-1.0,-0.0
1,31.4551,78.1996,2013-06-16,84.5,121.6,152.3,152.3,84.5,2019.0,20.82,0.0,-1.0
1,34.7976,70.977,2016-04-11,7.1,16.7,28.0,108.7,7.9,1988.0,20.76,0.866,-0.5
1,14.4702,78.8205,2007-06-25,0.2,12.0,93.1,126.8,44.5,131.0,2.18,0.0,-1.0
1,29.5829,80.2182,2014-07-28,25.8,49.6,87.4,424.8,25.8,1581.0,9.06,-0.5,-0.866
1,23.7736,94.1201,2015-08-01,9.9,366.3,677.4,932.7,242.8,232.0,8.82,-0.866,-0.5
1,34.219,77.2665,2008-03-30,0.1,0.1,1.4,11.5,1.0,3382.0,2.0,1.0,0.0
1,28.6809,77.1958,2011-08-27,6.3,13.8,45.6,155.6,21.8,220.0,0.57,-0.866,-0.5
1,30.6509,79.0264,2010-08-20,19.2,206.0,256.2,387.0,176.9,1995.0,17.39,-0.866,-0.5
1,26.1028,91.8806,2015-08-22,30.5,116.3,289.2,400.3,78.5,151.0,11.54,-0.866,-0.5
1,33.3645,75.1999,2011-04-17,25.9,50.9,96.5,138.0,32.9,1835.0,49.22,0.866,-0.5
1,6.973059881,81.08551842,2011-04-19,31.6,41.3,65.1,102.6,31.6,842.0,9.16,0.866,-0.5
1,6.639631955,80.64175069,2011-05-01,2.9,7.4,39.1,177.0,9.3,993.0,49.2,0.5,-0.866
1,25.83762589,93.94633448,2017-06-25,16.6,37.6,67.8,267.6,18.0,403.0,9.24,0.0,-1.0
1,16.9648,73.5189,2007-06-25,40.3,248.9,458.1,612.6,137.6,73.0,5.15,0.0,-1.0
1,27.8519,85.5248,2014-09-25,8.4,20.7,96.2,189.9,50.4,1602.0,23.48,-1.0,-0.0
1,28.25,82.7311,2011-09-17,1.8,20.2,54.0,117.3,15.9,800.0,7.89,-1.0,-0.0
1,32.8363,75.1489,2013-08-06,14.8,27.9,79.4,121.1,33.4,602.0,7.01,-0.866,-0.5
1,34.8733,72.6625,2010-02-08,85.2,172.6,187.1,264.8,85.2,2211.0,23.56,0.866,0.5
1,19.34,73.7746,2016-07-10,52.0,113.0,173.8,328.1,52.0,593.0,42.43,-0.5,-0.866
1,32.3573,77.3052,2013-08-15,18.4,45.7,85.7,156.0,18.4,3477.0,31.52,-0.866,-0.5
1,31.1263,77.3525,2015-07-26,22.4,35.2,79.2,228.1,22.4,2271.0,9.49,-0.5,-0.866
1,31.0343,78.7248,2013-08-17,11.2,34.6,132.8,299.0,42.1,2453.0,16.22,-0.866,-0.5
1,32.737,74.876,2011-08-11,6.5,57.2,144.5,172.8,70.2,381.0,15.05,-0.866,-0.5
1,12.8747,74.9566,2015-07-14,18.4,32.7,93.3,118.3,21.6,12.0,2.18,-0.5,-0.866
1,33.6917,76.0412,2011-07-19,0.0,2.3,13.7,29.4,5.0,4846.0,40.71,-0.5,-0.866
1,11.404,76.6952,2015-09-06,22.4,68.5,79.3,84.8,26.3,2201.0,2.59,-1.0,-0.0
1,26.9734,87.3412,2013-07-11,5.5,37.5,211.5,358.7,67.0,1061.0,13.0,-0.5,-0.866
1,12.8715,74.8862,2010-07-31,25.5,109.4,204.2,458.4,50.3,30.0,2.64,-0.5,-0.866
1,33.04965334,75.29048614,2016-03-26,14.5,17.8,23.4,156.4,14.5,1342.0,11.3,1.0,0.0
1,32.2241,76.3374,2015-07-31,25.7,66.7,157.8,300.3,40.9,1560.0,22.8,-0.5,-0.866
1,6.7374,80.9568,2015-04-20,40.6,64.3,193.1,326.3,65.7,561.0,4.57,0.866,-0.5
1,26.0838,94.564,2013-08-04,10.4,22.2,38.0,140.2,10.5,1848.0,20.41,-0.866,-0.5
1,34.1481,77.6538,2010-08-06,13.7,23.4,27.6,38.7,13.7,3759.0,6.3,-0.866,-0.5
1,28.1778,83.7,2009-10-06,16.4,22.7,24.1,41.9,16.4,1447.0,19.82,-0.866,0.5
1,24.042,92.6724,2015-08-27,6.2,24.1,49.2,113.3,13.1,815.0,9.65,-0.866,-0.5
1,28.0667,83.25,2007-08-31,8.6,32.4,73.7,138.7,13.8,1531.0,7.41,-0.866,-0.5
1,30.2416,78.8996,2011-06-29,10.7,42.6,100.3,114.9,41.7,694.0,41.68,0.0,-1.0
1,23.0396,72.566,2009-11-20,0.0,0.0,0.0,1.6,0.0,54.0,0.91,-0.5,0.866
1,11.3484,76.7937,2008-02-13,2.6,9.4,40.5,49.6,13.5,1739.0,15.38,0.866,0.5
1,6.99,81.0567,2014-12-26,37.1,166.8,516.9,611.9,165.2,675.0,1.46,-0.0,1.0
1,29.1265,81.2574,2011-07-02,10.1,67.8,138.7,238.2,51.0,1607.0,22.49,-0.5,-0.866
1,30.5004,79.3888,2010-09-04,38.9,161.7,327.6,467.6,70.1,2088.0,25.2,-1.0,-0.0
1,27.125,93.7145,2011-07-15,38.8,101.1,127.9,192.1,52.6,132.0,0.29,-0.5,-0.866
1,35.7972,73.3185,2010-07-29,35.1,90.1,92.2,114.2,42.2,3103.0,37.92,-0.5,-0.866
1,28.3537,82.6184,2014-08-12,3.8,24.2,83.3,179.7,25.5,2013.0,7.28,-0.866,-0.5
1,28.8254,96.1509,2013-04-07,0.5,32.3,80.6,201.0,31.1,3620.0,33.47,0.866,-0.5
1,26.0765,68.5034,2011-08-11,7.7,33.0,33.0,33.0,22.0,28.0,0.29,-0.866,-0.5
1,33.2443135,75.22742083,2007-07-02,4.9,13.8,56.0,87.1,24.6,815.0,44.36,-0.5,-0.866
1,31.0931,77.1675,2010-07-25,13.3,26.6,132.2,183.8,35.9,1921.0,26.0,-0.5,-0.866
1,24.416,94.0984,2015-08-01,6.6,246.1,385.0,548.9,143.9,1347.0,24.09,-0.866,-0.5
1,26.4205,94.9731,2013-08-30,8.7,23.6,96.3,181.6,27.1,690.0,18.5,-0.866,-0.5
1,32.9148,75.0556,2014-09-06,74.3,252.4,283.9,289.4,99.0,693.0,6.66,-1.0,-0.0
1,32.1002,76.2699,2012-08-24,14.6,29.5,311.8,363.1,131.5,756.0,11.7,-0.866,-0.5
1,34.3591,73.4689,2012-08-23,1.8,19.9,25.7,53.0,15.0,701.0,8.03,-0.866,-0.5
1,33.2418,75.242,2008-02-13,0.0,0.0,24.3,120.9,20.9,805.0,23.78,0.866,0.5
1,19.9166,94.3761,2010-10-23,34.0,108.5,168.6,212.3,46.1,815.0,35.54,-0.866,0.5
1,32.4035,77.5796,2009-09-10,21.7,49.2,50.1,80.2,27.5,4375.0,4.36,-1.0,-0.0
1,6.8745,81.0455,2014-12-27,13.4,117.9,362.7,504.5,102.4,1041.0,1.81,-0.0,1.0
1,31.0851,77.1665,2015-07-13,21.2,99.9,180.8,271.1,42.3,1815.0,20.07,-0.5,-0.866
1,33.2359,75.244,2014-02-23,0.0,20.4,20.4,41.4,12.0,791.0,27.04,0.866,0.5
1,27.8664,83.1036,2013-08-08,12.6,28.4,65.7,194.5,19.0,1223.0,26.71,-0.866,-0.5
1,29.2675,80.9499,2010-07-17,10.5,29.2,131.2,238.6,40.9,672.0,21.51,-0.5,-0.866
1,25.4786,94.1327,2010-08-27,17.5,27.6,60.5,151.4,17.5,1738.0,14.55,-0.866,-0.5
1,16.5175,80.6117,2013-10-25,34.0,68.8,96.6,98.1,34.0,27.0,0.41,-0.866,0.5
1,27.4885,88.4451,2011-06-17,71.2,109.4,135.5,248.8,71.2,1907.0,49.79,0.0,-1.0
1,34.2116,77.3504,2010-08-06,10.7,15.5,17.8,25.0,10.7,3340.0,27.88,-0.866,-0.5
1,25.8782,94.1739,2011-07-01,11.1,64.3,134.2,227.8,38.5,1357.0,3.54,-0.5,-0.866
1,27.1695,88.3664,2016-10-15,2.1,108.6,247.4,320.6,90.1,1576.0,28.41,-0.866,0.5
1,29.2777,80.9871,2014-07-20,30.6,144.4,216.2,376.4,65.0,1116.0,25.2,-0.5,-0.866
1,28.2798,83.8494,2015-07-30,102.1,170.5,208.5,263.6,102.1,1365.0,17.26,-0.5,-0.866
1,26.9149,87.3372,2013-09-06,2.6,38.9,126.5,244.0,35.6,843.0,39.24,-1.0,-0.0
1,27.859,83.6014,2013-07-22,7.5,21.0,134.4,325.7,53.2,1093.0,14.2,-0.5,-0.866
1,27.5905,87.7955,2015-06-10,36.7,75.4,116.5,249.4,36.7,2353.0,29.57,0.0,-1.0
1,31.5593,77.9277,2014-08-26,0.1,1.4,11.6,50.9,4.1,1586.0,42.47,-0.866,-0.5
1,28.678,84.2297,2016-04-18,11.1,20.4,48.9,78.6,16.2,3661.0,26.56,0.866,-0.5
1,25.0318,92.4584,2015-03-19,0.0,0.0,0.1,0.1,0.1,102.0,12.71,1.0,0.0
1,30.383,78.5094,2010-02-23,7.4,10.5,10.5,50.2,7.4,814.0,0.0,0.866,0.5
1,32.219,78.072,2010-07-07,2.3,60.6,61.1,63.8,40.1,3596.0,2.18,-0.5,-0.866
1,27.7395,83.5753,2011-07-01,59.3,211.2,247.6,315.1,98.7,1053.0,25.53,-0.5,-0.866
1,27.9333,83.653,2010-09-04,7.2,31.4,102.4,746.7,22.3,863.0,17.52,-1.0,-0.0
1,30.5568,79.5541,2015-04-30,2.3,8.9,28.5,64.6,8.6,1862.0,20.98,0.866,-0.5
1,28.611,94.9829,2013-09-02,44.6,90.9,151.1,206.5,44.6,1610.0,40.72,-1.0,-0.0
1,23.5397,93.3783,2016-07-28,4.7,30.3,59.9,100.9,15.8,1582.0,25.38,-0.5,-0.866
1,32.9295,75.1432,2012-09-15,3.5,10.8,40.3,123.9,13.1,768.0,0.64,-1.0,-0.0
1,36.2665,74.6006,2014-09-11,1.3,4.5,20.7,60.3,6.3,2453.0,9.3,-1.0,-0.0
1,26.1049,91.7369,2012-06-25,42.1,150.6,385.2,431.2,65.4,164.0,13.7,0.0,-1.0
1,26.9599,88.268,2009-08-16,42.0,121.7,243.6,407.8,49.9,1861.0,12.21,-0.866,-0.5
1,34.5474,73.3455,2016-10-01,0.0,0.4,3.4,16.4,1.5,1117.0,22.67,-0.866,0.5
1,30.4054,79.3426,2010-07-29,5.9,23.2,78.8,442.7,23.4,1027.0,33.16,-0.5,-0.866
1,32.3712,77.2466,2008-06-18,3.5,22.2,45.8,82.6,11.4,3995.0,21.43,0.0,-1.0
1,28.8254,96.1517,2012-06-02,31.4,51.4,61.0,76.7,31.4,3589.0,30.53,0.0,-1.0
1,27.36,93.0385,2015-07-15,52.8,142.2,211.3,402.5,66.8,404.0,8.33,-0.5,-0.866
1,30.1977,77.9137,2010-09-19,57.4,152.6,210.5,390.5,88.5,533.0,16.81,-1.0,-0.0
1,33.1213,75.2449,2015-03-05,15.0,21.3,130.2,274.8,54.6,2321.0,15.38,1.0,0.0
1,28.6881,81.6309,2014-07-27,17.9,38.8,103.6,305.2,21.1,2176.0,23.6,-0.5,-0.866
1,29.378,81.3559,2013-06-27,7.1,30.5,75.7,414.0,20.5,1003.0,31.96,0.0,-1.0
1,26.1309,91.8383,2013-10-06,22.4,47.5,64.0,134.7,22.4,96.0,10.54,-0.866,0.5
1,35.8026,74.9832,2014-01-06,0.0,1.9,1.9,1.9,1.9,3724.0,10.78,0.5,0.866
1,27.7786,85.3867,2015-06-13,12.5,69.8,73.6,79.5,30.1,1911.0,26.12,0.0,-1.0
1,27.1418,87.7788,2013-06-15,14.2,17.9,36.2,97.9,14.2,847.0,21.54,0.0,-1.0
1,27.6019,85.225,2016-07-25,46.5,90.3,176.5,329.9,46.5,1847.0,33.25,-0.5,-0.866
1,28.3036,95.4112,2010-09-09,49.7,114.1,547.2,707.6,170.9,1835.0,36.04,-1.0,-0.0
1,35.7275,71.7095,2015-02-25,14.5,108.0,146.2,180.1,68.6,1856.0,43.16,0.866,0.5
1,15.323,73.974,2008-09-10,64.7,127.7,154.4,188.6,64.7,35.0,6.44,-1.0,-0.0
1,25.1555,93.8474,2011-05-31,58.2,167.6,196.6,370.2,85.4,1406.0,31.24,0.5,-0.866
1,28.2717,83.5906,2013-06-06,21.9,32.5,56.1,269.3,21.9,1210.0,15.13,0.0,-1.0
1,29.1657,81.5631,2011-08-14,33.4,60.9,151.7,269.1,33.4,1265.0,42.82,-0.866,-0.5
1,9.5527,76.9299,2012-08-17,40.6,71.3,119.6,213.5,40.6,351.0,25.64,-0.866,-0.5
1,35.3544,73.0208,2007-07-07,8.4,15.5,31.6,117.3,8.5,3503.0,47.17,-0.5,-0.866
1,30.6639,78.0574,2013-08-18,14.0,28.8,96.8,241.1,30.1,924.0,38.61,-0.866,-0.5
1,25.2745,94.0212,2010-10-08,32.8,72.5,84.7,160.9,32.8,1083.0,6.94,-0.866,0.5
1,25.0888,92.8551,2011-05-24,16.3,91.4,209.5,293.2,56.1,244.0,11.9,0.5,-0.866
1,27.404,87.065,2012-08-21,17.4,34.5,53.8,114.4,17.4,734.0,26.61,-0.866,-0.5
1,27.3392,88.6188,2010-08-27,33.8,79.6,395.9,932.2,105.5,1892.0,13.71,-0.866,-0.5
1,36.1512,73.7448,2012-03-20,11.1,48.4,67.3,97.1,22.5,2631.0,37.77,1.0,0.0
1,17.4655,78.4606,2016-10-17,0.0,0.0,0.3,31.4,0.3,541.0,0.91,-0.866,0.5
1,30.3069,78.0169,2013-06-17,66.9,196.8,231.5,267.8,100.7,622.0,2.02,0.0,-1.0
1,27.4191,87.2714,2012-10-01,18.9,30.6,34.6,243.4,18.9,865.0,21.62,-0.866,0.5
1,26.048,91.8695,2015-09-05,3.4,95.7,465.4,688.2,160.6,85.0,8.46,-1.0,-0.0
1,24.3599,85.6179,2013-07-27,18.1,35.2,41.5,87.3,18.1,363.0,1.18,-0.5,-0.866
1,21.47819035,91.96737514,2015-09-01,65.6,105.7,122.7,307.7,65.6,0.0,0.0,-1.0,-0.0
1,23.3439,93.0748,2010-09-13,18.4,38.5,59.9,95.2,18.4,1376.0,27.46,-1.0,-0.0
1,28.5266,83.2765,2015-07-30,35.7,66.2,99.0,208.4,35.7,2613.0,40.72,-0.5,-0.866
1,29.5194,80.469,2011-07-21,15.1,144.3,267.8,402.7,102.7,2023.0,8.67,-0.5,-0.866
1,27.7948,84.8566,2010-09-18,27.0,161.0,287.8,394.1,101.4,563.0,10.05,-1.0,-0.0
1,28.2974,83.8,2015-06-18,3.7,14.9,59.7,85.5,24.4,1506.0,19.56,0.0,-1.0
1,30.638,78.3297,2010-07-06,27.4,58.8,89.2,118.6,27.4,871.0,3.48,-0.5,-0.866
1,26.7103,94.693,2013-08-11,22.5,56.7,109.6,208.6,29.3,688.0,14.1,-0.866,-0.5
1,27.1979,87.0809,2016-07-24,115.7,250.4,480.8,668.6,115.7,1740.0,19.69,-0.5,-0.866
1,12.8806,75.0327,2010-11-11,12.6,30.9,83.4,131.0,23.6,19.0,2.56,-0.5,0.866
1,31.0164,77.0991,2014-10-15,3.9,12.8,12.8,29.2,8.7,1675.0,16.52,-0.866,0.5
1,29.2611,81.1833,2009-10-06,61.0,121.3,124.2,136.9,61.0,1297.0,26.81,-0.866,0.5
1,6.9565,81.0243,2011-02-01,79.7,107.9,144.9,155.2,79.7,747.0,5.46,0.866,0.5
1,27.3543,88.6428,2010-05-31,2.9,15.6,61.4,189.6,21.5,2126.0,18.39,0.5,-0.866
1,24.7679,93.4108,2010-10-08,36.1,79.3,96.8,174.8,36.1,483.0,11.85,-0.866,0.5
1,33.2257,75.6695,2011-03-03,29.6,80.3,124.0,167.4,38.4,2086.0,23.41,1.0,0.0
1,20.7916,97.0484,2014-06-15,2.7,13.7,27.2,63.5,10.6,1499.0,19.84,0.0,-1.0
1,33.2599,75.8886,2011-04-17,15.4,30.3,73.7,153.0,39.3,2960.0,20.22,0.866,-0.5
1,27.7366,85.3305,2013-05-31,38.4,109.4,165.2,233.3,57.2,1337.0,4.61,0.5,-0.866
1,27.8173,83.4644,2011-07-03,12.9,87.0,259.0,327.9,98.7,1048.0,20.91,-0.5,-0.866
1,27.8027,85.9149,2016-06-07,5.4,22.8,46.5,112.9,11.4,1472.0,25.27,0.0,-1.0
1,34.0123,77.9988,2012-07-07,0.5,1.0,1.0,15.9,0.5,4929.0,17.8,-0.5,-0.866
1,30.0261,78.6278,2015-06-21,12.5,42.2,48.2,52.5,19.1,468.0,9.93,0.0,-1.0
1,19.2677,73.0618,2014-09-02,38.4,258.4,350.2,440.1,126.7,27.0,1.83,-1.0,-0.0
1,29.7036,78.5658,2009-09-01,7.4,18.0,34.5,49.1,7.4,391.0,21.8,-1.0,-0.0
1,27.9604,84.2231,2011-08-14,59.6,89.0,104.8,323.9,59.6,808.0,21.25,-0.866,-0.5
1,33.798,74.2562,2014-09-04,144.8,222.4,225.6,231.7,144.8,1403.0,27.12,-1.0,-0.0
1,33.2477,75.1919,2011-03-01,1.7,11.8,64.6,86.3,18.4,905.0,19.05,1.0,0.0
1,30.5345,79.0853,2013-10-16,0.0,0.7,11.4,27.1,6.4,1409.0,13.4,-0.866,0.5
1,35.4784,72.5894,2015-10-27,0.0,40.3,53.4,103.8,25.7,1979.0,8.81,-0.866,0.5
1,27.9706,83.397,2013-07-22,13.3,33.3,187.7,383.6,57.1,1224.0,23.08,-0.5,-0.866
1,25.72,94.6219,2015-08-02,7.1,41.0,68.6,299.5,28.5,1765.0,43.87,-0.866,-0.5
1,30.6539,78.3366,2013-07-26,4.3,19.4,94.6,180.2,23.0,1056.0,35.28,-0.5,-0.866
1,26.0101,94.5282,2016-07-26,1.5,76.4,112.3,191.6,47.1,1701.0,14.37,-0.5,-0.866
1,25.6566,96.3495,2016-07-12,24.0,44.7,84.9,328.4,24.0,270.0,1.15,-0.5,-0.866
1,30.4605,79.4774,2013-07-24,10.7,67.1,181.5,379.1,40.2,2465.0,31.96,-0.5,-0.866
1,19.029,73.311,2015-06-22,13.1,101.1,163.4,302.0,46.9,50.0,2.46,0.0,-1.0
1,27.9582,84.2726,2009-07-31,33.2,96.7,541.4,604.1,304.2,405.0,24.39,-0.5,-0.866
1,33.623,72.9793,2010-08-14,9.7,22.0,25.3,60.9,10.8,581.0,0.91,-0.866,-0.5
1,28.1855,83.6527,2016-07-27,19.1,241.5,392.4,614.1,160.8,784.0,20.29,-0.5,-0.866
1,28.758,77.15,2013-05-26,0.0,0.0,0.0,0.3,0.0,214.0,1.74,0.5,-0.866
1,12.9455,75.7797,2015-07-08,6.8,13.5,26.5,127.1,6.8,900.0,4.36,-0.5,-0.866
1,32.7334,77.5914,2007-08-12,4.5,11.7,14.3,19.8,6.6,5665.0,34.66,-0.866,-0.5
1,27.1722,87.0479,2011-07-03,107.5,158.2,373.6,625.1,107.5,1616.0,18.59,-0.5,-0.866
1,34.3932,73.4538,2008-01-06,8.0,20.1,20.1,20.1,9.3,941.0,27.51,0.5,0.866
1,30.3351,78.5113,2016-07-16,76.8,141.1,166.0,326.7,76.8,1482.0,16.5,-0.5,-0.866
1,27.0875,88.4572,2007-09-20,0.0,3.0,28.7,423.9,10.4,215.0,18.04,-1.0,-0.0
1,25.682,94.1076,2010-10-09,13.3,61.5,99.5,164.0,27.5,1435.0,12.66,-0.866,0.5
1,27.6746,83.7533,2013-07-19,25.3,110.2,165.6,406.1,63.8,275.0,8.65,-0.5,-0.866
1,28.172,85.0852,2015-06-25,4.0,27.3,70.5,397.9,13.3,2127.0,15.07,0.0,-1.0
1,34.5255,73.3447,2016-07-16,9.8,21.8,42.2,89.2,9.8,1091.0,33.12,-0.5,-0.866
1,6.973070057,81.08552027,2011-02-14,0.7,0.7,32.4,356.9,20.7,842.0,9.16,0.866,0.5
1,7.033,81.0673,2011-02-07,24.4,76.9,306.7,378.2,79.7,536.0,9.99,0.866,0.5
1,27.7757,85.9614,2013-09-09,2.5,17.9,52.4,226.0,13.0,1619.0,28.61,-1.0,-0.0
1,27.0524,90.4997,2009-10-06,22.6,40.8,42.4,73.2,22.6,1540.0,22.47,-0.866,0.5
1,31.673,76.5338,2013-07-14,1.0,4.7,30.1,106.4,22.5,748.0,3.72,-0.5,-0.866
1,31.09907494,77.1723589,2010-06-09,8.9,139.2,140.9,176.7,100.7,2043.0,23.93,0.0,-1.0
1,22.202,92.2217,2015-02-08,0.0,0.0,0.0,0.0,0.0,49.0,4.37,0.866,0.5
1,26.8599,89.3943,2010-07-21,175.4,341.0,498.4,1118.0,175.4,387.0,16.72,-0.5,-0.866
1,24.9016,91.8771,2015-06-11,95.5,181.9,277.0,482.4,95.5,24.0,3.73,0.0,-1.0
1,28.6572,82.2345,2011-08-31,8.2,29.3,42.6,123.5,15.4,1132.0,10.32,-0.866,-0.5
1,17.3895,78.499,2007-08-13,0.0,10.2,16.2,75.6,5.4,497.0,3.34,-0.866,-0.5
1,27.0167,78.1333,2008-10-12,0.0,0.0,0.4,1.8,0.3,166.0,1.46,-0.866,0.5
1,20.9383,92.2195,2015-07-27,68.0,318.6,444.2,614.5,136.8,27.0,5.49,-0.5,-0.866
1,27.8143,85.8315,2010-09-06,48.6,69.0,134.3,298.0,48.6,2408.0,24.46,-1.0,-0.0
1,22.9,96.48,2008-08-16,8.8,26.6,141.7,280.4,58.8,1186.0,8.98,-0.866,-0.5
1,28.2064,85.575,2015-04-25,4.1,7.4,10.6,54.3,4.1,3863.0,8.05,0.866,-0.5
1,30.7292,78.4396,2013-08-17,11.2,34.6,132.8,299.0,42.1,1139.0,25.97,-0.866,-0.5
1,25.2193,90.5549,2015-08-19,52.3,144.9,205.2,267.8,52.3,249.0,14.97,-0.866,-0.5
1,27.5748,91.8644,2016-07-28,8.2,37.9,210.7,448.6,44.4,2695.0,10.51,-0.5,-0.866
1,21.44,92.0,2008-07-03,54.5,123.4,281.1,370.2,55.5,2.0,1.46,-0.5,-0.866
1,27.6,87.24,2008-07-22,142.9,206.6,273.6,507.2,142.9,2665.0,18.46,-0.5,-0.866
1,27.0971,90.4032,2007-09-10,48.8,100.0,503.2,693.1,160.1,1418.0,33.6,-1.0,-0.0
1,22.9231,96.5016,2008-06-11,27.0,75.7,158.3,203.4,36.1,1130.0,6.76,0.0,-1.0
1,27.7908,84.4783,2015-04-28,14.6,20.6,42.7,58.9,14.6,833.0,43.33,0.866,-0.5
1,29.2385,81.7285,2011-08-14,23.4,50.9,117.3,201.0,23.4,1730.0,44.76,-0.866,-0.5
1,14.7812,74.499,2009-10-02,31.8,139.3,182.9,290.0,55.3,336.0,21.17,-0.866,0.5
1,28.0276,83.3164,2010-08-19,10.3,74.3,137.2,229.9,47.7,1515.0,12.3,-0.866,-0.5
1,25.318,94.0441,2013-08-09,5.9,21.6,107.2,162.8,61.7,1026.0,15.67,-0.866,-0.5
1,28.0081,84.6476,2014-08-15,32.1,261.7,347.7,552.8,185.4,1150.0,20.29,-0.866,-0.5
1,29.3038,80.6581,2016-06-04,3.7,13.1,61.3,143.7,28.8,1190.0,9.96,0.0,-1.0
1,31.5596,77.1679,2013-07-07,31.3,140.5,163.4,250.7,85.4,1885.0,18.27,-0.5,-0.866
1,33.5791,73.0868,2013-06-30,3.2,12.4,33.7,33.9,11.0,487.0,3.43,0.0,-1.0
1,24.7016,93.5291,2015-08-11,11.8,27.0,98.3,265.9,38.3,664.0,20.05,-0.866,-0.5
1,7.6192,80.6405,2011-02-07,17.8,75.7,477.1,554.0,169.5,361.0,11.13,0.866,0.5
1,28.4197,83.1421,2010-07-16,35.5,56.8,108.7,224.6,35.5,2662.0,45.75,-0.5,-0.866
1,34.6861,73.1879,2008-04-05,59.1,69.1,70.5,73.4,59.1,2953.0,18.0,0.866,-0.5
1,21.464,83.9462,2007-09-23,43.0,80.8,110.1,173.2,43.0,153.0,1.81,-1.0,-0.0
1,23.9304,88.2374,2007-07-21,30.0,70.3,139.6,169.3,30.0,17.0,1.15,-0.5,-0.866
1,17.6874,83.1993,2015-10-02,6.3,43.8,47.2,101.5,22.0,27.0,1.81,-0.866,0.5
1,28.2719,83.7405,2011-08-19,22.4,154.0,285.3,591.0,79.4,894.0,9.96,-0.866,-0.5
1,33.2424,75.2381,2012-02-04,35.8,41.7,41.7,47.7,35.8,732.0,10.22,0.866,0.5
1,22.3521,91.8151,2013-07-28,60.2,163.0,192.4,211.8,60.2,45.0,1.67,-0.5,-0.866
1,30.3214,78.0319,2011-07-06,17.7,29.8,41.3,264.2,17.7,657.0,2.08,-0.5,-0.866
1,32.9041,75.0911,2016-08-07,19.3,47.1,102.1,160.7,36.3,644.0,2.02,-0.866,-0.5
1,30.1944,79.1939,2013-07-23,13.2,53.5,144.4,238.1,49.9,1722.0,9.8,-0.5,-0.866
1,31.7756,76.9876,2015-08-13,17.3,87.9,295.4,547.0,121.2,1001.0,13.94,-0.866,-0.5
1,30.6935,77.4266,2016-07-26,55.7,61.3,91.6,224.8,55.7,1620.0,29.91,-0.5,-0.866
1,26.9318,87.3201,2013-09-06,2.6,38.9,126.5,244.0,35.6,332.0,24.81,-1.0,-0.0
1,25.0633,92.8025,2010-06-16,16.0,67.0,116.2,578.6,37.5,91.0,25.49,0.0,-1.0
1,25.6703,94.1095,2011-07-11,19.3,25.8,52.5,238.5,19.3,1448.0,14.47,-0.5,-0.866
1,36.4628,74.6191,2010-10-07,0.0,0.0,0.0,27.2,0.0,5222.0,35.0,-0.866,0.5
1,34.1577,73.8257,2015-04-14,0.0,0.0,0.0,101.7,0.0,1040.0,14.67,0.866,-0.5
1,11.344,76.8691,2013-11-24,5.5,7.9,21.4,82.9,6.5,771.0,36.52,-0.5,0.866
1,10.4497,77.5206,2011-10-15,27.3,51.8,70.3,76.6,27.3,326.0,0.41,-0.866,0.5
1,30.4876,78.0366,2012-08-05,5.4,84.7,133.1,212.8,64.4,1353.0,38.97,-0.866,-0.5
1,29.2027,80.5307,2011-08-16,22.1,104.2,167.7,289.9,44.6,1309.0,6.13,-0.866,-0.5
1,32.5612,76.1238,2015-03-10,0.0,29.9,64.4,259.0,29.6,928.0,39.31,1.0,0.0
1,28.3131,84.9895,2016-09-28,4.3,15.4,43.4,163.6,9.9,3821.0,30.14,-1.0,-0.0
1,22.0,92.3333,2010-06-15,71.5,222.7,247.9,281.6,99.1,243.0,13.02,0.0,-1.0
1,29.5987,79.6592,2013-06-17,144.5,350.2,414.0,526.8,169.8,1581.0,17.49,0.0,-1.0
1,26.8692,88.4695,2016-10-12,87.0,192.1,249.9,268.8,91.2,202.0,10.64,-0.866,0.5
1,29.2,81.7,2008-08-27,7.2,15.1,43.1,147.8,11.0,3596.0,23.06,-0.866,-0.5
1,33.0119,97.141,2014-12-02,0.0,0.0,1.0,2.1,0.6,3852.0,38.0,-0.0,1.0
1,29.6042,79.5343,2010-09-18,92.5,210.0,286.1,446.8,105.3,1786.0,5.06,-1.0,-0.0
1,27.7713,86.166,2013-07-22,47.2,130.4,246.7,603.0,53.4,2051.0,13.97,-0.5,-0.866
1,27.7759,85.8701,2016-10-01,8.5,25.8,64.8,174.2,21.4,1627.0,38.68,-0.866,0.5
1,26.8042,88.125,2009-08-19,21.3,90.3,237.2,424.6,58.6,1038.0,30.25,-0.866,-0.5
1,6.8334,80.9933,2011-02-11,1.3,29.6,83.1,278.4,23.8,1257.0,13.88,0.866,0.5
1,31.0655,77.1325,2010-07-31,8.5,35.1,114.1,251.8,33.2,1860.0,31.31,-0.5,-0.866
1,8.742,76.8902,2009-09-12,0.0,0.9,61.4,175.4,29.1,55.0,4.58,-1.0,-0.0
1,10.0011,76.7416,2012-08-17,36.2,56.3,116.5,194.0,36.2,29.0,1.83,-0.866,-0.5
1,22.3507,91.8147,2015-07-19,20.8,111.8,157.6,301.6,49.4,37.0,2.56,-0.5,-0.866
1,12.845,75.66,2008-08-12,40.8,146.6,237.3,343.4,65.3,479.0,25.37,-0.866,-0.5
1,32.6188,75.3504,2011-08-27,7.5,17.9,44.3,77.0,17.0,777.0,8.52,-0.866,-0.5
1,33.519,70.8242,2016-07-26,4.6,7.4,19.0,97.5,5.8,1286.0,7.67,-0.5,-0.866
1,27.7592,82.6335,2010-08-19,6.0,39.8,66.9,124.5,18.3,483.0,17.62,-0.866,-0.5
1,26.8826,88.2806,2015-07-07,2.0,51.3,137.2,262.5,31.3,1593.0,17.8,-0.5,-0.866
1,27.0674,89.5615,2010-07-22,65.6,356.8,657.5,1202.6,172.5,1734.0,28.15,-0.5,-0.866
1,30.6293,78.3303,2013-08-19,13.3,36.6,105.6,278.9,33.3,960.0,26.56,-0.866,-0.5
1,25.705,94.04,2008-08-07,9.5,52.2,145.8,282.5,32.6,1029.0,20.07,-0.866,-0.5
1,26.3186,94.5121,2011-06-20,15.1,61.6,133.6,308.3,41.2,1260.0,16.93,0.0,-1.0
1,15.15,74.11,2008-08-09,90.9,201.2,314.0,669.6,90.9,62.0,2.18,-0.866,-0.5
1,28.0877,83.0971,2007-08-24,7.0,27.7,51.6,359.7,17.3,1350.0,8.28,-0.866,-0.5
1,27.26132994,86.77220558,2011-07-03,128.6,192.7,374.2,635.2,128.6,2162.0,21.42,-0.5,-0.866
1,25.1122,94.3591,2015-08-01,4.1,103.7,196.1,296.5,50.8,1822.0,16.18,-0.866,-0.5
1,28.9986,94.8885,2012-07-05,70.9,160.4,237.2,661.7,70.9,604.0,2.95,-0.5,-0.866
1,27.2319,88.497,2010-08-26,11.9,101.1,338.8,678.5,102.1,385.0,19.34,-0.866,-0.5
1,27.5862,80.1306,2011-07-29,7.6,40.2,49.8,181.9,16.3,144.0,0.0,-0.5,-0.866
1,32.2934,77.1803,2015-04-03,19.3,63.9,104.4,106.0,32.3,2154.0,8.85,0.866,-0.5
1,33.1517,75.5464,2008-01-06,14.0,29.3,29.3,29.3,15.3,1214.0,22.2,0.5,0.866
1,29.428,81.28,2008-08-06,6.4,33.5,95.1,198.2,28.1,2160.0,22.66,-0.866,-0.5
1,33.577,74.1872,2011-02-13,37.6,47.6,99.9,137.9,52.3,1379.0,7.26,0.866,0.5
1,26.7215,95.0283,2010-07-19,62.0,113.7,188.8,271.6,62.0,704.0,6.89,-0.5,-0.866
1,26.8988,87.2773,2013-09-06,2.6,38.9,126.5,244.0,35.6,624.0,29.42,-1.0,-0.0
1,30.3846,78.8371,2010-08-20,16.2,179.0,213.4,325.8,140.5,2174.0,10.83,-0.866,-0.5
1,22.1909,92.2135,2015-08-21,7.6,83.0,125.5,218.1,38.5,16.0,4.99,-0.866,-0.5
1,11.6753,92.749,2015-08-06,11.9,43.8,65.3,92.0,18.2,18.0,8.88,-0.866,-0.5
1,27.2872,88.2816,2007-09-18,3.0,12.2,44.5,490.4,10.4,574.0,14.13,-1.0,-0.0
1,30.5589,77.2889,2010-07-25,8.9,14.1,88.0,139.5,33.7,879.0,4.73,-0.5,-0.866
1,29.7415,81.2467,2010-12-30,10.3,10.4,10.4,10.8,10.3,3519.0,25.77,-0.0,1.0
1,30.4238,79.6724,2010-08-22,11.6,52.2,150.0,291.4,58.6,5082.0,37.42,-0.866,-0.5
1,23.7365,92.7146,2010-08-06,17.9,61.9,118.5,245.4,29.2,1010.0,22.9,-0.866,-0.5
1,27.0502,89.9442,2010-07-21,164.9,413.5,602.0,1286.3,164.9,1664.0,18.08,-0.5,-0.866
1,23.7705,92.5217,2012-11-11,0.0,0.0,32.2,45.2,15.5,69.0,3.46,-0.5,0.866
1,19.336,73.7793,2016-07-03,28.0,77.6,148.5,291.4,29.0,595.0,43.38,-0.5,-0.866
1,33.3307,75.1772,2011-02-24,12.0,30.4,40.4,131.4,18.4,1814.0,35.04,0.866,0.5
1,34.38667467,76.34149164,2010-04-20,7.7,32.8,36.1,57.4,16.2,3284.0,30.99,0.866,-0.5
1,29.5442,81.6254,2014-06-07,0.1,0.4,3.1,29.6,1.3,2313.0,9.63,0.0,-1.0
1,34.141,74.6568,2015-06-25,3.2,35.2,37.8,42.4,26.4,1581.0,0.0,0.0,-1.0
1,28.1952,83.6099,2007-07-05,3.9,15.1,43.5,144.2,12.5,1106.0,34.76,-0.5,-0.866
1,31.5168,78.0976,2013-06-15,21.8,64.2,98.1,104.3,21.8,1730.0,28.9,0.0,-1.0
1,30.135,78.3896,2010-09-03,52.9,86.6,116.0,243.4,52.9,380.0,3.1,-1.0,-0.0
1,27.7185,83.47,2015-08-08,3.9,21.7,56.6,186.6,25.2,343.0,31.04,-0.866,-0.5
1,26.1498,94.6055,2013-08-04,15.0,32.1,71.1,232.7,23.0,1721.0,20.47,-0.866,-0.5
1,30.75402442,79.49970189,2010-09-17,50.3,57.7,84.4,268.8,50.3,3137.0,7.05,-1.0,-0.0
1,27.3144,89.545,2009-10-15,0.0,0.0,7.8,253.0,7.5,2133.0,31.26,-0.866,0.5
1,27.9411,85.6838,2014-07-13,15.8,65.5,123.1,254.1,28.0,2077.0,30.83,-0.5,-0.866
1,27.7009,86.726,2016-07-07,22.7,68.9,164.1,521.1,33.2,3168.0,44.61,-0.5,-0.866
1,33.2483,75.2131,2016-08-07,17.1,24.4,53.8,90.5,17.1,702.0,29.21,-0.866,-0.5
1,26.9015,88.4719,2016-07-21,98.2,243.7,521.8,609.6,124.4,231.0,28.47,-0.5,-0.866
1,28.7014,82.6513,2011-08-03,51.0,72.0,137.1,381.2,51.0,2071.0,34.11,-0.866,-0.5
1,33.0271,75.0018,2011-08-07,7.4,19.4,45.0,133.9,11.6,2087.0,23.32,-0.866,-0.5
1,6.9315,81.1752,2011-02-11,0.2,29.7,104.8,409.1,33.8,660.0,18.2,0.866,0.5
1,26.8836,88.2791,2009-05-26,156.1,213.4,278.5,329.6,156.1,1527.0,28.37,0.5,-0.866
1,33.7795,70.4457,2015-04-02,14.6,42.0,55.3,59.8,21.5,1557.0,10.78,0.866,-0.5
1,11.7792,78.2034,2007-10-25,2.5,43.1,132.5,176.2,35.8,1426.0,4.47,-0.866,0.5
1,22.1334,96.4669,2015-10-13,17.2,48.6,101.6,160.2,20.2,1293.0,7.33,-0.866,0.5
1,29.5798,80.2123,2012-03-04,0.0,0.0,7.4,9.2,7.0,1532.0,0.41,1.0,0.0
1,28.61209203,81.64645269,2014-08-16,18.4,82.9,133.5,293.0,47.6,985.0,17.05,-0.866,-0.5
1,26.148,94.8422,2010-08-14,19.4,39.5,71.2,216.1,19.9,1504.0,23.78,-0.866,-0.5
1,29.8825,81.2603,2016-07-29,6.4,17.5,43.7,131.4,11.0,5023.0,34.31,-0.5,-0.866
1,27.3258,86.087,2007-09-03,4.7,42.4,119.5,185.4,32.1,1291.0,22.25,-1.0,-0.0
1,15.9517,73.9958,2010-07-30,76.3,172.3,500.8,954.3,99.4,667.0,34.41,-0.5,-0.866
1,22.3421,91.8242,2008-08-18,20.6,74.0,146.6,260.6,31.3,32.0,5.15,-0.866,-0.5
1,19.1287,72.8889,2010-07-31,29.0,68.9,139.6,390.6,29.0,31.0,1.83,-0.5,-0.866
1,27.0087,88.443,2015-06-17,18.4,40.3,98.3,161.6,21.9,361.0,18.1,0.0,-1.0
1,24.896,91.9022,2008-08-01,17.5,41.9,115.7,334.7,21.6,21.0,1.18,-0.866,-0.5
1,31.5494,76.9001,2009-09-09,52.1,55.6,82.3,183.5,52.1,860.0,5.82,-1.0,-0.0
1,25.5144,90.2167,2011-08-16,73.4,104.6,187.9,345.2,73.4,327.0,10.3,-0.866,-0.5
1,35.1807,76.0557,2015-07-24,0.0,0.0,19.3,46.7,8.9,2337.0,0.86,-0.5,-0.866
1,12.8659,74.8852,2015-04-22,10.1,31.4,46.9,85.2,16.7,22.0,2.64,0.866,-0.5
1,29.3987,79.4841,2010-09-20,5.8,127.2,292.1,452.2,105.3,2340.0,37.99,-1.0,-0.0
1,29.48,80.94,2009-12-23,0.0,0.0,0.0,0.8,0.0,1669.0,41.85,-0.0,1.0
1,30.9111,78.6814,2015-08-15,5.1,32.0,94.0,239.8,21.6,1940.0,27.74,-0.866,-0.5
1,25.606,96.275,2008-07-30,11.3,34.4,107.8,316.6,25.4,386.0,11.4,-0.5,-0.866
1,31.71456806,77.02239366,2011-08-07,18.9,40.1,61.4,200.4,18.9,877.0,26.17,-0.866,-0.5
1,27.3027,86.5079,2016-07-29,9.9,41.4,334.0,736.9,113.2,1693.0,15.61,-0.5,-0.866
1,27.5964,85.1114,2007-09-07,2.4,132.1,201.7,271.1,96.1,2101.0,12.62,-1.0,-0.0
1,28.4505,83.342,2013-09-03,63.9,121.9,154.8,238.3,63.9,1927.0,23.03,-1.0,-0.0
1,21.7684,92.3783,2012-06-24,89.5,125.7,181.0,282.9,89.5,225.0,3.24,0.0,-1.0
1,29.9862,78.6115,2010-07-20,126.3,199.2,228.0,311.7,126.3,1082.0,31.4,-0.5,-0.866
1,11.405,76.0376,2012-07-22,18.4,46.4,70.9,181.7,18.4,61.0,7.65,-0.5,-0.866
1,33.9548314,74.79428356,2015-03-28,26.2,26.2,38.0,98.7,26.2,1617.0,1.43,1.0,0.0
1,25.52,91.27,2007-09-11,7.9,36.9,360.9,519.8,115.4,1340.0,8.77,-1.0,-0.0
1,22.3605,91.8236,2015-09-27,0.0,0.2,125.4,182.6,56.2,21.0,3.97,-1.0,-0.0
1,26.7969,89.591,2008-06-07,25.2,48.1,177.7,207.8,66.7,1552.0,20.91,0.0,-1.0
1,21.3354,95.0827,2011-10-20,0.6,53.6,106.2,122.7,37.6,70.0,0.29,-0.866,0.5
1,11.4046,76.6953,2007-10-26,11.0,40.2,106.4,161.2,30.3,2208.0,6.23,-0.866,0.5
1,26.1964,91.7652,2014-06-28,4.7,38.0,113.7,288.5,45.1,78.0,4.62,0.0,-1.0
1,34.0886,74.0301,2015-04-03,18.4,87.0,172.6,178.7,45.0,1306.0,6.89,0.866,-0.5
1,30.4091,79.0579,2013-06-24,18.5,26.8,27.7,368.4,18.5,838.0,17.98,0.0,-1.0
1,26.8772,87.3215,2016-10-13,2.8,10.1,62.0,106.4,16.0,1000.0,33.45,-0.866,0.5
1,31.7017,76.973,2013-07-07,56.3,185.0,201.0,274.3,95.1,757.0,31.83,-0.5,-0.866
1,22.3913,91.8177,2015-07-19,20.8,111.8,157.6,301.6,49.4,16.0,2.99,-0.5,-0.866
1,31.645,78.4354,2010-07-07,1.0,40.4,43.2,45.5,20.3,2882.0,28.76,-0.5,-0.866
1,27.0678,88.456,2015-07-01,13.2,54.6,103.4,200.8,30.1,1087.0,21.33,-0.5,-0.866
1,27.06826195,88.28121204,2007-09-05,94.1,171.3,230.5,300.5,94.1,1728.0,8.25,-1.0,-0.0
1,34.09,74.0256,2010-05-25,0.0,3.1,7.8,53.3,4.0,1307.0,16.72,0.5,-0.866
1,15.3956,74.0113,2015-08-05,17.3,31.2,72.4,262.1,19.0,57.0,2.06,-0.866,-0.5
1,30.0134,79.9261,2010-08-18,84.2,147.1,209.3,407.5,84.2,1722.0,23.21,-0.866,-0.5
1,24.4265,94.1913,2015-08-01,6.8,208.1,439.2,593.6,114.9,1299.0,9.24,-0.866,-0.5
1,28.3594,82.1279,2011-08-22,4.4,15.9,65.2,164.0,14.9,1312.0,16.14,-0.866,-0.5
1,29.0508,81.3,2013-06-17,239.2,314.2,315.2,367.7,239.2,1231.0,42.03,0.0,-1.0
1,9.835,76.8661,2013-08-07,3.1,98.7,240.3,321.2,96.1,251.0,14.24,-0.866,-0.5
1,31.563,77.9796,2010-09-19,48.7,77.4,152.6,248.1,64.8,1510.0,33.2,-1.0,-0.0
1,27.0483,86.3248,2015-07-05,9.0,43.2,89.0,135.5,20.4,1194.0,18.16,-0.5,-0.866
1,16.656,73.5178,2009-10-01,9.9,61.9,74.4,141.8,30.6,93.0,9.7,-0.866,0.5
1,33.0272,74.9465,2014-08-16,28.3,48.4,58.2,97.7,28.3,1763.0,23.53,-0.866,-0.5
1,33.9823,73.796,2014-09-03,51.9,67.5,78.6,111.1,51.9,1234.0,18.39,-1.0,-0.0
1,31.4898,76.7043,2013-06-11,24.5,32.1,32.6,34.9,24.5,708.0,4.69,0.0,-1.0
1,26.8352,88.1881,2015-07-01,18.5,49.8,118.1,293.9,24.7,982.0,15.11,-0.5,-0.866
1,26.8992,88.1667,2009-08-20,109.9,167.5,346.0,538.4,109.9,1564.0,9.09,-0.866,-0.5
1,29.139,81.773,2011-08-14,23.4,50.9,117.3,201.0,23.4,1566.0,33.68,-0.866,-0.5
1,23.72988966,92.71495623,2010-09-13,12.9,23.6,51.2,105.8,12.9,946.0,28.84,-1.0,-0.0
1,26.1833,91.8,2007-09-13,17.7,22.0,123.8,371.6,45.6,67.0,1.28,-1.0,-0.0
1,26.8712,88.3052,2010-07-04,10.1,95.5,163.6,542.8,54.2,1128.0,29.55,-0.5,-0.866
1,27.1667,88.35,2007-09-09,24.9,277.2,573.2,670.5,185.1,1162.0,32.6,-1.0,-0.0
1,29.4903,90.9352,2012-05-03,1.3,5.0,15.6,30.8,4.5,3606.0,3.08,0.5,-0.866
1,26.876,75.8101,2012-05-30,0.0,0.0,0.0,0.0,0.0,436.0,0.64,0.5,-0.866
1,30.67629482,79.04191791,2011-06-29,8.7,91.3,156.6,195.0,46.8,2516.0,40.19,0.0,-1.0
1,6.9554,80.9282,2011-02-01,79.7,107.9,144.9,155.2,79.7,1076.0,9.68,0.866,0.5
1,25.9702,91.8587,2014-10-05,0.0,0.6,2.3,115.3,1.3,299.0,14.74,-0.866,0.5
1,30.7284,79.4971,2010-08-16,9.9,73.1,195.1,361.9,43.5,3048.0,21.57,-0.866,-0.5
1,27.8187,85.7734,2016-05-20,5.5,9.0,38.2,69.7,12.8,979.0,24.8,0.5,-0.866
1,28.0461,83.2627,2016-10-03,6.8,14.9,31.0,113.1,10.2,1515.0,30.95,-0.866,0.5
1,31.7093,76.9297,2013-07-07,56.3,185.0,201.0,274.3,95.1,752.0,1.83,-0.5,-0.866
1,28.6792,82.6789,2014-08-10,16.0,49.9,85.7,192.7,21.5,1475.0,41.09,-0.866,-0.5
1,32.0275,77.3446,2015-08-18,1.5,18.5,100.5,342.4,32.1,1774.0,40.55,-0.866,-0.5
1,27.7344,88.633,2011-08-25,8.8,24.1,46.3,235.5,11.4,3541.0,30.56,-0.866,-0.5
1,28.3341,83.4966,2013-07-22,19.2,37.7,201.6,391.2,80.5,2217.0,19.51,-0.5,-0.866
1,27.7167,85.15,2008-09-12,17.7,52.3,75.3,111.5,17.8,914.0,6.85,-1.0,-0.0
1,26.7903,88.11,2016-08-09,5.8,10.3,46.7,211.1,16.3,658.0,19.94,-0.866,-0.5
1,27.339,88.6065,2012-06-14,25.0,47.5,92.3,170.4,25.0,1487.0,27.72,0.0,-1.0
1,33.8147,72.9394,2010-02-09,18.7,109.5,129.4,167.1,69.6,605.0,1.54,0.866,0.5
1,33.9741,73.792,2012-08-23,2.9,10.3,19.6,56.1,4.7,1169.0,5.31,-0.866,-0.5
1,27.21819015,86.91913823,2011-07-03,107.5,158.2,373.6,625.1,107.5,1973.0,24.71,-0.5,-0.866
1,30.416,78.3415,2015-07-24,5.8,49.2,92.6,274.6,26.7,2325.0,16.38,-0.5,-0.866
1,27.8315,85.1638,2014-08-29,14.3,31.6,58.2,315.1,14.3,1263.0,18.92,-0.866,-0.5
1,27.9937,82.4827,2010-08-22,96.8,122.6,178.4,253.8,96.8,626.0,1.15,-0.866,-0.5
1,34.5847,73.3731,2012-08-19,3.2,4.1,13.0,25.5,3.9,1210.0,27.41,-0.866,-0.5
1,31.1191,77.5092,2010-09-19,81.2,110.7,272.0,532.5,129.5,1566.0,30.6,-1.0,-0.0
1,25.4993,94.1192,2007-09-09,12.8,92.0,186.7,416.2,57.3,1923.0,14.79,-1.0,-0.0
1,10.2445,77.5146,2011-11-03,9.2,24.2,113.3,217.4,26.6,1741.0,20.76,-0.5,0.866
1,35.2169,76.4243,2010-08-07,6.1,13.8,16.5,22.8,7.3,2566.0,23.56,-0.866,-0.5
1,30.2414,78.908,2011-06-07,2.7,3.4,13.7,39.7,8.8,765.0,26.96,0.0,-1.0
1,30.7204,79.0758,2015-07-28,4.8,23.9,69.5,149.6,19.5,3560.0,41.59,-0.5,-0.866
1,33.3296,75.203,2015-03-02,54.6,108.2,223.9,278.4,84.0,1171.0,31.97,1.0,0.0
1,19.3805,84.5699,2016-06-26,7.9,15.0,20.8,66.9,7.9,64.0,0.64,0.0,-1.0
1,25.5212,90.232,2007-07-27,62.9,175.3,254.6,358.9,73.5,583.0,9.54,-0.5,-0.866
1,35.3005,74.4492,2016-10-11,0.0,2.1,21.5,44.4,9.5,4206.0,43.35,-0.866,0.5
1,27.7211,83.4692,2009-12-26,0.0,0.0,0.0,0.2,0.0,239.0,19.47,-0.0,1.0
1,28.9429,82.3354,2014-08-14,36.7,66.3,114.4,214.1,36.7,3030.0,48.19,-0.866,-0.5
1,28.4167,83.6667,2007-09-26,38.4,111.9,117.0,171.8,57.6,2736.0,26.4,-1.0,-0.0
1,34.0404,75.3156,2015-07-10,29.2,42.5,55.0,76.7,29.2,2566.0,41.42,-0.5,-0.866
1,23.9278,94.0906,2015-08-01,11.3,392.8,594.3,834.6,203.7,909.0,19.03,-0.866,-0.5
1,27.92,85.19,2008-07-06,20.9,107.4,240.3,457.3,48.0,672.0,20.39,-0.5,-0.866
1,6.9851,81.0556,2013-02-15,10.0,45.6,94.6,108.5,23.6,657.0,1.67,0.866,0.5
1,24.9667,93.55,2007-08-26,42.9,97.0,117.6,155.6,42.9,585.0,23.99,-0.866,-0.5
1,32.3733,77.2498,2010-07-07,7.0,94.6,104.3,150.5,63.1,3940.0,4.86,-0.5,-0.866
1,33.13810294,75.51068484,2016-03-17,50.1,52.8,158.3,172.6,50.1,1224.0,31.84,1.0,0.0
1,20.87,92.5275,2010-06-15,56.1,199.5,287.2,340.4,76.8,8.0,2.46,0.0,-1.0
1,19.1935,73.0114,2010-08-19,2.6,43.0,55.6,94.7,25.8,113.0,27.63,-0.866,-0.5
1,27.7745,85.2401,2010-09-02,18.0,47.6,134.4,375.1,31.2,1125.0,11.09,-1.0,-0.0
1,27.8287,85.5763,2015-05-03,0.4,5.0,40.8,71.5,20.0,816.0,13.13,0.5,-0.866
1,10.0545,78.0298,2016-07-07,0.1,1.0,1.0,10.1,0.7,188.0,0.41,-0.5,-0.866
1,25.1775,93.0123,2012-06-03,159.2,268.8,339.3,383.5,159.2,646.0,12.25,0.0,-1.0
1,20.8287,92.4063,2010-06-15,56.1,199.5,287.2,340.4,76.8,14.0,1.43,0.0,-1.0
1,31.7766,76.9832,2014-09-09,4.2,29.1,146.5,202.2,36.5,976.0,10.22,-1.0,-0.0
1,21.06313524,92.19566765,2010-06-15,66.6,243.3,320.1,368.1,110.4,187.0,5.37,0.0,-1.0
1,7.088,80.6517,2011-04-23,13.6,46.1,121.4,197.5,28.9,977.0,13.72,0.866,-0.5
1,33.0186,75.2405,2015-03-28,7.7,7.7,9.9,79.8,7.7,1026.0,17.12,1.0,0.0
1,32.9918,75.1945,2013-07-29,32.6,47.0,87.8,242.8,32.6,912.0,27.13,-0.5,-0.866
1,27.0161,88.2478,2015-06-29,15.9,88.7,162.6,327.9,44.4,2185.0,11.02,0.0,-1.0
1,10.3031,76.7604,2013-08-07,11.5,148.5,384.1,552.5,137.3,877.0,26.25,-0.866,-0.5
1,34.8067,73.5654,2011-02-06,75.3,137.3,176.7,183.8,75.3,3685.0,18.06,0.866,0.5
1,25.3056,93.1265,2012-06-03,143.7,236.6,296.5,336.2,143.7,285.0,7.69,0.0,-1.0
1,33.1463,75.7454,2008-05-01,1.6,3.5,10.9,14.6,4.0,1222.0,21.73,0.5,-0.866
1,27.9995,84.6333,2014-07-22,25.5,45.3,196.2,392.8,66.8,1360.0,32.06,-0.5,-0.866
1,24.3311,91.5642,2015-02-09,0.0,0.0,0.0,0.0,0.0,15.0,0.64,0.866,0.5
1,28.278,84.35,2008-08-26,121.9,251.7,316.4,465.2,121.9,1012.0,22.08,-0.866,-0.5
1,17.9031,73.4361,2011-09-04,36.6,146.8,310.8,588.4,89.8,375.0,20.93,-1.0,-0.0
1,27.832,84.5423,2016-06-27,9.7,23.4,72.6,270.7,26.4,243.0,29.36,0.0,-1.0
1,33.2413,75.2381,2012-04-24,3.3,20.3,44.0,73.5,16.2,734.0,12.86,0.866,-0.5
1,15.3925,73.8377,2008-06-06,48.0,69.2,88.7,119.2,48.0,45.0,1.72,0.0,-1.0
1,28.2045,84.7387,2014-08-08,14.3,48.8,159.4,310.6,51.3,1712.0,21.95,-0.866,-0.5
1,33.2611,75.2138,2014-09-11,0.4,1.5,106.4,232.6,69.5,1167.0,27.84,-1.0,-0.0
1,35.7508,68.8479,2014-11-09,0.1,10.9,20.8,33.4,6.9,1232.0,10.22,-0.5,0.866
1,27.7667,85.7,2007-09-05,78.3,129.3,189.6,287.3,78.3,1070.0,14.55,-1.0,-0.0
1,25.1941,94.4481,2015-08-01,3.6,81.5,151.4,300.6,44.4,1713.0,12.25,-0.866,-0.5
1,9.879,76.9683,2013-08-05,71.1,206.8,263.0,406.1,116.5,579.0,20.79,-0.866,-0.5
1,18.7654,73.364,2013-11-13,0.0,0.0,0.0,0.0,0.0,455.0,11.4,-0.5,0.866
1,10.3184,77.5277,2010-11-16,17.5,25.3,59.9,123.6,17.5,1161.0,15.0,-0.5,0.866
1,25.4196,94.1054,2010-07-29,20.5,46.6,117.4,253.3,22.8,1415.0,13.84,-0.5,-0.866
1,27.0165,88.2476,2015-06-13,50.3,120.6,243.4,476.1,50.3,2185.0,17.63,0.0,-1.0
1,18.8204,97.1594,2015-10-11,45.6,68.0,92.0,114.8,45.6,1023.0,32.55,-0.866,0.5
1,14.8937,74.5828,2015-07-19,14.2,43.7,60.7,115.4,15.1,411.0,5.61,-0.5,-0.866
1,7.2853,80.4829,2011-04-22,19.8,53.6,123.2,209.8,24.4,600.0,14.33,0.866,-0.5
1,27.7838,85.8369,2010-09-02,17.4,46.6,135.2,440.9,26.6,1796.0,33.62,-1.0,-0.0
1,25.83,94.13,2011-08-18,3.8,16.1,74.6,337.4,30.9,1006.0,10.54,-0.866,-0.5
1,9.7967,77.0611,2016-06-15,4.2,18.3,109.4,231.8,39.3,937.0,8.19,0.0,-1.0
1,24.5938,72.7308,2015-07-28,118.6,559.7,617.7,643.7,255.2,1218.0,25.47,-0.5,-0.866
1,29.5863,80.2186,2015-07-24,5.0,35.3,84.3,187.5,37.3,1657.0,6.78,-0.5,-0.866
1,24.9926,93.4946,2013-05-12,4.0,149.6,539.1,610.9,154.6,1131.0,6.68,0.5,-0.866
1,26.88211522,88.3195318,2009-08-16,42.0,121.7,243.6,407.8,49.9,1256.0,9.71,-0.866,-0.5
1,23.4495,92.8112,2015-08-28,1.3,16.5,45.2,160.1,9.9,867.0,31.04,-0.866,-0.5
1,24.7992,93.948,2011-07-22,10.9,31.1,117.0,159.5,37.9,779.0,0.57,-0.5,-0.866
1,22.9167,93.6833,2013-08-23,5.4,17.5,138.0,257.9,55.3,1555.0,34.18,-0.866,-0.5
1,26.1665,91.7049,2013-10-06,22.4,47.5,64.0,134.7,22.4,231.0,10.83,-0.866,0.5
1,19.2179,73.1694,2010-08-30,30.7,138.9,184.1,252.1,59.2,16.0,0.64,-0.866,-0.5
1,33.0977,75.5787,2015-03-15,43.5,53.5,56.0,315.6,43.5,1085.0,10.22,1.0,0.0
1,28.3511,84.1176,2014-04-25,0.4,0.8,1.0,4.0,0.4,1418.0,23.89,0.866,-0.5
1,33.2466,75.1611,2011-03-19,21.6,27.0,27.0,27.0,21.6,1265.0,22.6,1.0,0.0
1,27.9687,83.9066,2013-07-22,17.1,26.5,116.1,254.4,42.0,728.0,27.5,-0.5,-0.866
1,26.3335,94.5512,2010-06-15,18.6,46.1,82.0,435.5,18.6,1356.0,8.25,0.0,-1.0
1,10.3228,76.4319,2013-08-04,84.4,132.9,193.8,381.1,84.4,58.0,10.39,-0.866,-0.5
1,24.954,94.2156,2015-08-01,4.1,103.7,196.1,296.5,50.8,909.0,9.24,-0.866,-0.5
1,10.0533,76.4788,2013-07-23,20.2,65.0,135.4,256.3,26.6,65.0,4.12,-0.5,-0.866
1,22.2144,92.235,2015-06-26,76.3,252.0,334.1,442.9,124.3,42.0,6.15,0.0,-1.0
1,27.9512,85.6846,2011-07-15,15.6,106.0,143.6,365.5,57.3,2739.0,23.78,-0.5,-0.866
1,27.805,84.9005,2016-08-01,8.8,74.5,199.8,478.7,42.4,365.0,13.78,-0.866,-0.5
1,25.1796,93.0083,2010-10-09,24.4,120.4,148.5,251.7,81.1,696.0,6.38,-0.866,0.5
1,25.4379,94.1162,2007-10-19,15.4,33.4,99.8,265.0,28.4,1518.0,18.66,-0.866,0.5
1,25.6183,96.2964,2015-03-08,0.0,0.0,0.6,2.4,0.3,389.0,1.28,1.0,0.0
1,33.616,77.7652,2015-07-21,8.5,30.4,47.6,89.2,14.1,4298.0,16.25,-0.5,-0.866
1,30.012,78.197,2011-07-29,9.3,27.7,56.9,125.5,11.2,355.0,1.28,-0.5,-0.866
1,32.304,77.2106,2010-07-11,6.6,16.7,111.4,157.6,63.1,3083.0,16.6,-0.5,-0.866
1,25.7055,94.0132,2007-10-16,19.0,57.7,111.8,267.7,30.6,1478.0,16.56,-0.866,0.5
1,30.7991,79.4356,2010-09-19,45.0,152.6,167.8,240.6,77.7,4135.0,33.27,-1.0,-0.0
1,35.2817,75.6394,2015-04-01,11.2,23.6,59.2,66.1,19.9,2282.0,4.71,0.866,-0.5
1,27.3034,93.804,2016-07-16,24.9,67.5,98.0,170.7,24.9,768.0,33.92,-0.5,-0.866
1,28.3092,95.4149,2010-10-03,6.2,12.4,65.0,194.0,35.6,1879.0,49.58,-0.866,0.5
1,18.7591,73.3852,2009-06-29,7.8,28.2,51.3,69.1,12.8,571.0,7.97,0.0,-1.0
1,11.51185539,76.01854791,2017-06-27,61.1,224.3,374.5,451.0,94.3,792.0,28.05,0.0,-1.0
1,25.9466,94.6279,2014-09-08,3.9,15.2,27.6,60.3,10.8,1376.0,32.31,-1.0,-0.0
1,27.6047,88.6463,2013-09-08,3.7,23.5,201.2,414.8,67.4,1634.0,18.8,-1.0,-0.0
1,26.8597,89.3903,2012-09-15,70.2,223.5,317.0,360.3,118.8,302.0,18.57,-1.0,-0.0
1,33.4372,75.2027,2013-02-22,35.7,43.1,71.7,100.5,35.7,1806.0,23.38,0.866,0.5
1,28.3952,83.5043,2013-06-10,7.0,19.8,65.4,168.1,21.9,1977.0,28.72,0.0,-1.0
1,27.8808,83.3395,2010-09-15,18.5,35.5,88.1,188.6,28.2,1075.0,35.76,-1.0,-0.0
1,26.8096,88.526,2007-06-15,49.9,110.0,365.7,400.5,166.7,156.0,14.79,0.0,-1.0
1,19.0176,72.8562,2010-06-08,2.6,19.5,28.4,29.0,10.3,17.0,1.28,0.0,-1.0
1,27.6291,87.9436,2010-10-08,0.4,0.5,1.8,6.0,0.8,4374.0,52.5,-0.866,0.5
1,19.0298,72.9104,2007-06-25,20.6,145.1,311.5,406.1,95.3,146.0,26.42,0.0,-1.0
1,34.151,74.1213,2010-02-10,0.0,95.1,212.4,257.8,81.2,1479.0,28.62,0.866,0.5
1,27.9654,84.4107,2011-07-02,53.7,155.5,267.3,405.2,62.4,407.0,10.38,-0.5,-0.866
1,15.0296,74.0253,2007-08-07,34.5,138.0,456.0,671.2,143.4,29.0,6.05,-0.866,-0.5
1,7.5694,80.5284,2012-12-18,18.2,62.9,67.4,75.4,27.4,163.0,3.82,-0.0,1.0
1,25.2269,93.1658,2010-06-15,4.2,23.1,38.1,334.7,10.3,396.0,2.08,0.0,-1.0
1,30.709,76.9834,2014-08-04,4.7,10.2,39.3,91.1,14.9,742.0,11.04,-0.866,-0.5
1,28.6019,83.3378,2016-07-20,14.0,50.5,132.2,299.9,26.6,2906.0,30.4,-0.5,-0.866
1,33.3118,75.7525,2013-07-08,2.4,13.5,16.1,60.6,9.2,1508.0,28.03,-0.5,-0.866
1,19.0222,72.8663,2013-07-10,54.6,82.9,125.4,234.1,54.6,13.0,3.82,-0.5,-0.866
1,7.2532,80.6909,2011-01-09,173.8,279.8,350.9,377.7,173.8,504.0,15.87,0.5,0.866
1,26.7225,95.0281,2010-07-06,6.5,22.6,102.9,243.0,35.1,706.0,13.46,-0.5,-0.866
1,24.3481,94.1146,2015-08-01,6.9,288.2,444.4,651.1,147.9,995.0,2.92,-0.866,-0.5
1,28.18,85.11,2008-06-24,21.0,64.9,230.2,452.7,51.9,1934.0,37.65,0.0,-1.0
1,35.4453,73.9342,2012-09-18,1.4,15.9,28.7,61.5,11.2,1659.0,34.6,-1.0,-0.0
1,6.5261,80.1563,2014-06-01,3.7,18.6,54.0,101.8,18.4,17.0,3.45,0.0,-1.0
1,29.5866,80.2154,2016-08-05,31.9,37.4,78.8,323.9,31.9,1602.0,18.2,-0.866,-0.5
1,30.9209,77.0206,2011-07-08,6.9,13.8,17.2,94.8,6.9,1286.0,18.43,-0.5,-0.866
1,30.1818,81.4392,2015-03-03,1.7,57.3,92.5,95.2,35.2,3630.0,43.98,1.0,0.0
1,26.1468,91.6469,2015-02-14,0.3,0.7,0.8,1.2,0.3,52.0,4.47,0.866,0.5
1,25.3612,92.2845,2010-04-21,18.7,137.8,228.7,266.9,67.8,1227.0,2.56,0.866,-0.5
1,24.6108,92.562,2015-02-19,0.7,0.7,2.6,2.6,1.8,27.0,0.41,0.866,0.5
1,25.7354,90.3852,2014-09-21,23.6,64.6,100.8,137.5,27.4,334.0,4.65,-1.0,-0.0
1,28.7773,82.4728,2011-09-05,4.9,20.6,78.7,224.4,18.1,2626.0,31.07,-1.0,-0.0
1,25.8143,90.5763,2014-09-24,2.9,80.3,156.2,204.3,63.8,63.0,3.73,-1.0,-0.0
1,25.63961883,94.11112157,2010-09-12,15.5,40.9,77.5,162.5,15.5,1499.0,12.76,-1.0,-0.0
1,33.2355,75.2449,2014-03-20,0.0,7.3,34.0,164.4,25.2,731.0,36.16,1.0,0.0
1,27.8686,83.6606,2013-07-22,15.2,33.7,155.8,322.1,63.8,1080.0,16.68,-0.5,-0.866
1,24.5308,92.5121,2016-05-18,24.8,71.1,125.9,137.8,36.6,67.0,2.46,0.5,-0.866
1,33.1754,75.8103,2015-03-21,0.0,0.0,58.0,123.4,33.4,1030.0,29.56,1.0,0.0
1,27.2676,88.2891,2016-10-12,78.2,156.2,212.1,226.6,78.2,573.0,43.4,-0.866,0.5
1,26.8342,88.2798,2009-09-18,12.1,29.4,41.8,219.7,12.1,456.0,30.6,-1.0,-0.0
1,27.795,84.432,2008-08-14,32.7,59.7,119.3,315.0,32.7,241.0,36.8,-0.866,-0.5
1,30.5319,79.3541,2011-06-07,7.8,10.7,34.7,102.0,16.2,2689.0,39.05,0.0,-1.0
1,27.9639,84.8981,2014-07-18,57.3,113.3,222.8,417.8,57.3,1097.0,23.34,-0.5,-0.866
1,27.4385,87.0898,2008-08-31,18.1,115.1,309.4,443.1,59.5,1186.0,22.2,-0.866,-0.5
1,31.7655,68.1831,2016-03-19,0.0,5.9,20.1,48.2,13.1,2111.0,0.91,1.0,0.0
1,30.56,77.3,2008-09-19,26.6,43.1,44.4,49.5,26.6,876.0,15.79,-1.0,-0.0
1,23.7269,92.7265,2015-08-27,3.8,21.9,47.3,122.4,12.9,898.0,17.95,-0.866,-0.5
1,27.256,90.5257,2012-04-06,19.5,39.4,51.8,117.9,19.5,1723.0,37.71,0.866,-0.5
1,25.3908,94.0926,2015-07-22,20.6,86.7,171.4,302.0,34.4,1314.0,4.79,-0.5,-0.866
1,22.3555,91.8205,2007-06-11,45.5,95.9,160.7,175.1,45.5,28.0,2.18,0.0,-1.0
1,27.9507,84.415,2011-07-02,53.7,155.5,267.3,405.2,62.4,413.0,12.18,-0.5,-0.866
1,24.0896,91.4663,2013-05-08,74.1,204.5,389.2,439.8,78.2,107.0,2.02,0.5,-0.866
1,19.17377751,72.88274367,2010-07-22,45.0,137.4,215.9,282.0,49.5,76.0,7.74,-0.5,-0.866
1,26.84850975,88.26181745,2011-06-17,37.3,64.0,96.5,168.4,37.3,953.0,35.03,0.0,-1.0
1,27.1303,87.8711,2010-08-24,19.4,92.1,192.6,355.9,45.5,2154.0,25.63,-0.866,-0.5
1,31.1581,77.7155,2010-09-20,2.2,79.1,99.8,323.3,57.5,1788.0,20.62,-1.0,-0.0
1,28.7236,82.1515,2008-07-31,27.4,127.3,178.5,298.5,87.9,1713.0,17.3,-0.5,-0.866
1,29.5952,79.6625,2013-07-31,7.1,29.1,86.9,412.4,20.4,1479.0,22.67,-0.5,-0.866
1,26.1966,91.802,2016-07-20,15.9,51.8,157.7,316.8,48.8,107.0,11.67,-0.5,-0.866
1,17.7345,83.2884,2015-12-19,1.1,1.3,1.6,1.6,1.1,21.0,1.15,-0.0,1.0
1,17.2634,73.5446,2007-09-01,32.1,113.6,209.9,346.7,54.1,98.0,7.25,-1.0,-0.0
1,25.08303063,94.23757741,2017-04-06,7.5,66.3,165.2,304.5,56.2,1672.0,18.32,0.866,-0.5
1,32.2282,77.1898,2011-06-29,6.8,27.0,34.5,45.6,15.0,1813.0,7.6,0.0,-1.0
1,30.7362,78.44,2012-08-14,11.3,32.4,67.7,220.5,14.7,1683.0,32.29,-0.866,-0.5
1,27.8595,83.7711,2013-06-18,25.7,100.6,149.3,228.1,47.3,1194.0,21.76,0.0,-1.0
1,33.53,71.0525,2015-07-13,4.5,35.9,63.2,96.7,24.0,975.0,29.09,-0.5,-0.866
1,27.425,87.0569,2009-09-19,10.7,49.7,56.3,149.4,27.7,1540.0,46.03,-1.0,-0.0
1,27.7368,86.1636,2015-05-12,2.2,7.5,14.2,38.8,4.6,959.0,6.66,0.5,-0.866
1,25.4749,93.1477,2010-10-09,17.1,86.7,127.2,188.6,51.0,152.0,4.01,-0.866,0.5
1,30.89221723,77.09003076,2016-07-02,39.7,51.2,71.3,83.1,39.7,1598.0,34.36,-0.5,-0.866
1,26.1097,91.7747,2014-09-22,45.8,143.0,184.1,275.8,77.6,60.0,0.41,-1.0,-0.0
1,28.6167,82.6167,2007-08-24,5.4,11.9,47.5,198.4,16.4,1485.0,6.28,-0.866,-0.5
1,34.1042,72.46,2010-07-25,0.1,0.1,248.6,272.2,174.5,334.0,1.28,-0.5,-0.866
1,26.2753,94.6654,2010-08-17,4.8,68.7,115.5,227.4,42.6,1115.0,26.64,-0.866,-0.5
1,15.8513,73.8161,2011-07-17,66.8,270.1,465.8,629.0,127.8,44.0,10.58,-0.5,-0.866
1,27.0771,88.482,2008-06-30,15.5,43.6,119.4,249.6,46.4,1239.0,14.12,0.0,-1.0
1,30.73,78.4378,2015-07-19,18.2,47.2,107.6,306.0,36.5,1171.0,31.33,-0.5,-0.866
1,33.2361,75.2441,2012-02-19,2.0,2.9,50.7,87.1,37.6,791.0,27.04,0.866,0.5
1,31.348,77.4614,2013-06-16,93.5,141.9,239.5,258.1,93.5,878.0,18.08,0.0,-1.0
1,33.4341,75.1923,2008-01-07,14.2,38.5,39.8,39.8,14.2,1742.0,42.44,0.5,0.866
1,26.1001,91.6849,2014-09-22,45.8,143.0,184.1,275.8,77.6,84.0,17.88,-1.0,-0.0
1,28.524,84.0095,2012-05-05,6.2,18.7,28.7,44.1,7.5,3648.0,20.54,0.5,-0.866
1,34.9033,72.6459,2010-02-26,23.1,62.2,62.4,129.5,34.4,1487.0,31.6,0.866,0.5
1,33.6118,73.0439,2011-07-29,1.6,16.6,29.6,41.9,8.9,508.0,0.29,-0.5,-0.866
1,7.159883,80.562102,2016-11-18,24.8,42.0,85.6,108.5,24.8,486.0,1.83,-0.5,0.866
1,28.235,94.9612,2016-07-19,30.1,94.6,225.3,278.5,71.8,251.0,41.99,-0.5,-0.866
1,27.62,86.84,2013-07-10,26.4,62.1,158.3,239.4,27.7,4551.0,39.24,-0.5,-0.866
1,33.40832011,75.20596208,2017-04-08,6.2,93.4,150.3,157.9,68.2,1825.0,28.79,0.866,-0.5
1,9.497393176,76.8696375,2011-08-06,22.8,66.1,100.3,203.7,28.3,101.0,2.88,-0.866,-0.5
1,17.0032,73.3572,2011-06-17,19.8,73.7,182.4,535.4,34.8,127.0,1.03,0.0,-1.0
1,27.9726582,83.76126893,2017-07-05,24.9,92.2,187.6,245.1,45.2,855.0,12.07,-0.5,-0.866
1,27.9869,84.2765,2016-06-16,52.0,75.5,130.8,193.4,52.0,329.0,7.15,0.0,-1.0
1,12.8733,74.8481,2007-08-09,16.3,42.4,131.2,395.9,45.2,42.0,4.36,-0.866,-0.5
1,26.9722,88.4481,2010-08-19,74.2,162.7,327.2,393.5,74.2,417.0,29.74,-0.866,-0.5
1,34.1586,72.8541,2013-09-07,3.0,4.1,12.8,34.3,3.6,536.0,5.55,-1.0,-0.0
1,30.3299,79.3206,2016-06-29,9.0,34.2,69.5,122.0,19.4,900.0,27.0,0.0,-1.0
1,33.0,74.9277,2008-08-15,32.5,46.8,102.2,233.2,34.8,1014.0,38.15,-0.866,-0.5
1,26.2208,73.6106,2007-08-14,1.6,4.2,10.1,53.4,3.7,266.0,1.03,-0.866,-0.5
1,28.376,83.4946,2013-06-10,7.0,19.8,65.4,168.1,21.9,978.0,37.94,0.0,-1.0
1,35.0111,72.7056,2010-07-29,89.7,263.2,276.0,318.6,115.3,2276.0,29.8,-0.5,-0.866
1,27.4083,87.2739,2014-08-04,3.2,36.4,66.0,159.4,17.8,803.0,33.03,-0.866,-0.5
1,13.6529,79.3439,2013-11-17,15.2,36.5,36.5,42.0,19.4,541.0,32.57,-0.5,0.866
1,27.04357147,88.26522126,2009-05-26,128.9,186.7,286.4,373.2,128.9,2077.0,3.48,0.5,-0.866
1,7.2097,80.207,2011-05-27,3.9,15.4,24.9,47.1,7.8,104.0,7.77,0.5,-0.866
1,27.1748,86.775,2016-07-31,11.2,36.7,231.0,741.9,113.8,1140.0,14.08,-0.5,-0.866
1,31.4881,76.6702,2013-06-11,24.5,32.1,32.6,34.9,24.5,691.0,2.64,0.0,-1.0
1,28.0095,83.8669,2016-07-31,17.8,98.0,280.0,598.9,98.5,1017.0,14.1,-0.5,-0.866
1,30.4528,78.1045,2015-07-24,7.8,38.1,96.8,298.9,23.9,2096.0,32.15,-0.5,-0.866
1,10.0838,77.0696,2011-06-02,55.0,162.2,225.4,286.0,93.0,1470.0,11.04,0.0,-1.0
1,22.479713,77.970495,2016-08-07,27.4,60.3,139.9,207.9,30.2,367.0,0.91,-0.866,-0.5
1,26.1699,91.7986,2007-07-19,8.2,36.9,162.8,284.3,61.0,151.0,4.01,-0.5,-0.866
1,19.241559,72.970312,2016-12-23,0.0,0.0,0.0,0.0,0.0,40.0,1.74,-0.0,1.0
1,30.23936058,77.9558167,2017-07-13,0.2,60.0,85.4,154.5,33.7,730.0,3.62,-0.5,-0.866
1,30.50415824,79.48751264,2017-04-06,20.4,53.9,54.1,58.1,30.0,1446.0,37.02,0.866,-0.5
1,30.24147729,78.89773782,2017-07-07,37.3,49.3,85.1,170.4,37.3,786.0,28.04,-0.5,-0.866
1,27.357968,85.975127,2016-09-11,15.5,42.0,169.4,295.4,45.5,515.0,15.41,-1.0,-0.0
1,19.17066427,73.02142667,2017-06-26,29.2,82.5,98.6,179.4,37.9,78.0,23.65,0.0,-1.0
1,19.292213,73.064979,2017-07-11,7.5,15.1,44.3,198.7,8.6,19.0,1.74,-0.5,-0.866
1,31.01260519,78.88449525,2017-04-06,20.8,72.5,72.5,72.7,41.1,3064.0,36.36,0.866,-0.5
1,30.41288197,78.08379453,2017-07-11,46.5,70.4,96.9,201.0,46.5,1133.0,26.91,-0.5,-0.866
1,27.61274095,85.09556375,2017-06-21,19.9,30.9,82.4,159.1,20.6,2273.0,19.14,0.0,-1.0
1,30.81350174,78.6179215,2017-04-05,36.0,41.4,42.8,43.5,36.0,1714.0,17.3,0.866,-0.5
1,30.61461423,78.3157525,2017-04-06,25.0,65.6,65.6,66.5,38.1,876.0,15.8,0.866,-0.5
1,19.17041801,73.02151508,2017-07-06,6.4,18.7,81.5,267.0,26.6,78.0,23.65,-0.5,-0.866
1,30.59661,79.569767,2016-09-11,8.0,18.7,30.2,55.5,8.2,1736.0,50.88,-1.0,-0.0
1,27.11610665,93.79559574,2017-07-09,104.8,177.2,254.3,514.3,104.8,153.0,6.44,-0.5,-0.866
1,25.181453,93.118105,2017-04-04,60.2,66.5,457.8,481.4,161.2,593.0,10.45,0.866,-0.5
1,25.178619,92.012806,2017-03-16,0.0,0.0,30.5,72.3,13.9,12.0,0.0,1.0,0.0
1,35.99797569,71.56077472,2017-02-04,50.4,115.7,171.1,333.3,55.9,2451.0,31.12,0.866,0.5
1,7.704408,80.77697,2017-02-26,11.3,13.4,15.9,60.4,11.3,142.0,0.86,0.866,0.5
1,24.506937,91.588893,2016-11-01,1.4,4.0,28.1,28.2,12.2,13.0,1.81,-0.5,0.866
1,34.57829667,73.3605212,2017-01-08,0.9,33.4,113.2,113.3,33.1,1148.0,26.77,0.5,0.866
1,35.72120055,74.81907701,2017-04-22,9.9,17.6,29.8,42.4,12.2,1732.0,27.13,0.866,-0.5
1,25.82601444,91.87113067,2017-07-09,9.1,19.2,194.7,401.5,102.5,633.0,8.01,-0.5,-0.866
1,31.50015823,73.3456681,2017-01-17,0.9,5.5,6.0,18.0,4.6,189.0,0.29,0.5,0.866
1,33.24823884,75.21350071,2017-02-05,48.7,87.8,99.2,242.6,48.7,717.0,30.95,0.866,0.5
1,27.79532591,84.43283218,2017-06-22,8.3,141.3,183.3,230.0,110.0,346.0,41.99,0.0,-1.0
1,27.02099026,89.90712175,2017-07-08,147.1,167.8,309.7,753.7,147.1,1610.0,21.76,-0.5,-0.866
1,31.10312666,77.20355516,2017-09-02,4.9,42.3,65.9,114.8,19.4,2243.0,27.02,-1.0,-0.0
1,28.18269,85.343049,2016-09-12,38.9,105.0,199.2,382.8,45.1,1526.0,32.97,-1.0,-0.0
1,28.2622,85.373125,2016-09-12,38.9,105.0,199.2,382.8,45.1,1721.0,15.62,-1.0,-0.0
1,28.10756941,94.18315697,2017-06-20,4.8,54.8,122.1,273.8,42.3,857.0,22.63,0.0,-1.0
1,6.959222,80.794842,2017-03-07,5.5,6.3,30.6,58.6,8.9,1928.0,5.27,1.0,0.0
1,22.97758595,91.80439129,2017-06-18,13.3,41.1,245.2,368.2,142.9,65.0,8.37,0.0,-1.0
1,28.064974,83.244916,2016-10-22,2.8,5.2,10.1,48.3,3.3,1509.0,9.93,-0.866,0.5
1,11.339753,76.869056,2017-03-24,0.0,0.0,3.7,39.5,1.6,553.0,26.49,1.0,0.0
1,36.2806339,74.61062816,2017-04-22,18.9,43.5,56.2,58.5,18.9,2131.0,6.05,0.866,-0.5
1,27.140584,86.398964,2016-09-12,51.6,134.8,232.3,566.5,55.5,1015.0,21.56,-1.0,-0.0
1,34.08452617,74.03027722,2017-01-25,58.2,114.7,118.3,151.3,58.2,1360.0,7.14,0.5,0.866
1,31.0563269,77.13685018,2017-01-06,18.0,18.0,21.2,21.2,18.0,2090.0,46.57,0.5,0.866
1,24.79591421,93.72386429,2017-03-30,145.4,167.5,176.4,204.7,145.4,1007.0,31.23,1.0,0.0
1,33.30044087,75.18163117,2017-02-03,0.0,0.0,13.7,155.1,8.3,1073.0,38.29,0.866,0.5
1,27.02856666,89.57220662,2017-07-08,175.0,201.3,338.9,567.5,175.0,2146.0,35.96,-0.5,-0.866
1,20.944738,85.156627,2017-03-27,0.0,0.0,0.0,3.6,0.0,115.0,1.74,1.0,0.0
1,35.44377033,73.98356806,2017-04-06,15.1,46.6,48.2,62.2,20.8,1135.0,23.31,0.866,-0.5
1,34.89483946,72.79989006,2017-02-22,0.5,2.1,77.6,83.8,44.1,839.0,18.78,0.866,0.5
1,22.90813548,92.47207294,2017-06-09,11.2,52.5,112.2,359.4,40.7,178.0,20.44,0.0,-1.0
1,35.378269,71.786687,2017-02-18,36.1,48.4,54.1,128.8,36.1,2377.0,31.84,0.866,0.5
1,28.282927,83.583154,2016-09-18,9.2,31.5,143.3,245.0,89.0,1509.0,26.62,-1.0,-0.0
1,30.8754355,77.00009329,2017-01-26,37.0,72.7,74.0,83.3,37.0,1204.0,27.46,0.5,0.866
1,25.43807422,91.79904872,2017-06-17,35.1,104.2,266.2,297.3,86.3,1869.0,4.01,0.0,-1.0
1,11.329547,76.801586,2016-11-16,0.6,3.0,5.7,21.2,2.4,1416.0,6.9,-0.5,0.866
1,19.663933,82.210221,2017-03-31,0.0,0.0,0.5,1.6,0.5,605.0,1.18,1.0,0.0
1,27.340009,87.196504,2016-09-21,33.7,86.0,187.9,319.9,50.0,484.0,9.44,-1.0,-0.0
1,25.51826286,91.9630294,2017-02-15,0.0,0.1,2.0,5.0,1.9,1611.0,5.27,0.866,0.5
1,26.16066111,91.85294885,2017-04-05,1.3,45.3,158.8,199.5,46.4,102.0,6.02,0.866,-0.5
1,34.58916028,74.24641226,2017-04-18,0.0,0.0,0.0,110.4,0.0,1947.0,33.74,0.866,-0.5
1,33.1292173,75.44618906,2017-04-16,0.0,0.0,0.0,151.7,0.0,1030.0,29.73,0.866,-0.5
1,27.82743132,93.62407259,2017-05-03,4.7,25.2,72.8,157.8,19.7,994.0,26.83,0.5,-0.866
1,33.365952,70.760821,2016-11-16,0.0,0.0,1.5,2.5,1.5,935.0,0.86,-0.5,0.866
1,27.51353298,89.79033898,2017-07-08,60.8,92.8,202.9,405.5,60.8,2160.0,9.68,-0.5,-0.866
1,29.44260809,81.58545459,2017-07-01,38.6,44.5,61.0,106.8,38.6,2740.0,25.61,-0.5,-0.866
1,23.65637182,93.02746602,2017-06-17,5.0,24.7,219.8,308.9,110.5,531.0,21.53,0.0,-1.0
1,25.092576,91.763689,2017-03-06,0.4,36.5,37.0,102.7,35.8,9.0,0.41,1.0,0.0
1,33.220138,75.796448,2017-03-19,0.0,0.8,3.4,54.5,2.6,1057.0,33.37,1.0,0.0
1,27.1071241,93.65156438,2017-07-09,83.8,158.2,240.7,499.0,83.8,290.0,17.53,-0.5,-0.866
1,28.101232,83.405823,2016-09-20,20.7,39.0,67.0,161.4,20.7,1477.0,11.05,-1.0,-0.0
1,26.985606,87.322163,2016-09-21,39.9,69.1,166.0,278.7,48.8,823.0,19.84,-1.0,-0.0
1,25.481623,93.141692,2017-04-04,49.1,61.1,291.5,313.9,82.3,160.0,4.86,0.866,-0.5
1,24.83507319,93.89896294,2017-07-09,4.9,67.1,171.0,316.7,51.1,948.0,27.49,-0.5,-0.866
1,33.17580726,75.81055668,2017-02-25,0.8,0.8,41.8,46.6,16.5,1030.0,29.26,0.866,0.5
1,28.471897,84.811891,2016-09-16,4.3,10.4,105.1,240.3,35.9,4154.0,47.79,-1.0,-0.0
1,33.43537575,75.19067397,2016-12-26,0.0,3.0,3.0,7.6,2.9,1729.0,30.83,-0.0,1.0
1,33.17598419,75.81088889,2017-04-15,0.0,0.0,0.2,138.9,0.2,1070.0,33.79,0.866,-0.5
1,32.99132221,75.19427899,2017-04-12,0.0,0.0,107.7,170.1,101.1,866.0,30.87,0.866,-0.5
1,27.21668161,93.63051815,2017-07-11,6.3,139.0,218.7,516.1,75.3,732.0,35.02,-0.5,-0.866
1,33.37197314,75.19440189,2017-02-27,0.0,0.4,12.0,47.1,11.1,1500.0,24.52,0.866,0.5
1,18.769972,73.36312926,2017-01-30,0.0,0.0,0.0,0.0,0.0,483.0,5.61,0.5,0.866
1,32.83198,75.730159,2016-11-10,0.0,0.0,0.4,2.2,0.4,3283.0,23.34,-0.5,0.866
1,32.3071683,77.60234008,2017-04-30,12.3,13.8,25.9,36.2,12.3,4162.0,34.56,0.866,-0.5
1,8.584503303,76.97925203,2017-04-13,7.9,23.0,42.3,86.3,8.8,106.0,4.25,0.866,-0.5
1,24.37169581,93.70684171,2017-07-10,26.8,48.2,108.3,256.0,26.8,810.0,2.18,-0.5,-0.866
1,29.61896246,81.322472,2017-07-10,14.9,42.1,110.0,218.4,31.8,2163.0,24.86,-0.5,-0.866
1,27.85256028,84.55829403,2017-04-14,5.8,5.8,5.8,31.1,5.8,245.0,30.34,0.866,-0.5
1,34.91321927,72.75163388,2017-04-27,0.0,0.4,33.0,36.1,23.5,1301.0,35.01,0.866,-0.5
1,34.63639,74.77415081,2017-01-25,38.5,92.2,103.7,133.6,41.7,3461.0,38.6,0.5,0.866
1,25.67836832,91.9234343,2017-06-17,41.4,97.2,246.5,291.5,69.6,992.0,19.0,0.0,-1.0
1,33.85483981,74.76317443,2015-03-30,11.4,113.2,127.6,181.2,72.6,1963.0,31.19,1.0,0.0
1,7.044361138,93.79758632,2017-01-06,3.8,92.2,134.6,134.6,46.5,106.0,14.47,0.5,0.866
1,27.56884999,85.50492198,2017-07-09,76.7,125.8,219.2,450.0,76.7,1709.0,13.82,-0.5,-0.866
1,27.0844941,93.60505989,2017-07-09,100.5,198.0,282.3,536.5,100.5,291.0,9.17,-0.5,-0.866
1,32.34193603,77.22157675,2017-05-05,0.0,35.0,56.1,73.5,22.3,3377.0,32.88,0.5,-0.866
1,33.18025403,75.80786093,2017-03-30,0.0,0.5,0.7,9.7,0.5,1064.0,4.09,1.0,0.0
1,29.83416882,80.26894533,2017-07-11,11.1,141.3,288.3,385.2,98.9,1318.0,38.29,-0.5,-0.866
1,11.28965,76.94171,2016-11-16,0.2,1.9,2.8,12.6,1.7,340.0,0.81,-0.5,0.866
1,25.167803,92.019575,2017-03-08,2.4,3.6,41.0,73.0,35.3,14.0,1.15,1.0,0.0
1,24.70412149,92.23034662,2017-06-18,59.0,132.7,271.2,392.4,73.8,66.0,11.78,0.0,-1.0
1,25.195355,93.172758,2017-04-04,46.9,53.7,365.0,385.2,126.9,645.0,8.83,0.866,-0.5
1,33.27070612,75.17529327,2017-02-04,39.1,39.1,50.5,194.2,39.1,1015.0,30.86,0.866,0.5
1,23.33501164,92.85410625,2017-06-12,169.0,237.1,294.1,555.7,169.0,854.0,33.03,0.0,-1.0
1,11.35008,76.791735,2016-12-22,0.0,0.0,0.0,28.4,0.0,1762.0,12.25,-0.0,1.0
1,27.79280733,84.43347027,2017-07-12,0.2,124.2,225.0,320.9,110.0,392.0,43.27,-0.5,-0.866
1,25.08734272,91.75063827,2017-01-23,0.0,0.0,0.0,0.0,0.0,8.0,0.64,0.5,0.866
1,35.4781125,73.27650031,2017-04-22,20.7,28.2,35.0,35.1,20.7,1060.0,37.14,0.866,-0.5
1,33.24199059,75.22770891,2017-01-06,34.3,40.5,42.7,42.7,34.3,735.0,37.47,0.5,0.866
1,33.33819588,75.19229171,2017-01-06,32.8,41.2,45.3,45.3,32.8,1185.0,30.73,0.5,0.866
1,35.85332031,71.77677082,2017-02-04,55.9,100.8,135.3,236.1,55.9,1733.0,29.45,0.866,0.5
1,24.27173018,93.28039349,2017-07-09,2.5,21.5,84.1,204.1,22.0,1055.0,25.43,-0.5,-0.866
1,27.583849,91.876945,2017-07-11,6.0,60.0,153.8,319.7,31.4,2746.0,14.43,-0.5,-0.866
1,33.38247258,75.7228768,2017-02-23,1.6,31.8,97.6,99.1,28.0,1503.0,18.24,0.866,0.5
1,33.288297,75.178026,2017-02-28,1.9,1.9,4.1,74.6,1.9,1005.0,40.55,0.866,0.5
1,35.08160909,72.97571516,2017-04-24,10.0,39.5,43.7,43.7,20.1,1177.0,50.49,0.866,-0.5
1,25.69111465,94.09483333,2017-07-12,11.3,135.2,285.7,546.8,98.8,1385.0,12.02,-0.5,-0.866
1,27.360364,88.651914,2017-07-10,10.3,193.3,305.6,533.3,92.6,2284.0,19.93,-0.5,-0.866
1,35.11357355,73.00616682,2017-02-12,0.0,0.0,7.9,94.0,7.8,860.0,18.61,0.866,0.5
1,23.32140323,93.75079688,2017-03-19,0.0,0.5,0.5,81.7,0.5,2019.0,40.05,1.0,0.0
1,34.06830898,74.63364102,2017-07-13,0.1,20.0,20.2,36.0,10.6,1669.0,11.41,-0.5,-0.866
1,27.14163897,93.66495709,2017-07-09,75.3,149.9,261.0,479.3,75.3,986.0,12.01,-0.5,-0.866
1,27.05957271,93.50102778,2017-07-09,79.7,173.6,275.6,529.4,79.7,267.0,21.41,-0.5,-0.866
1,22.64753,92.15455,2017-03-16,0.0,0.0,122.2,150.7,80.4,64.0,4.92,1.0,0.0
1,35.03832793,72.89541201,2017-01-08,4.0,49.7,155.8,155.8,51.0,722.0,33.86,0.5,0.866
1,27.104022,93.61156568,2017-04-26,46.9,186.7,201.8,261.6,79.9,287.0,14.2,0.866,-0.5
1,35.46378481,73.24949043,2017-03-22,59.0,82.5,83.3,111.1,59.0,886.0,31.13,1.0,0.0
1,25.118398,92.853913,2017-04-04,94.7,195.5,614.4,627.6,173.8,183.0,16.61,0.866,-0.5
1,33.2216593,75.26926793,2017-02-02,0.0,0.7,9.1,118.5,6.6,759.0,29.03,0.866,0.5
1,20.83341,86.035008,2016-10-24,0.0,0.0,0.0,6.8,0.0,26.0,0.41,-0.866,0.5
1,34.10563,71.157068,2016-11-05,0.0,14.0,15.1,19.9,14.0,1087.0,1.83,-0.5,0.866
1,25.61953667,96.3086022,2017-02-09,0.0,0.0,0.0,2.1,0.0,290.0,9.68,0.866,0.5
1,32.95544044,74.9648329,2017-04-08,2.0,90.2,153.0,153.8,84.7,725.0,27.1,0.866,-0.5
1,35.7276334,71.30557792,2017-02-06,2.6,51.6,106.5,183.2,45.6,3319.0,39.33,0.866,0.5
1,33.370552,75.193916,2017-03-10,11.8,35.3,38.8,55.3,12.5,1475.0,15.79,1.0,0.0
1,25.132228,93.04681,2017-04-04,58.4,67.8,477.0,500.0,173.4,716.0,11.29,0.866,-0.5
1,27.092916,93.61882043,2017-07-09,67.0,142.9,234.6,462.1,67.0,346.0,9.06,-0.5,-0.866
1,25.6320357,94.10065403,2017-07-09,20.2,43.5,96.7,297.3,20.7,1682.0,36.68,-0.5,-0.866
1,19.641991,82.354055,2016-12-09,0.0,0.0,0.0,0.0,0.0,652.0,3.76,-0.0,1.0
1,23.438189,91.125374,2017-03-16,0.0,0.0,59.9,80.0,45.5,44.0,0.29,1.0,0.0
1,26.96437841,92.78260587,2017-06-18,18.1,149.7,243.4,274.0,77.8,147.0,18.19,0.0,-1.0
1,28.21798862,84.71592278,2017-05-11,4.3,15.8,49.8,61.7,16.8,1601.0,31.48,0.5,-0.866
1,33.336892,75.19165535,2017-02-19,16.6,20.5,21.9,70.8,16.6,1171.0,16.58,0.866,0.5
1,33.25646771,75.77361313,2017-02-26,0.0,1.5,26.4,54.3,14.5,1017.0,5.62,0.866,0.5
1,33.3373721,75.19213091,2017-03-06,0.0,0.0,16.1,41.3,13.2,1183.0,17.65,1.0,0.0
1,26.95223279,93.85748748,2017-07-10,61.4,247.3,326.3,606.4,140.6,88.0,0.64,-0.5,-0.866
1,24.0135808,92.67420963,2017-04-25,0.7,62.4,130.8,138.3,49.0,648.0,31.23,0.866,-0.5
1,25.73318099,93.99655231,2017-05-16,18.6,40.0,54.9,100.3,18.6,973.0,26.11,0.5,-0.866
1,33.49573061,75.18134474,2017-02-18,5.8,8.2,11.2,106.4,5.8,2106.0,17.75,0.866,0.5
1,31.76419233,77.29184098,2017-04-17,0.0,0.0,0.0,82.0,0.0,1550.0,52.43,0.866,-0.5
1,26.66354481,94.62220277,2017-06-24,18.9,58.2,116.2,304.6,32.3,340.0,8.9,0.0,-1.0
1,33.18368391,75.80816901,2017-04-22,1.8,2.9,3.0,6.4,1.8,1073.0,36.32,0.866,-0.5
1,25.64319355,89.45570226,2017-02-07,0.0,0.0,0.4,5.4,0.4,32.0,0.86,0.866,0.5
1,33.3191592,75.19329838,2017-04-17,0.0,0.0,0.0,204.3,0.0,1277.0,46.36,0.866,-0.5
1,25.72019272,94.03225673,2017-07-08,15.1,100.2,286.4,609.9,75.6,1097.0,18.29,-0.5,-0.866
1,15.2875681,73.97726045,2017-04-19,0.0,0.8,1.1,1.4,0.6,17.0,0.64,0.866,-0.5
1,34.08325186,74.84254061,2017-04-07,21.9,132.8,183.2,213.5,75.0,1650.0,20.16,0.866,-0.5
1,28.13673979,85.31637561,2017-07-10,20.2,144.6,223.3,476.4,104.2,1857.0,35.8,-0.5,-0.866
1,33.153219,75.678275,2017-04-02,0.0,2.0,2.5,8.3,2.0,885.0,21.5,0.866,-0.5
1,29.48397512,81.03043256,2017-07-09,8.3,38.9,107.9,158.4,28.9,1449.0,39.41,-0.5,-0.866
1,25.77171292,93.93507183,2017-04-07,4.8,18.2,89.2,203.7,37.2,871.0,31.39,0.866,-0.5
1,34.40393623,74.26149296,2017-04-07,13.8,108.9,142.8,158.4,68.3,1606.0,0.57,0.866,-0.5
1,27.48969875,85.05138733,2017-06-21,30.1,40.0,56.6,85.8,30.1,791.0,45.71,0.0,-1.0
1,7.160382,80.45979,2016-12-08,3.2,3.2,4.5,7.5,3.2,268.0,6.85,-0.0,1.0
1,24.33197035,91.8008536,2017-06-19,32.1,107.3,178.8,354.0,56.7,39.0,3.89,0.0,-1.0
1,33.24788762,75.21401709,2017-01-26,61.5,136.5,140.1,200.6,61.5,717.0,33.6,0.5,0.866
1,33.36011691,75.17291044,2017-01-26,64.0,154.1,160.6,206.1,64.0,1340.0,9.15,0.5,0.866
1,34.07756418,74.58081937,2017-02-23,0.1,13.4,75.9,79.6,28.0,1607.0,2.29,0.866,0.5
1,28.190436,83.332177,2017-03-05,0.0,0.0,0.9,3.0,0.5,974.0,37.09,1.0,0.0
1,33.12172879,75.40856188,2017-04-08,4.7,81.3,150.1,152.9,56.0,1129.0,25.53,0.866,-0.5
1,22.84756674,91.95656252,2017-06-18,17.0,35.3,274.2,424.0,188.9,83.0,7.39,0.0,-1.0
1,29.34137027,81.30954554,2017-07-03,5.2,100.3,126.4,163.4,57.7,1199.0,18.76,-0.5,-0.866
1,25.82860033,91.876717,2017-07-06,4.7,73.0,288.0,417.9,102.5,592.0,12.18,-0.5,-0.866
1,32.00653439,78.56989163,2017-02-21,13.4,52.5,57.0,75.7,26.1,3066.0,35.78,0.866,0.5
1,29.39496837,81.37064669,2017-07-10,13.1,74.4,161.2,302.2,50.2,1356.0,28.1,-0.5,-0.866
1,27.07671517,93.59755441,2017-07-09,100.5,198.0,282.3,536.5,100.5,225.0,4.89,-0.5,-0.866
1,27.04040393,89.90633458,2017-07-08,126.9,153.3,290.3,772.4,126.9,1358.0,14.91,-0.5,-0.866
1,33.33074507,71.27227905,2017-01-07,0.0,7.5,31.8,31.8,13.2,545.0,2.31,0.5,0.866
1,11.34376314,76.79310973,2017-01-30,0.1,15.0,32.5,44.3,9.9,1712.0,1.74,0.5,0.866
1,36.269037,72.23157,2017-02-17,7.9,21.6,25.1,70.7,10.4,2299.0,42.86,0.866,0.5
1,23.725943,92.7178,2016-09-17,11.3,42.5,83.7,112.7,24.4,1062.0,19.3,-1.0,-0.0
1,36.21630141,73.29837013,2017-04-06,4.4,15.4,23.9,33.2,6.1,2742.0,37.57,0.866,-0.5
1,31.77315744,77.30471357,2017-03-22,0.4,0.4,15.2,67.2,12.1,1317.0,25.66,1.0,0.0
1,25.73111942,93.98827528,2017-07-09,18.4,50.2,229.2,602.5,68.4,1183.0,29.73,-0.5,-0.866
1,28.219177,83.686001,2016-09-18,24.1,67.0,213.5,389.3,109.3,889.0,18.66,-1.0,-0.0
1,11.339839,76.841106,2016-12-14,6.0,27.0,27.6,89.6,15.9,871.0,20.97,-0.0,1.0
1,25.06466676,94.27420555,2017-07-08,67.4,123.7,239.9,349.7,67.4,1126.0,19.98,-0.5,-0.866
1,15.41602484,75.61670443,2017-05-15,0.7,7.2,7.7,9.0,4.1,662.0,0.29,0.5,-0.866
1,11.78127207,78.19387995,2017-02-03,0.0,0.0,3.4,41.7,1.9,1295.0,25.66,0.866,0.5
1,33.17191499,75.81074366,2017-04-25,0.2,7.9,10.9,10.9,5.0,1112.0,42.9,0.866,-0.5
1,31.09793945,77.15163968,2017-04-06,12.0,46.6,47.3,48.0,25.3,1949.0,20.76,0.866,-0.5
1,11.34942664,76.84947966,2017-05-07,5.7,10.9,30.6,36.2,12.7,1028.0,32.13,0.5,-0.866
1,33.32217847,75.19281971,2017-05-05,0.7,6.1,14.0,41.4,6.8,1243.0,21.9,0.5,-0.866
1,26.2632687,94.81481951,2017-07-10,29.4,88.4,260.0,498.5,78.9,1300.0,15.85,-0.5,-0.866
1,27.6802471,93.62592773,2017-04-22,7.0,16.3,43.7,100.5,26.2,1060.0,34.26,0.866,-0.5
1,27.16009861,91.6036289,2017-07-08,116.5,140.3,271.4,474.8,116.5,2766.0,8.29,-0.5,-0.866
1,29.16952271,81.57140363,2017-04-21,1.2,9.9,16.1,22.0,6.9,1877.0,18.55,0.866,-0.5
1,27.8080337,84.43352419,2017-06-23,0.7,119.0,179.1,227.0,110.0,267.0,24.0,0.0,-1.0
1,33.144018,75.54564,2017-07-12,10.0,22.5,26.6,87.4,10.0,1132.0,3.54,-0.5,-0.866
1,24.82767572,93.51825,2017-07-09,8.6,43.4,143.9,361.8,47.4,459.0,39.38,-0.5,-0.866
1,27.61790706,93.84196894,2017-04-22,15.0,29.3,46.1,93.9,15.0,1656.0,22.85,0.866,-0.5
1,28.308297,83.174393,2017-03-05,0.0,0.3,1.9,4.8,1.6,1055.0,22.48,1.0,0.0
1,11.328578,76.903045,2016-12-16,0.0,5.3,27.2,71.5,18.0,345.0,2.24,-0.0,1.0
1,25.61919207,92.7094701,2017-04-29,2.5,5.1,52.6,229.9,23.0,585.0,3.76,0.866,-0.5
1,32.3614925,77.23398736,2017-04-23,9.2,10.7,10.7,13.8,9.2,3808.0,37.58,0.866,-0.5
1,34.17504678,73.75421332,2017-06-23,0.0,7.0,20.5,29.0,8.3,1170.0,38.43,0.0,-1.0
1,26.56636244,93.13195098,2017-07-09,71.9,125.7,236.4,504.5,82.8,77.0,3.62,-0.5,-0.866
1,33.40307977,75.68061125,2017-03-25,0.1,0.8,12.6,31.7,7.4,1705.0,24.6,1.0,0.0
1,26.181606,91.772042,2016-12-15,0.0,0.0,0.0,0.5,0.0,55.0,0.29,-0.0,1.0
1,17.46562972,78.35650524,2017-03-13,0.0,0.0,0.1,0.1,0.1,607.0,1.67,1.0,0.0
0,25.6828,68.7378,2011-06-08,0.0,0.0,0.0,0.0,0.0,20.0,0.29,0.0,-1.0
0,28.5941,87.9626,2020-10-03,0.0,0.0,0.0,7.8,0.0,4473.0,13.12,-0.866,0.5
0,7.4535,70.764,2007-05-20,0.5,35.0,64.2,78.1,25.0,0.0,0.0,0.5,-0.866
0,23.3374,89.1226,2014-08-14,9.8,43.5,67.7,128.0,19.5,13.0,1.15,-0.866,-0.5
0,19.9763,76.2066,2012-10-25,0.0,0.1,1.4,1.4,0.9,514.0,0.29,-0.866,0.5
0,27.4442,78.0374,2017-04-25,0.1,0.5,1.0,2.3,0.5,170.0,1.28,0.866,-0.5
0,9.5663,79.2079,2015-06-12,0.0,10.8,12.1,22.4,7.5,0.0,0.0,0.0,-1.0
0,30.7138,89.5271,2009-07-13,0.8,12.6,32.6,71.4,7.1,5194.0,8.88,-0.5,-0.866
0,23.0612,92.4674,2018-08-28,9.4,17.8,63.3,147.9,18.6,120.0,13.74,-0.866,-0.5
0,23.8206,88.7849,2016-02-08,17.8,17.8,17.8,18.1,17.8,11.0,0.41,0.866,0.5
0,36.0566,93.2319,2015-09-13,0.2,0.2,7.9,40.1,4.1,4471.0,1.46,-1.0,-0.0
0,20.1023,92.6063,2013-04-12,0.0,0.0,0.0,0.0,0.0,0.0,0.0,0.866,-0.5
0,26.6053,88.7037,2012-08-03,0.4,19.4,76.0,221.5,37.3,89.0,0.0,-0.866,-0.5
0,22.5242,75.2219,2014-07-09,3.0,3.1,3.9,4.3,3.0,501.0,2.86,-0.5,-0.866
0,29.78,74.7569,2019-01-11,0.0,0.0,1.9,1.9,1.9,200.0,0.41,0.5,0.866
0,14.5322,74.224,2017-11-23,0.0,0.0,6.8,6.8,6.0,0.0,0.0,-0.5,0.866
0,12.8788,82.7273,2021-10-21,4.0,6.4,28.5,115.9,11.1,0.0,0.0,-0.866,0.5
0,10.7861,72.1191,2015-09-18,2.1,7.1,8.9,111.4,4.2,0.0,0.0,-1.0,-0.0
0,28.9104,80.6388,2014-08-12,14.7,34.0,99.2,230.0,36.3,1130.0,20.25,-0.866,-0.5
0,36.4198,72.0808,2008-07-25,0.0,0.0,0.0,0.0,0.0,5410.0,50.94,-0.5,-0.866
0,32.3331,72.5088,2020-04-22,0.0,0.8,29.4,31.6,28.4,184.0,0.29,0.866,-0.5
0,24.3923,79.3506,2023-08-15,1.5,3.2,6.6,222.7,1.6,466.0,3.26,-0.866,-0.5
0,14.0424,84.3202,2010-11-22,0.1,0.9,12.7,33.9,9.5,0.0,0.0,-0.5,0.866
0,26.9513,83.8406,2017-06-21,2.6,33.9,50.9,79.7,19.5,87.0,0.29,0.0,-1.0
0,9.8466,80.8256,2015-07-24,0.6,2.9,4.5,13.3,2.1,0.0,0.0,-0.5,-0.866
0,35.6566,90.4779,2016-07-04,4.2,16.8,25.8,48.1,11.8,4940.0,1.54,-0.5,-0.866
0,31.7501,82.9761,2012-05-12,0.4,0.9,0.9,6.4,0.5,4875.0,1.28,0.5,-0.866
0,22.6814,90.9695,2017-07-01,13.8,33.5,43.4,166.2,13.8,4.0,0.64,-0.5,-0.866
0,21.1582,71.3001,2016-06-27,1.6,33.4,51.1,55.6,22.7,170.0,1.54,0.0,-1.0
0,13.6836,75.1057,2009-08-03,6.4,18.3,143.0,262.8,54.6,599.0,3.98,-0.866,-0.5
0,28.4572,92.0727,2011-12-18,0.0,0.0,0.0,0.0,0.0,4833.0,16.74,-0.0,1.0
0,10.3517,82.0208,2023-07-09,4.5,5.2,26.9,56.3,17.5,0.0,0.0,-0.5,-0.866
0,32.673,80.4826,2013-05-18,0.0,0.6,3.3,5.2,2.2,4663.0,4.57,0.5,-0.866
0,27.8885,79.7703,2021-08-12,1.2,2.3,39.8,113.4,12.8,149.0,0.29,-0.866,-0.5
0,33.4884,81.3188,2017-05-03,0.9,0.9,3.3,4.2,2.2,4921.0,2.7,0.5,-0.866
0,7.131,84.3407,2009-08-01,0.0,0.0,4.4,4.6,2.1,0.0,0.0,-0.866,-0.5
0,27.7352,69.7368,2017-03-02,0.0,0.1,0.1,0.1,0.1,63.0,1.22,1.0,0.0
0,8.6257,75.0211,2011-08-07,6.8,37.7,58.3,107.9,16.7,0.0,0.0,-0.866,-0.5
0,28.2006,94.0303,2022-08-08,0.2,4.8,23.3,101.9,9.5,2272.0,29.37,-0.866,-0.5
0,30.7249,73.6171,2018-03-14,0.1,0.1,3.3,6.4,2.6,172.0,0.29,1.0,0.0
0,19.2074,81.7772,2010-08-22,0.3,6.5,29.2,68.0,12.5,543.0,0.57,-0.866,-0.5
0,8.3184,89.4823,2014-09-04,0.0,2.8,4.7,25.0,1.8,0.0,0.0,-1.0,-0.0
0,12.2477,83.8204,2015-04-06,0.0,0.0,0.3,0.5,0.3,0.0,0.0,0.866,-0.5
0,20.3788,93.7973,2010-03-26,0.2,0.2,0.2,0.2,0.2,631.0,18.04,1.0,0.0
0,8.0176,97.4788,2014-09-03,0.5,0.5,0.9,57.3,0.5,0.0,0.0,-1.0,-0.0
0,11.4893,82.3264,2008-05-13,0.0,0.0,0.0,0.0,0.0,0.0,0.0,0.5,-0.866
0,11.4391,68.0636,2021-06-26,2.7,3.8,7.5,15.9,2.7,0.0,0.0,0.0,-1.0
0,15.0575,88.5494,2022-08-26,1.3,2.3,17.5,80.8,6.7,0.0,0.0,-0.866,-0.5
0,11.1439,76.7529,2008-12-19,0.0,0.8,0.8,7.9,0.8,599.0,15.8,-0.0,1.0
0,28.9393,69.6864,2023-08-17,0.0,0.0,0.0,0.0,0.0,282.0,5.86,-0.866,-0.5
0,11.223,96.343,2009-03-06,0.0,0.4,4.2,6.6,2.9,0.0,0.0,1.0,0.0
0,24.3511,87.9188,2014-05-04,15.0,17.2,23.7,23.7,15.0,33.0,0.57,0.5,-0.866
0,23.8676,69.1724,2023-03-22,0.0,0.0,0.3,0.3,0.3,1.0,0.41,1.0,0.0
0,15.9911,75.6926,2014-08-11,6.6,15.8,18.9,109.7,6.6,589.0,1.03,-0.866,-0.5
0,14.4684,71.8609,2017-08-15,5.3,7.7,30.1,45.8,13.5,0.0,0.0,-0.866,-0.5
0,34.3705,95.6042,2010-01-20,0.0,0.2,0.4,0.5,0.2,4301.0,3.2,0.5,0.866
0,8.6978,74.2881,2009-05-12,0.0,8.4,17.6,30.1,8.2,0.0,0.0,0.5,-0.866
0,32.8781,78.901,2016-04-27,0.1,0.4,1.7,2.2,0.9,4469.0,24.23,0.866,-0.5
0,24.8503,97.1234,2016-08-01,10.2,35.3,66.4,219.3,25.2,146.0,1.03,-0.866,-0.5
0,34.4527,71.0558,2010-10-09,0.0,0.0,0.0,2.7,0.0,1070.0,5.31,-0.866,0.5
0,33.1914,89.9013,2013-04-10,0.0,2.1,3.6,9.3,1.4,4958.0,1.67,0.866,-0.5
0,28.0284,74.0061,2023-08-09,0.0,0.0,0.0,84.5,0.0,280.0,1.43,-0.866,-0.5
0,21.156,94.7074,2020-09-03,0.0,11.5,30.9,72.8,16.6,110.0,3.1,-1.0,-0.0
0,31.3804,69.3006,2015-06-05,3.3,7.5,7.5,10.7,3.3,1410.0,1.67,0.0,-1.0
0,11.3475,81.0341,2007-08-18,0.3,7.8,7.8,13.8,7.5,0.0,0.0,-0.866,-0.5
0,9.8562,95.879,2008-08-05,2.2,9.6,48.4,96.5,19.3,0.0,0.0,-0.866,-0.5
0,31.5379,85.184,2008-04-05,0.0,1.4,1.6,1.9,1.4,5274.0,16.88,0.866,-0.5
0,15.7478,94.52,2008-09-28,0.2,7.8,43.2,223.3,25.0,0.0,0.0,-1.0,-0.0
0,13.9859,71.0324,2020-09-28,0.0,0.3,9.1,204.8,3.5,0.0,0.0,-1.0,-0.0
0,35.7151,90.1096,2012-10-08,0.0,1.1,11.0,15.0,8.8,4889.0,5.17,-0.866,0.5
0,35.7862,91.9178,2012-10-01,1.8,1.8,6.5,32.5,1.9,5207.0,3.85,-0.866,0.5
0,28.5969,77.7995,2014-10-26,0.0,2.5,2.5,19.6,2.5,210.0,0.41,-0.866,0.5
0,14.5042,91.2275,2008-04-28,22.8,55.8,72.2,72.2,22.8,0.0,0.0,0.866,-0.5
0,32.2578,74.5618,2018-09-15,63.4,72.0,78.2,89.4,63.4,236.0,0.0,-1.0,-0.0
0,15.6557,91.4627,2013-05-01,0.0,0.0,0.0,0.0,0.0,0.0,0.0,0.5,-0.866
0,18.454,76.2188,2015-03-25,0.0,0.0,0.0,3.4,0.0,654.0,1.62,1.0,0.0
0,17.0344,83.0275,2017-08-27,24.8,44.4,78.6,145.9,24.8,0.0,0.0,-0.866,-0.5
0,34.6771,71.4026,2015-12-06,0.0,0.0,0.0,0.9,0.0,951.0,4.87,-0.0,1.0
0,7.6477,85.5989,2017-06-26,0.9,3.1,17.9,48.8,6.7,0.0,0.0,0.0,-1.0
0,19.5918,97.035,2013-04-19,0.0,0.0,1.4,1.4,0.9,1087.0,7.57,0.866,-0.5
0,14.1417,88.9092,2013-01-26,0.0,0.0,0.0,0.0,0.0,0.0,0.0,0.5,0.866
0,17.4266,70.0642,2017-08-11,0.6,3.7,13.4,26.2,2.7,0.0,0.0,-0.866,-0.5
0,26.4016,71.6764,2016-10-17,0.0,0.0,0.0,19.1,0.0,246.0,0.0,-0.866,0.5
0,26.5068,77.6224,2011-08-18,4.6,13.1,41.9,145.9,13.6,214.0,0.81,-0.866,-0.5
0,12.2552,87.6154,2012-06-24,2.3,4.9,17.8,120.5,3.5,0.0,0.0,0.0,-1.0
0,24.9654,76.878,2016-07-01,1.0,25.4,59.8,121.2,22.9,353.0,0.91,-0.5,-0.866
0,15.1074,80.6817,2017-08-21,12.6,18.0,32.2,75.4,12.6,0.0,0.0,-0.866,-0.5
0,20.4496,81.0437,2012-05-16,0.0,0.0,5.2,8.9,1.9,423.0,2.36,0.5,-0.866
0,26.2655,76.3717,2017-08-20,0.4,8.9,11.5,56.3,8.5,248.0,0.29,-0.866,-0.5
0,9.3016,96.084,2014-05-10,5.9,6.8,23.6,31.3,10.1,0.0,0.0,0.5,-0.866
0,30.6969,72.3469,2009-02-16,0.0,0.0,3.3,3.5,2.7,146.0,0.0,0.866,0.5
0,20.1625,94.141,2019-08-23,26.7,255.5,294.2,546.7,137.2,728.0,33.37,-0.866,-0.5
0,21.3313,75.1975,2010-08-01,23.6,50.3,68.5,114.4,23.6,328.0,1.46,-0.866,-0.5
0,29.8526,74.4558,2023-09-23,7.3,13.2,22.4,38.4,7.3,191.0,0.29,-1.0,-0.0
0,20.4365,84.4435,2021-10-04,5.1,9.7,52.7,131.7,21.3,514.0,8.05,-0.866,0.5
0,10.5002,81.707,2017-07-18,0.0,1.3,6.1,12.6,3.3,0.0,0.0,-0.5,-0.866
0,35.0012,94.2971,2023-08-24,1.6,2.2,9.8,38.6,6.2,4745.0,10.13,-0.866,-0.5
0,19.3022,94.7522,2022-07-06,10.2,48.9,81.1,130.1,26.0,108.0,4.36,-0.5,-0.866
0,20.0021,90.1774,2023-09-09,0.0,30.1,62.9,98.1,29.4,0.0,0.0,-1.0,-0.0
0,21.0379,75.0578,2016-07-23,2.6,10.6,32.3,250.4,8.7,188.0,0.64,-0.5,-0.866
0,13.5348,77.9075,2011-10-03,3.3,16.1,16.3,18.9,10.1,808.0,1.92,-0.866,0.5
0,11.0249,79.2995,2009-04-07,0.0,0.0,0.0,1.2,0.0,27.0,0.91,0.866,-0.5
0,18.946,77.761,2013-07-02,21.7,25.5,31.3,158.6,21.7,368.0,0.57,-0.5,-0.866
0,31.4867,79.4896,2007-09-23,0.2,0.3,0.8,3.7,0.5,4009.0,33.48,-1.0,-0.0
0,32.202,90.585,2018-06-01,0.1,3.1,4.0,4.3,1.7,4665.0,0.81,0.0,-1.0
0,15.4584,79.5046,2020-10-27,0.7,0.9,26.2,114.1,25.1,119.0,0.57,-0.866,0.5
0,22.6466,89.6717,2022-09-08,1.3,23.4,60.5,77.7,15.9,7.0,1.81,-1.0,-0.0
0,13.0826,80.8572,2019-01-11,0.0,0.0,0.1,0.1,0.1,0.0,0.0,0.5,0.866
0,28.2254,92.7949,2007-10-20,7.7,10.9,29.7,117.1,8.3,4933.0,15.07,-0.866,0.5
0,33.7079,85.4608,2020-08-03,3.7,12.0,26.4,47.7,6.0,4937.0,2.88,-0.866,-0.5
0,10.571,81.6201,2017-02-13,5.1,5.3,5.3,5.3,5.1,0.0,0.0,0.866,0.5
0,29.3369,79.1842,2020-09-27,0.0,0.4,8.8,22.8,3.2,388.0,1.54,-1.0,-0.0
0,14.0681,70.4162,2008-01-18,0.0,0.0,0.0,0.0,0.0,0.0,0.0,0.5,0.866
0,36.4972,78.3238,2008-08-25,0.7,1.5,3.6,19.3,0.8,4743.0,31.19,-0.866,-0.5
0,29.127,96.0135,2011-05-01,22.6,22.6,22.7,173.7,22.6,4046.0,30.08,0.5,-0.866
0,13.6563,81.9701,2021-04-07,0.0,0.0,0.0,0.0,0.0,0.0,0.0,0.866,-0.5
0,27.4839,90.6235,2010-05-20,23.0,60.1,84.3,170.2,33.5,3201.0,16.14,0.5,-0.866
0,29.8338,72.8311,2007-06-19,6.9,12.2,15.0,15.0,6.9,143.0,0.41,0.0,-1.0
0,34.3666,84.986,2019-10-13,0.3,0.8,5.5,10.1,2.4,4908.0,0.86,-0.866,0.5
0,34.7441,73.8507,2014-08-27,4.1,17.7,35.4,99.2,7.9,4262.0,49.37,-0.866,-0.5
0,9.557,90.7882,2010-09-20,4.1,14.7,29.1,93.3,7.4,0.0,0.0,-1.0,-0.0
0,30.3868,84.695,2020-02-18,0.0,0.0,0.0,0.7,0.0,5408.0,26.51,0.866,0.5
0,26.3456,70.0342,2020-08-01,0.0,0.0,7.7,9.9,7.7,83.0,2.72,-0.866,-0.5
0,31.1699,71.1134,2021-11-21,0.0,0.0,0.0,0.0,0.0,157.0,0.41,-0.5,0.866
0,27.7193,80.8469,2015-09-21,0.8,10.6,15.3,27.2,9.4,139.0,0.29,-1.0,-0.0
0,24.9774,95.1287,2020-09-15,10.7,58.5,169.8,229.0,43.0,249.0,3.34,-1.0,-0.0
0,31.272,85.478,2009-06-08,0.0,0.0,0.0,12.6,0.0,4705.0,1.03,0.0,-1.0
0,14.8678,81.2987,2019-09-19,5.2,60.0,101.9,115.2,35.0,0.0,0.0,-1.0,-0.0
0,16.5919,82.582,2013-06-16,0.5,18.0,45.9,95.7,16.6,0.0,0.0,0.0,-1.0
0,17.1447,75.6214,2015-06-20,0.7,2.9,37.6,68.3,22.0,511.0,0.91,0.0,-1.0
0,23.1737,83.2405,2020-05-08,0.0,0.2,2.6,28.2,1.3,591.0,4.25,0.5,-0.866
0,21.1573,90.3659,2022-08-21,2.7,50.6,103.7,461.4,46.3,0.0,0.0,-0.866,-0.5
0,19.9452,68.5087,2014-06-13,1.2,1.9,2.0,2.0,1.2,0.0,0.0,0.0,-1.0
0,15.6862,85.1559,2018-07-17,0.0,29.2,129.1,214.2,33.3,0.0,0.0,-0.5,-0.866
0,19.2651,90.0051,2021-06-23,12.9,39.7,338.6,606.5,207.5,0.0,0.0,0.0,-1.0
0,14.6275,75.4164,2017-04-07,0.0,0.0,1.3,1.4,0.7,663.0,17.63,0.866,-0.5
0,10.0866,83.808,2013-09-06,20.2,27.4,45.2,52.7,20.2,0.0,0.0,-1.0,-0.0
0,12.9915,82.2839,2023-08-25,0.4,4.2,14.5,58.7,4.5,0.0,0.0,-0.866,-0.5
0,24.4037,96.9251,2014-09-10,18.1,36.0,68.7,149.5,18.1,255.0,12.48,-1.0,-0.0
0,17.3264,76.9169,2015-08-05,0.4,0.8,2.8,16.3,1.3,488.0,1.18,-0.866,-0.5
0,7.8655,69.6085,2022-06-05,2.7,6.0,124.2,227.1,69.1,0.0,0.0,0.0,-1.0
0,9.5776,68.3618,2021-06-16,0.1,1.9,7.9,13.1,2.9,0.0,0.0,0.0,-1.0
0,16.7212,96.4822,2022-05-28,14.1,20.9,60.9,241.1,14.1,3.0,0.41,0.5,-0.866
0,9.9226,69.9276,2008-07-19,0.3,2.5,90.5,94.0,46.7,0.0,0.0,-0.5,-0.866
0,11.0518,91.9287,2014-11-03,36.5,61.9,100.8,126.8,36.5,0.0,0.0,-0.5,0.866
0,10.0535,90.5511,2014-08-26,0.0,0.1,20.0,83.4,11.4,0.0,0.0,-0.866,-0.5
0,29.7708,79.2212,2020-10-10,0.0,0.0,0.0,0.0,0.0,1059.0,23.2,-0.866,0.5
0,15.6614,86.3203,2010-08-24,12.1,24.9,45.6,81.6,12.1,0.0,0.0,-0.866,-0.5
0,34.9277,74.1297,2009-05-22,1.7,11.7,19.2,37.0,7.5,3885.0,16.5,0.5,-0.866
0,11.2117,73.1275,2020-03-01,3.5,5.6,5.6,5.6,3.5,0.0,0.0,1.0,0.0
0,20.0151,85.5174,2016-06-08,11.7,22.4,46.4,46.7,11.7,29.0,1.83,0.0,-1.0
0,20.1209,88.2779,2013-10-26,19.1,92.0,192.1,215.9,46.9,0.0,0.0,-0.866,0.5
0,19.2542,84.0646,2011-08-09,5.0,26.5,67.1,111.9,20.5,696.0,23.81,-0.866,-0.5
0,8.6423,72.8947,2016-06-24,4.3,16.0,37.0,60.9,10.3,0.0,0.0,0.0,-1.0
0,19.6746,81.8266,2015-06-13,9.0,24.3,44.4,74.1,12.6,660.0,3.08,0.0,-1.0
0,21.5142,82.567,2020-03-02,0.1,0.1,5.1,24.7,5.0,329.0,12.46,1.0,0.0
0,28.536,85.8096,2007-01-08,0.0,0.0,0.0,0.0,0.0,5214.0,2.59,0.5,0.866
0,36.4872,87.8323,2012-06-02,3.0,6.6,13.5,26.3,5.6,4902.0,0.41,0.0,-1.0
0,20.615,87.2195,2020-10-06,16.0,38.3,105.9,183.9,22.3,0.0,0.0,-0.866,0.5
0,9.2373,78.2649,2010-06-22,1.1,4.7,23.7,54.6,6.7,27.0,0.41,0.0,-1.0
0,32.232,77.7292,2019-08-10,0.3,6.2,11.7,20.5,4.9,5257.0,6.68,-0.866,-0.5
0,30.907,84.2278,2015-07-11,4.0,9.3,20.0,23.8,8.6,4834.0,11.82,-0.5,-0.866
0,16.1982,96.6204,2007-07-17,3.8,31.7,175.0,447.5,40.5,0.0,0.0,-0.5,-0.866
0,26.2298,84.0065,2023-07-07,6.8,8.9,117.6,235.4,42.1,64.0,1.81,-0.5,-0.866
0,17.3534,90.3151,2008-08-25,0.0,4.7,60.0,181.1,23.8,0.0,0.0,-0.866,-0.5
0,12.6067,84.202,2022-10-15,7.1,19.2,33.0,168.1,7.1,0.0,0.0,-0.866,0.5
0,10.1428,96.7078,2012-08-08,0.8,1.9,7.7,41.6,4.2,0.0,0.0,-0.866,-0.5
0,15.8225,68.4034,2010-07-08,0.0,1.5,17.0,27.2,5.2,0.0,0.0,-0.5,-0.866
0,20.3434,71.4653,2016-09-16,8.4,9.1,9.8,11.6,8.4,0.0,0.0,-1.0,-0.0
0,21.7662,76.066,2014-09-16,0.1,2.5,17.1,188.6,5.6,334.0,7.26,-1.0,-0.0
0,20.2036,72.2669,2023-05-20,0.0,0.0,0.0,0.0,0.0,0.0,0.0,0.5,-0.866
0,28.8888,72.027,2020-03-25,0.0,0.0,0.0,3.8,0.0,118.0,0.0,1.0,0.0
0,16.6963,91.2377,2016-06-01,3.7,22.6,40.3,102.1,13.0,0.0,0.0,0.0,-1.0
0,28.2815,92.7055,2022-08-22,0.9,1.5,9.5,21.3,4.7,3855.0,20.19,-0.866,-0.5
0,32.4578,81.1731,2019-07-11,6.9,17.5,24.0,24.8,9.1,5099.0,4.61,-0.5,-0.866
0,20.1603,77.4924,2014-05-23,0.0,0.0,0.0,0.1,0.0,452.0,2.59,0.5,-0.866
0,23.6539,74.8901,2017-09-02,2.5,5.3,45.3,148.9,14.3,513.0,0.91,-1.0,-0.0
0,28.8412,88.8042,2011-09-13,3.5,17.5,26.6,70.8,9.2,4394.0,2.24,-1.0,-0.0
0,21.3599,69.0921,2017-07-19,3.9,21.6,137.2,153.6,81.2,0.0,0.0,-0.5,-0.866
0,32.591,93.7886,2021-07-17,7.8,11.3,26.4,79.2,10.3,4993.0,9.24,-0.5,-0.866
0,6.9604,72.2526,2009-10-05,0.0,0.1,33.5,79.6,13.7,0.0,0.0,-0.866,0.5
0,20.5847,96.5915,2019-06-23,1.6,4.4,27.8,136.3,14.1,1413.0,1.18,0.0,-1.0
0,25.9951,93.1271,2019-09-28,6.7,21.8,109.1,176.0,39.0,124.0,1.28,-1.0,-0.0
0,35.1242,86.4906,2008-10-16,0.2,0.2,1.3,5.3,1.1,4900.0,3.84,-0.866,0.5
0,25.0238,74.9257,2014-08-10,10.1,17.5,197.5,268.3,85.0,443.0,1.83,-0.866,-0.5
0,9.4533,86.6956,2012-10-15,8.5,18.4,65.3,82.2,19.5,0.0,0.0,-0.866,0.5
0,27.32,94.651,2008-02-26,3.1,14.8,14.8,19.6,11.1,95.0,0.81,0.866,0.5
0,15.301,79.0578,2020-04-17,0.0,0.0,0.0,9.5,0.0,285.0,1.18,0.866,-0.5
0,23.4778,91.3793,2019-05-03,12.2,18.4,21.5,22.2,12.2,15.0,2.08,0.5,-0.866
0,25.0913,75.1045,2014-10-05,0.0,0.0,0.0,0.3,0.0,397.0,0.41,-0.866,0.5
0,20.3345,75.4923,2021-05-01,0.0,0.0,0.0,0.0,0.0,623.0,0.57,0.5,-0.866
0,33.5363,87.9895,2018-04-15,0.0,1.9,4.7,6.1,2.7,5151.0,0.0,0.866,-0.5
0,36.1296,76.8251,2015-11-23,0.1,0.1,0.1,5.5,0.1,5687.0,39.77,-0.5,0.866
0,20.2051,76.9126,2022-12-28,0.0,0.0,0.0,10.3,0.0,547.0,0.64,-0.0,1.0
0,9.6996,79.2502,2016-06-10,0.5,3.3,8.0,14.1,2.5,0.0,0.0,0.0,-1.0
0,7.1582,92.4861,2008-06-01,8.9,36.9,38.8,95.2,18.7,0.0,0.0,0.0,-1.0
0,33.8185,89.9826,2014-09-10,4.2,10.1,19.8,45.9,4.4,4968.0,0.41,-1.0,-0.0
0,24.7119,78.3935,2015-08-20,0.2,7.1,73.3,148.7,26.1,369.0,4.01,-0.866,-0.5
0,26.8329,89.2674,2011-08-27,2.0,25.1,110.3,417.4,38.5,690.0,33.71,-0.866,-0.5
0,25.8902,77.1135,2018-07-19,11.4,57.3,100.9,118.2,36.8,281.0,8.26,-0.5,-0.866
0,28.4708,70.6589,2020-06-24,0.0,0.0,0.0,0.0,0.0,85.0,0.29,0.0,-1.0
0,11.7692,71.8987,2023-07-12,14.6,17.7,45.4,177.3,14.6,0.0,0.0,-0.5,-0.866
0,21.5538,76.0396,2022-04-27,0.0,0.0,0.0,0.0,0.0,642.0,5.24,0.866,-0.5
0,35.5215,76.7067,2010-10-26,0.0,0.0,19.2,19.2,15.2,4450.0,4.87,-0.866,0.5
0,20.5499,70.2213,2019-09-08,17.9,59.6,118.9,206.1,33.0,0.0,0.0,-1.0,-0.0
0,35.5181,91.7353,2019-06-26,9.0,17.1,26.4,57.1,9.0,4838.0,7.49,0.0,-1.0
0,6.9176,83.8289,2015-07-22,7.0,9.4,13.8,17.1,7.0,0.0,0.0,-0.5,-0.866
0,24.0368,92.2613,2014-11-04,0.0,0.0,0.0,16.0,0.0,209.0,13.34,-0.5,0.866
0,20.6443,86.2766,2014-11-11,0.0,0.6,0.6,4.0,0.6,9.0,0.29,-0.5,0.866
0,25.9296,86.7444,2016-07-23,47.3,90.6,171.1,236.4,47.3,44.0,0.41,-0.5,-0.866
0,25.9772,71.4419,2016-02-02,0.0,0.0,0.0,0.0,0.0,179.0,0.41,0.866,0.5
0,36.3778,71.4256,2011-05-18,0.2,0.2,0.2,22.6,0.2,3120.0,24.52,0.5,-0.866
0,18.1594,78.9448,2020-11-23,0.0,0.4,0.4,1.0,0.4,436.0,1.28,-0.5,0.866
0,24.1202,89.4347,2010-10-21,5.4,11.9,28.1,153.0,8.3,9.0,0.91,-0.866,0.5
0,31.5108,86.1617,2008-11-09,0.0,0.0,0.0,0.7,0.0,5096.0,29.58,-0.5,0.866
0,27.2084,74.4095,2018-07-08,0.0,0.0,1.7,69.8,1.7,335.0,1.83,-0.5,-0.866
0,9.4806,88.2276,2018-07-21,0.0,3.8,9.8,20.1,3.4,0.0,0.0,-0.5,-0.866
0,8.3165,76.1385,2021-12-28,0.0,0.0,0.0,7.0,0.0,0.0,0.0,-0.0,1.0
0,9.2502,74.2571,2008-08-01,1.7,31.3,61.5,185.0,15.5,0.0,0.0,-0.866,-0.5
0,30.1038,75.1853,2013-04-19,0.0,0.0,0.1,3.2,0.1,212.0,0.0,0.866,-0.5
0,8.5583,90.5721,2014-05-07,5.1,21.9,52.9,62.0,13.4,0.0,0.0,0.5,-0.866
0,16.3568,72.3528,2015-10-01,37.2,38.0,38.6,41.5,37.2,0.0,0.0,-0.866,0.5
0,32.2522,72.2683,2012-04-09,0.0,1.1,2.3,3.2,1.2,185.0,0.0,0.866,-0.5
0,9.7978,93.5602,2014-04-12,0.1,2.0,2.0,29.0,1.6,0.0,0.0,0.866,-0.5
0,24.1656,68.4655,2020-05-05,0.0,0.0,0.0,0.0,0.0,2.0,0.0,0.5,-0.866
0,22.2826,89.9971,2018-07-25,44.9,81.2,135.8,209.5,44.9,2.0,0.64,-0.5,-0.866
0,21.8971,71.2171,2008-07-20,0.3,1.0,3.0,24.3,0.8,204.0,1.72,-0.5,-0.866
0,28.3173,94.8082,2021-08-10,69.1,121.2,136.3,175.6,69.1,641.0,23.5,-0.866,-0.5
0,25.8002,68.9189,2019-12-28,0.0,0.0,0.0,0.0,0.0,20.0,0.0,-0.0,1.0
0,19.2882,71.1849,2009-08-15,1.7,2.1,5.1,8.3,1.7,0.0,0.0,-0.866,-0.5
0,33.478,77.5023,2015-04-05,0.0,4.2,15.5,34.6,7.6,5003.0,24.33,0.866,-0.5
0,25.2295,85.2683,2023-08-13,0.4,8.7,68.1,163.1,22.4,58.0,0.29,-0.866,-0.5
0,15.3469,82.9138,2010-07-26,3.4,24.0,87.3,163.7,31.4,0.0,0.0,-0.5,-0.866
0,32.0838,87.202,2013-09-24,0.6,3.0,6.4,11.0,1.8,4810.0,11.78,-1.0,-0.0
0,19.4021,94.1987,2021-07-27,81.3,216.3,324.5,462.0,106.8,139.0,12.85,-0.5,-0.866
0,18.4619,89.5236,2015-06-11,7.4,18.1,58.0,70.7,19.9,0.0,0.0,0.0,-1.0
0,17.729,72.5028,2009-10-03,2.1,5.2,19.7,52.1,14.3,0.0,0.0,-0.866,0.5
0,31.4532,70.7503,2018-03-24,0.0,0.0,14.8,15.1,13.1,159.0,0.0,1.0,0.0
0,30.8531,84.4129,2017-08-18,1.9,6.6,13.3,58.9,4.0,5022.0,7.85,-0.866,-0.5
0,26.6004,80.1189,2020-10-25,0.0,0.0,0.0,0.2,0.0,131.0,0.64,-0.866,0.5
0,32.5428,89.2713,2016-12-20,0.0,0.0,0.0,0.0,0.0,4808.0,2.45,-0.0,1.0
0,17.0494,85.0486,2022-05-22,0.0,0.8,2.8,58.5,1.8,0.0,0.0,0.5,-0.866
0,13.2273,71.1924,2010-09-12,5.7,19.6,50.8,68.9,12.2,0.0,0.0,-1.0,-0.0
0,29.3782,84.936,2007-09-28,0.2,1.5,25.0,42.8,13.2,4685.0,16.68,-1.0,-0.0
0,24.7698,87.406,2012-08-01,1.6,8.5,44.1,103.4,16.4,118.0,1.46,-0.866,-0.5
0,14.6981,90.4911,2007-10-12,10.1,19.0,22.6,158.8,10.1,0.0,0.0,-0.866,0.5
0,11.9422,72.2259,2011-08-03,28.9,53.0,78.7,165.7,28.9,0.0,0.0,-0.866,-0.5
0,28.7291,96.6684,2013-03-17,10.8,33.2,35.8,37.0,11.9,4744.0,14.1,1.0,0.0
0,17.7858,81.3826,2017-04-10,0.0,1.5,5.1,6.7,2.3,39.0,0.64,0.866,-0.5
0,29.8051,84.744,2011-03-02,0.4,0.5,0.9,7.1,0.4,5208.0,9.08,1.0,0.0
0,11.2223,86.2262,2021-08-09,0.8,1.9,9.7,28.7,2.6,0.0,0.0,-0.866,-0.5
0,26.3582,82.327,2013-07-09,19.1,69.6,83.6,220.5,33.0,101.0,1.22,-0.5,-0.866
0,29.1483,71.3576,2022-07-10,0.9,4.5,32.1,42.1,18.6,109.0,0.41,-0.5,-0.866
0,22.308,77.0984,2008-05-20,0.0,0.0,0.0,0.6,0.0,288.0,1.03,0.5,-0.866
0,6.7306,76.8919,2015-05-05,2.2,6.3,8.7,44.3,2.2,0.0,0.0,0.5,-0.866
0,15.1834,71.5395,2012-07-14,0.0,5.2,71.8,253.4,22.3,0.0,0.0,-0.5,-0.866
0,10.3756,83.7112,2018-05-18,9.9,30.8,37.1,67.5,10.8,0.0,0.0,0.5,-0.866
0,8.6623,93.422,2021-02-01,1.6,2.6,8.9,14.9,3.6,0.0,0.0,0.866,0.5
0,34.1349,93.4322,2019-08-19,0.4,15.9,19.9,26.1,11.0,4777.0,15.52,-0.866,-0.5
0,27.785,80.322,2017-04-01,0.1,0.1,0.1,0.8,0.1,149.0,0.0,0.866,-0.5
0,11.6562,95.9546,2018-07-23,3.7,6.6,40.0,146.5,13.2,0.0,0.0,-0.5,-0.866
0,9.1439,92.9123,2019-05-19,3.3,7.7,51.0,98.5,19.8,0.0,0.0,0.5,-0.866
0,22.2189,79.6751,2014-06-11,0.0,0.0,0.0,0.0,0.0,515.0,4.0,0.0,-1.0
0,16.4921,72.9599,2023-07-04,41.0,112.9,252.2,352.8,45.2,0.0,0.0,-0.5,-0.866
0,21.7986,94.7247,2011-06-24,16.4,19.4,29.7,47.3,16.4,222.0,2.83,0.0,-1.0
0,13.5881,72.3201,2011-05-20,0.0,0.0,0.0,1.7,0.0,0.0,0.0,0.5,-0.866
0,29.3065,87.3375,2022-05-25,6.0,9.1,24.2,32.4,8.8,4661.0,20.93,0.5,-0.866
0,20.4186,84.6302,2017-08-22,2.8,9.3,45.2,107.8,12.5,396.0,11.79,-0.866,-0.5
0,32.4274,86.5029,2022-04-03,0.0,0.0,0.0,0.2,0.0,5017.0,11.31,0.866,-0.5
0,19.7662,76.9332,2018-06-02,4.1,6.9,7.1,7.8,4.1,501.0,1.03,0.0,-1.0
0,21.7201,77.157,2018-07-02,1.2,1.9,49.1,123.4,18.2,343.0,0.57,-0.5,-0.866
0,31.4509,70.2636,2009-09-28,0.7,6.2,6.2,24.4,5.5,570.0,13.19,-1.0,-0.0
0,24.9503,82.9585,2008-07-18,12.1,24.1,59.0,149.4,17.8,220.0,2.29,-0.5,-0.866
0,19.992,91.8896,2022-08-11,66.5,190.3,279.0,317.9,73.6,0.0,0.0,-0.866,-0.5
0,21.541,96.2528,2017-07-26,0.9,5.5,47.9,178.9,27.6,123.0,1.54,-0.5,-0.866
0,35.9716,70.4877,2014-08-02,0.0,0.0,0.0,0.0,0.0,3888.0,14.68,-0.866,-0.5
0,27.7287,97.2341,2012-07-20,36.5,136.2,264.9,428.5,82.1,1964.0,46.74,-0.5,-0.866
0,17.4169,95.0791,2017-06-25,19.6,39.2,95.5,220.3,22.4,9.0,0.64,0.0,-1.0
0,26.8669,69.5448,2009-08-11,0.0,0.0,0.0,0.0,0.0,83.0,1.18,-0.866,-0.5
0,16.3907,84.4599,2011-06-09,4.8,23.8,38.0,51.1,13.7,0.0,0.0,0.0,-1.0
0,16.5009,85.1908,2016-04-12,0.0,0.0,0.0,0.0,0.0,0.0,0.0,0.866,-0.5
0,35.5309,88.6052,2009-06-20,1.1,2.7,11.5,35.6,4.1,4985.0,17.55,0.0,-1.0
0,15.7875,79.112,2011-09-27,0.0,0.0,0.8,12.1,0.8,271.0,0.91,-1.0,-0.0
0,26.6035,92.4543,2023-09-22,22.5,52.7,78.1,145.7,22.5,63.0,1.62,-1.0,-0.0
0,9.3036,87.7785,2018-07-01,4.7,10.1,31.7,45.5,11.5,0.0,0.0,-0.5,-0.866
0,15.766,96.0595,2022-06-25,6.0,20.6,81.6,116.1,28.3,0.0,0.0,0.0,-1.0
0,12.2602,97.4993,2010-04-10,0.0,0.0,0.0,8.6,0.0,0.0,0.0,0.866,-0.5
0,26.3579,93.8536,2019-08-20,1.9,6.0,32.2,214.9,16.3,133.0,0.91,-0.866,-0.5
0,11.1276,73.335,2012-08-20,1.3,2.3,47.3,159.7,14.4,0.0,0.0,-0.866,-0.5
0,28.1355,69.2889,2014-06-24,0.0,0.0,0.0,0.0,0.0,70.0,0.41,0.0,-1.0
0,35.5877,86.0126,2021-09-26,0.8,2.2,6.3,15.3,2.2,5143.0,1.83,-1.0,-0.0
0,13.5201,75.0555,2022-11-26,2.9,7.8,32.4,44.3,21.3,320.0,11.29,-0.5,0.866
0,26.8492,84.8274,2016-07-25,15.8,30.3,67.6,178.0,15.8,68.0,0.0,-0.5,-0.866
0,29.8437,82.8357,2013-07-06,9.3,34.8,44.2,84.5,16.5,5264.0,12.22,-0.5,-0.866
0,30.5378,72.0828,2022-05-21,0.0,0.0,0.0,0.0,0.0,140.0,0.0,0.5,-0.866
0,32.7235,84.359,2023-04-28,0.3,2.5,2.6,6.7,1.3,4788.0,8.09,0.866,-0.5
0,32.035,76.4094,2021-09-09,1.9,9.7,14.0,168.1,6.8,876.0,8.88,-1.0,-0.0
0,33.6592,72.3468,2021-07-08,0.0,0.0,0.5,0.5,0.3,475.0,0.57,-0.5,-0.866
0,33.0389,95.4489,2023-07-13,1.5,13.2,26.3,90.8,8.4,4689.0,12.02,-0.5,-0.866
0,17.7188,79.3919,2007-03-08,0.0,0.0,0.0,0.0,0.0,315.0,0.91,1.0,0.0
0,16.0605,70.923,2011-08-11,0.0,0.9,3.3,139.6,1.6,0.0,0.0,-0.866,-0.5
0,10.628,76.4629,2011-09-23,0.0,10.8,30.4,160.9,8.6,48.0,1.46,-1.0,-0.0
0,24.9604,94.7228,2011-01-07,0.0,0.0,0.2,0.2,0.2,1195.0,11.67,0.5,0.866
0,22.9641,89.4534,2016-07-04,31.8,66.7,85.7,127.9,31.8,9.0,1.74,-0.5,-0.866
0,13.6292,71.5945,2021-05-21,1.3,8.2,287.7,511.5,227.0,0.0,0.0,0.5,-0.866
0,8.3842,92.6823,2007-07-18,9.1,16.2,30.1,85.2,9.1,0.0,0.0,-0.5,-0.866
0,25.4586,84.9639,2020-08-10,1.5,9.3,32.8,139.4,11.3,57.0,0.29,-0.866,-0.5
0,6.5469,78.4081,2009-08-06,1.4,4.2,8.2,25.3,2.9,0.0,0.0,-0.866,-0.5
0,22.2045,78.6378,2023-11-18,0.0,0.0,0.0,0.0,0.0,811.0,2.59,-0.5,0.866
0,30.0924,82.9749,2022-01-28,0.0,0.0,4.2,4.5,1.8,4722.0,19.44,0.5,0.866
0,7.806,79.413,2007-06-24,0.2,12.6,24.3,56.6,8.3,0.0,0.0,0.0,-1.0
0,17.2128,69.993,2010-05-22,0.0,0.0,0.0,0.0,0.0,0.0,0.0,0.5,-0.866
0,29.645,89.688,2018-06-02,2.7,13.9,38.1,38.8,9.8,4297.0,10.92,0.0,-1.0
0,11.7527,90.9847,2022-07-23,15.2,38.6,69.5,144.3,17.6,0.0,0.0,-0.5,-0.866
0,8.393,90.8976,2013-07-10,11.1,26.5,105.1,135.2,30.6,0.0,0.0,-0.5,-0.866
0,7.8142,73.8844,2023-02-10,0.2,0.2,0.2,24.0,0.2,0.0,0.0,0.866,0.5
0,18.4467,92.0545,2013-07-02,31.1,85.2,169.0,321.5,31.1,0.0,0.0,-0.5,-0.866
0,15.0833,93.4331,2017-02-21,0.0,0.0,0.0,0.0,0.0,0.0,0.0,0.866,0.5
0,14.6965,91.5806,2021-07-13,7.3,47.8,134.7,164.5,50.3,0.0,0.0,-0.5,-0.866
0,33.3391,79.406,2022-12-16,0.0,0.0,0.0,0.7,0.0,4756.0,35.82,-0.0,1.0
0,17.5204,91.5201,2020-06-03,0.2,0.5,15.3,22.6,7.5,0.0,0.0,0.0,-1.0
0,8.8678,85.7724,2016-09-18,3.8,8.2,20.4,30.4,10.3,0.0,0.0,-1.0,-0.0
0,16.1363,70.362,2021-08-10,3.6,8.9,18.4,28.8,3.6,0.0,0.0,-0.866,-0.5
0,24.5786,80.5704,2021-08-12,0.0,16.7,90.7,287.1,54.8,332.0,0.41,-0.866,-0.5
0,7.7707,93.6661,2015-06-14,7.3,16.9,40.9,60.2,7.7,0.0,0.0,0.0,-1.0
0,25.6841,91.3486,2019-02-22,0.0,0.9,2.2,24.1,0.9,1314.0,13.27,0.866,0.5
0,17.3993,91.6323,2011-08-01,5.6,9.9,37.8,206.2,12.2,0.0,0.0,-0.866,-0.5
0,31.9601,88.0036,2009-07-05,0.0,0.0,3.5,7.8,2.1,4638.0,4.52,-0.5,-0.866
0,13.5799,87.0323,2008-06-19,2.0,8.1,54.0,181.1,23.6,0.0,0.0,0.0,-1.0
0,24.6528,88.0323,2021-11-12,0.0,0.0,0.0,0.0,0.0,14.0,0.0,-0.5,0.866
0,29.3925,84.9307,2017-07-13,3.9,17.8,51.0,77.5,13.1,4776.0,27.24,-0.5,-0.866
0,25.9868,75.3635,2012-04-24,0.0,0.0,0.0,2.3,0.0,316.0,0.29,0.866,-0.5
0,21.4713,79.4161,2015-07-09,53.9,55.5,56.0,69.8,53.9,364.0,0.81,-0.5,-0.866
0,27.6211,74.3298,2022-08-23,0.6,25.2,31.7,61.9,23.7,337.0,0.91,-0.866,-0.5
0,12.5054,72.004,2021-03-06,0.0,0.0,0.0,2.9,0.0,0.0,0.0,1.0,0.0
0,36.4179,91.9101,2018-12-11,0.2,0.2,0.2,0.7,0.2,4735.0,17.84,-0.0,1.0
0,27.7862,84.2249,2012-06-10,0.1,0.8,8.7,70.6,3.9,1014.0,27.02,0.0,-1.0
0,27.8543,95.3561,2018-08-26,3.0,78.2,202.0,259.2,64.0,135.0,3.35,-0.866,-0.5
0,21.7627,71.5802,2014-05-05,0.0,0.0,0.0,0.0,0.0,76.0,0.41,0.5,-0.866
0,30.2112,68.7754,2021-07-12,0.4,0.4,0.4,3.7,0.4,1407.0,12.38,-0.5,-0.866
0,30.6099,84.2736,2009-08-03,5.4,8.0,20.3,55.7,6.9,5203.0,5.11,-0.866,-0.5
0,15.7787,97.4881,2020-08-17,6.8,52.3,198.9,470.0,57.4,0.0,0.0,-0.866,-0.5
0,29.5749,92.2885,2009-03-11,1.6,1.7,1.7,15.7,1.6,5043.0,4.06,1.0,0.0
0,19.9992,88.0632,2012-06-27,5.2,11.3,54.6,292.3,23.7,0.0,0.0,0.0,-1.0
0,29.5334,71.8065,2008-07-28,0.0,0.0,0.0,0.0,0.0,121.0,0.29,-0.5,-0.866
0,31.4417,83.284,2017-06-06,0.7,0.7,7.3,45.5,3.0,4788.0,25.18,0.0,-1.0
0,34.5421,74.6514,2016-11-17,0.0,0.0,0.1,0.4,0.1,3233.0,28.84,-0.5,0.866
0,31.878,75.3929,2015-08-18,4.5,6.2,78.4,110.4,61.6,259.0,0.57,-0.866,-0.5
0,22.5043,82.8259,2011-05-19,0.0,0.3,1.8,4.4,1.2,482.0,11.62,0.5,-0.866
0,11.636,86.4221,2008-10-11,9.8,9.9,11.7,15.0,9.8,0.0,0.0,-0.866,0.5
0,31.2571,68.837,2015-02-21,2.6,8.3,10.1,17.0,3.0,1981.0,0.64,0.866,0.5
0,26.0339,90.6253,2007-07-21,93.5,114.7,161.6,228.2,93.5,48.0,0.91,-0.5,-0.866
0,21.4411,86.5013,2022-06-10,3.1,3.5,8.0,10.4,4.5,74.0,1.18,0.0,-1.0
0,13.8463,91.8168,2009-07-15,6.8,43.9,75.4,181.3,23.7,0.0,0.0,-0.5,-0.866
0,27.1584,72.6634,2013-07-15,1.1,1.6,3.1,5.1,1.5,257.0,0.64,-0.5,-0.866
0,16.7058,72.2382,2018-09-11,0.0,0.6,4.9,26.4,1.8,0.0,0.0,-1.0,-0.0
0,17.6162,84.5687,2010-06-15,14.6,37.3,76.7,76.7,17.8,0.0,0.0,0.0,-1.0
0,14.5242,75.3136,2019-03-10,0.0,0.0,0.0,0.0,0.0,590.0,1.81,1.0,0.0
0,32.4249,80.335,2017-11-06,0.0,0.0,0.0,0.2,0.0,5183.0,18.01,-0.5,0.866
0,34.5125,89.2733,2022-05-06,2.0,2.0,2.4,15.1,2.0,4858.0,3.72,0.5,-0.866
0,36.3791,81.771,2007-10-16,0.0,0.0,0.0,17.8,0.0,2244.0,4.37,-0.866,0.5
0,9.2015,79.6006,2013-07-08,0.0,0.5,0.5,6.9,0.5,0.0,0.0,-0.5,-0.866
0,24.0003,69.4354,2022-06-20,0.2,0.6,1.9,3.0,0.8,4.0,0.64,0.0,-1.0
0,15.0725,68.2412,2015-04-05,0.0,0.0,0.0,0.0,0.0,0.0,0.0,0.866,-0.5
0,28.3252,90.5338,2008-06-13,12.5,19.9,36.4,55.5,12.5,4659.0,11.91,0.0,-1.0
0,23.6084,73.7423,2019-07-03,15.5,30.0,38.7,69.6,15.5,218.0,1.28,-0.5,-0.866
0,21.6277,90.5499,2010-06-20,9.7,52.8,168.3,249.3,65.2,0.0,0.0,0.0,-1.0
0,10.3599,70.8521,2018-06-11,0.3,4.6,23.6,176.2,7.7,0.0,0.0,0.0,-1.0
0,29.149,73.8722,2008-07-17,0.0,0.0,16.6,25.7,10.5,193.0,1.81,-0.5,-0.866
0,7.8591,72.0426,2023-06-16,0.3,0.3,4.6,157.4,2.3,0.0,0.0,0.0,-1.0
0,20.2097,85.8847,2017-07-11,0.2,33.2,58.2,195.6,17.4,12.0,0.41,-0.5,-0.866
0,11.3751,97.2232,2017-09-10,1.4,5.7,26.4,76.1,12.5,0.0,0.0,-1.0,-0.0
0,21.7194,83.0366,2016-07-19,6.7,25.3,74.6,158.0,35.8,209.0,0.29,-0.5,-0.866
0,20.7468,68.4908,2020-06-04,0.5,0.6,0.6,0.6,0.5,0.0,0.0,0.0,-1.0
0,28.2597,88.2973,2015-01-16,0.0,0.0,0.0,16.1,0.0,4390.0,0.0,0.5,0.866
0,35.5121,91.0957,2014-09-19,0.0,0.1,14.0,45.3,8.2,4927.0,0.91,-1.0,-0.0
0,28.142,85.2139,2019-05-21,4.5,8.0,76.7,140.0,29.7,3017.0,21.5,0.5,-0.866
0,10.9333,88.0814,2010-01-23,0.2,0.2,0.6,15.8,0.2,0.0,0.0,0.5,0.866
0,12.2235,81.0106,2013-07-14,0.0,0.7,4.0,16.1,1.7,0.0,0.0,-0.5,-0.866
0,18.8113,90.8617,2008-10-28,0.7,19.0,61.1,100.5,21.5,0.0,0.0,-0.866,0.5
0,23.3266,97.4446,2017-07-13,44.5,62.4,105.6,193.8,44.5,710.0,3.16,-0.5,-0.866
0,35.2006,81.5601,2018-07-18,4.3,13.7,25.0,35.3,5.9,5436.0,2.46,-0.5,-0.866
0,26.7761,93.5958,2015-08-26,17.3,42.8,167.7,327.5,67.0,76.0,0.41,-0.866,-0.5
0,24.8023,73.6718,2016-05-18,0.0,0.0,0.0,10.4,0.0,704.0,2.72,0.5,-0.866
0,13.246,96.7009,2013-06-10,16.7,21.1,77.1,198.0,21.8,0.0,0.0,0.0,-1.0
0,27.2072,82.4256,2015-07-18,1.8,114.3,177.9,347.7,106.3,96.0,0.0,-0.5,-0.866
0,15.1337,84.9176,2018-07-13,26.1,50.1,88.3,131.2,26.1,0.0,0.0,-0.5,-0.866
0,35.1383,91.7362,2009-06-10,1.4,8.8,20.9,27.1,6.4,4750.0,3.16,0.0,-1.0
0,16.8909,81.0501,2013-05-16,0.0,0.0,0.2,0.2,0.2,101.0,1.03,0.5,-0.866
0,12.562,83.888,2015-10-23,0.0,1.9,5.5,24.1,3.0,0.0,0.0,-0.866,0.5
0,10.6182,86.1625,2008-08-08,5.7,8.4,32.1,124.6,8.4,0.0,0.0,-0.866,-0.5
0,26.595,83.6657,2010-08-02,14.7,38.3,80.0,191.2,22.0,76.0,1.28,-0.866,-0.5
0,18.899,89.1621,2011-04-25,4.8,10.3,10.5,10.5,4.8,0.0,0.0,0.866,-0.5
0,6.6554,84.2354,2022-10-14,40.5,49.5,54.4,69.1,40.5,0.0,0.0,-0.866,0.5
0,20.8235,73.884,2016-11-11,0.0,0.0,0.0,0.0,0.0,520.0,7.83,-0.5,0.866
0,9.1838,84.9369,2008-07-24,1.1,13.6,37.4,53.3,11.7,0.0,0.0,-0.5,-0.866
0,33.8969,73.1644,2008-10-06,9.5,11.3,12.1,15.3,9.5,881.0,22.74,-0.866,0.5
0,36.4152,79.7113,2016-07-24,0.0,1.5,7.0,14.0,5.2,2944.0,35.8,-0.5,-0.866
0,32.8023,68.2734,2017-08-04,0.0,0.0,0.0,0.0,0.0,2161.0,3.26,-0.866,-0.5
0,15.0368,97.1784,2011-07-16,17.9,92.5,163.4,281.4,40.5,0.0,0.0,-0.5,-0.866
0,32.0318,81.8066,2017-05-04,0.9,1.1,2.0,2.5,0.9,4621.0,0.29,0.5,-0.866
0,11.3748,81.538,2007-05-06,0.0,0.0,1.4,1.6,0.7,0.0,0.0,0.5,-0.866
0,28.5985,91.3276,2013-08-25,2.9,10.0,22.6,53.4,3.8,5241.0,3.16,-0.866,-0.5
0,11.7648,93.2563,2020-10-27,4.1,15.3,42.4,171.2,12.8,0.0,0.0,-0.866,0.5
0,21.9584,70.5588,2011-08-06,0.8,3.2,68.8,138.8,58.4,104.0,0.41,-0.866,-0.5
0,20.8236,95.6068,2014-01-13,0.0,0.0,0.0,0.0,0.0,322.0,2.72,0.5,0.866
0,19.9021,75.8763,2007-06-19,0.7,0.9,32.2,37.0,15.0,528.0,0.81,0.0,-1.0
0,14.3466,78.6068,2010-05-22,1.8,14.9,50.5,52.9,33.3,620.0,4.47,0.5,-0.866
0,20.4618,72.7116,2016-08-23,9.1,20.6,35.5,80.1,9.1,0.0,0.0,-0.866,-0.5
0,34.7191,78.8425,2022-05-05,0.4,0.6,4.3,6.4,1.9,5461.0,3.35,0.5,-0.866
0,11.0956,90.0582,2022-08-14,9.1,13.5,15.0,117.1,9.1,0.0,0.0,-0.866,-0.5
0,29.2205,91.6589,2014-09-25,0.1,3.7,27.1,44.7,8.4,4348.0,29.24,-1.0,-0.0
0,26.9103,85.5765,2021-09-17,4.6,16.9,38.2,97.3,8.8,90.0,0.0,-1.0,-0.0
0,22.3452,78.6727,2008-10-04,14.9,40.3,42.9,70.1,14.9,958.0,11.07,-0.866,0.5
0,31.3632,94.6352,2011-05-18,0.0,0.0,10.8,18.2,8.7,4924.0,17.07,0.5,-0.866
0,11.4361,93.2073,2013-07-22,22.2,60.8,117.8,270.6,26.2,0.0,0.0,-0.5,-0.866
0,33.4667,81.1417,2023-02-05,0.0,0.0,1.3,1.3,1.3,5197.0,34.32,0.866,0.5
0,18.9627,84.6354,2016-07-22,5.5,42.3,68.3,126.6,26.3,57.0,2.31,-0.5,-0.866
0,28.1984,79.6805,2013-09-24,4.5,7.7,23.6,26.1,9.9,168.0,1.62,-1.0,-0.0
0,23.8493,69.336,2008-06-03,0.0,0.0,0.0,0.0,0.0,2.0,0.29,0.0,-1.0
0,34.5375,70.0361,2016-11-02,0.0,0.0,0.0,0.0,0.0,861.0,7.93,-0.5,0.866
0,18.766,90.6847,2020-09-24,0.9,21.9,95.2,112.2,28.6,0.0,0.0,-1.0,-0.0
0,17.7338,94.2943,2019-07-13,24.0,54.5,158.0,555.0,31.4,0.0,0.0,-0.5,-0.866
0,8.9075,96.4423,2018-10-05,14.4,29.5,34.9,84.0,14.4,0.0,0.0,-0.866,0.5
0,10.059,97.289,2014-06-05,19.6,49.3,72.7,126.6,19.6,0.0,0.0,0.0,-1.0
0,31.5446,90.3073,2020-12-15,0.0,0.0,0.2,1.0,0.2,4862.0,5.27,-0.0,1.0
0,22.458,92.2891,2011-05-12,0.1,1.1,5.0,29.8,1.5,214.0,13.19,0.5,-0.866
0,14.7695,95.6536,2008-08-04,13.1,34.4,127.9,443.1,28.5,0.0,0.0,-0.866,-0.5
0,30.7843,80.3676,2014-09-01,2.5,4.3,5.6,7.2,2.5,5108.0,3.35,-1.0,-0.0
0,12.6824,70.9765,2008-02-20,0.0,0.0,0.0,0.2,0.0,0.0,0.0,0.866,0.5
0,13.842,69.305,2013-07-18,5.2,5.5,6.5,7.0,5.2,0.0,0.0,-0.5,-0.866
0,29.1316,90.8939,2014-04-10,0.0,0.0,1.1,1.2,0.6,4386.0,29.33,0.866,-0.5
0,30.9736,89.5798,2017-06-20,2.0,2.7,8.7,16.8,3.9,4650.0,0.0,0.0,-1.0
0,13.6071,93.8496,2014-12-17,0.0,0.0,0.5,16.1,0.2,0.0,0.0,-0.0,1.0
0,18.9068,76.117,2012-07-19,1.4,7.8,12.3,31.6,6.3,511.0,1.43,-0.5,-0.866
0,25.2798,80.6024,2019-07-12,0.2,96.3,191.2,255.2,93.3,130.0,0.0,-0.5,-0.866
0,30.0741,77.4027,2016-07-05,0.7,11.0,133.1,168.6,61.6,272.0,1.15,-0.5,-0.866
0,17.7938,90.2553,2014-07-28,7.7,28.0,103.7,310.5,27.1,0.0,0.0,-0.5,-0.866
0,15.5221,88.8735,2020-09-02,0.3,7.7,8.7,51.2,4.7,0.0,0.0,-1.0,-0.0
0,35.5336,84.44,2015-04-08,0.8,0.8,6.4,7.4,4.2,4893.0,5.94,0.866,-0.5
0,12.6001,87.0778,2018-10-28,24.8,66.3,69.7,127.9,27.7,0.0,0.0,-0.866,0.5
0,9.2739,89.3752,2019-05-09,0.5,6.1,19.2,178.1,7.4,0.0,0.0,0.5,-0.866
0,26.7102,85.7862,2013-10-07,0.0,36.1,47.1,86.5,31.9,69.0,0.29,-0.866,0.5
0,20.8818,93.6495,2013-06-01,9.8,24.7,178.0,371.6,54.9,434.0,3.72,0.0,-1.0
0,34.6148,96.3813,2022-04-25,4.9,13.4,17.0,23.9,4.9,4665.0,1.15,0.866,-0.5
0,33.9332,88.521,2014-08-13,0.1,3.0,29.5,79.9,8.2,5265.0,7.43,-0.866,-0.5
0,23.0624,90.8777,2018-06-18,0.0,0.7,41.8,187.6,17.5,12.0,0.91,0.0,-1.0
0,15.7527,78.6095,2010-10-15,0.0,0.0,0.1,15.2,0.1,260.0,0.0,-0.866,0.5
0,30.5845,89.3112,2013-09-11,0.8,5.1,18.6,64.5,7.3,5041.0,7.15,-1.0,-0.0
0,17.6211,80.2109,2011-07-08,0.1,28.5,124.4,146.9,35.0,292.0,14.85,-0.5,-0.866
0,6.9866,84.3227,2020-08-24,0.0,0.1,0.6,1.0,0.3,0.0,0.0,-0.866,-0.5
0,13.4006,84.8088,2017-05-18,0.0,0.0,0.0,3.0,0.0,0.0,0.0,0.5,-0.866
0,14.2198,92.237,2022-11-21,0.1,2.4,64.1,64.7,29.7,0.0,0.0,-0.5,0.866
0,20.3249,89.6168,2022-06-05,0.5,7.4,60.9,80.4,25.4,0.0,0.0,0.0,-1.0
0,12.0214,94.2363,2023-12-02,5.0,16.1,22.4,27.4,10.8,0.0,0.0,-0.0,1.0
0,7.5147,92.9776,2008-11-22,34.1,83.5,105.6,227.2,34.1,0.0,0.0,-0.5,0.866
0,31.7763,74.8273,2013-08-01,10.1,35.2,45.2,74.4,16.1,232.0,0.0,-0.866,-0.5
0,21.672,79.0094,2022-08-22,13.0,41.8,51.7,387.4,17.5,517.0,1.92,-0.866,-0.5
0,26.2785,68.4641,2007-07-14,0.0,0.0,1.7,32.9,0.9,30.0,0.29,-0.5,-0.866
0,7.0018,89.3047,2007-07-10,2.5,8.2,20.6,60.6,6.1,0.0,0.0,-0.5,-0.866
0,21.5665,88.5868,2010-07-06,3.7,18.0,49.0,136.3,13.2,0.0,0.0,-0.5,-0.866
0,34.0415,83.4694,2023-05-20,1.7,10.6,15.6,20.5,8.3,4943.0,4.06,0.5,-0.866
0,14.0725,78.456,2018-09-03,0.3,1.8,19.6,23.2,12.6,400.0,2.02,-1.0,-0.0
0,35.2789,81.5404,2014-05-23,1.6,4.9,5.6,14.3,3.2,5942.0,20.48,0.5,-0.866
0,15.4992,92.4278,2008-03-28,0.0,0.0,0.0,0.0,0.0,0.0,0.0,1.0,0.0
0,9.305,79.1883,2007-07-02,0.0,0.1,0.1,14.7,0.1,0.0,0.0,-0.5,-0.866
0,27.5854,70.4392,2017-09-21,0.0,0.0,0.1,0.2,0.1,132.0,2.64,-1.0,-0.0
0,9.3609,83.5807,2022-02-07,0.4,2.3,2.3,16.0,1.9,0.0,0.0,0.866,0.5
0,14.6329,95.2627,2008-08-09,19.9,97.3,191.5,426.1,44.5,0.0,0.0,-0.866,-0.5
0,11.8806,93.0876,2011-01-07,78.7,94.5,98.0,98.0,78.7,0.0,0.0,0.5,0.866
0,29.0676,89.025,2016-06-03,0.7,1.1,12.1,23.1,5.0,4249.0,7.13,0.0,-1.0
0,11.3735,75.0939,2017-09-13,8.0,31.9,87.9,113.9,19.6,0.0,0.0,-1.0,-0.0
0,18.0154,89.8225,2009-09-23,4.8,27.9,74.7,83.0,17.7,0.0,0.0,-1.0,-0.0
0,21.5238,96.7425,2014-02-14,0.0,0.0,0.0,0.0,0.0,1236.0,25.05,0.866,0.5
0,29.5702,96.1683,2017-06-25,16.1,27.2,53.8,94.9,18.7,4286.0,48.5,0.0,-1.0
0,7.3888,76.0631,2014-12-16,1.6,4.1,98.2,155.1,34.5,0.0,0.0,-0.0,1.0
0,17.1743,95.7637,2019-07-22,2.7,15.5,52.6,179.1,11.8,4.0,0.29,-0.5,-0.866
0,9.0708,86.2492,2009-09-23,2.6,9.9,41.1,50.4,12.5,0.0,0.0,-1.0,-0.0
0,8.9611,72.5495,2011-08-21,6.2,46.1,70.0,113.4,21.2,0.0,0.0,-0.866,-0.5
0,9.6965,68.1533,2015-06-12,8.0,16.6,100.3,188.8,29.4,0.0,0.0,0.0,-1.0
0,9.5669,70.5753,2023-07-18,0.8,1.9,20.4,99.8,9.4,0.0,0.0,-0.5,-0.866
0,18.7413,68.7747,2017-06-03,1.2,3.4,4.3,4.3,1.8,0.0,0.0,0.0,-1.0
0,32.4115,68.364,2009-07-25,0.0,0.0,0.0,0.4,0.0,2147.0,0.91,-0.5,-0.866
0,28.2453,84.5063,2023-12-08,0.0,0.0,4.2,4.7,4.2,1575.0,27.43,-0.0,1.0
0,11.5875,79.2316,2015-04-10,0.0,2.2,2.3,5.1,1.1,55.0,0.91,0.866,-0.5
0,21.2937,69.8664,2016-07-14,5.9,33.9,52.0,103.3,18.4,0.0,0.0,-0.5,-0.866
0,21.0269,70.2692,2022-05-08,0.0,0.0,0.0,0.0,0.0,13.0,2.18,0.5,-0.866
0,24.3142,73.7687,2007-04-10,0.0,0.0,0.0,0.0,0.0,329.0,2.95,0.866,-0.5
0,34.9647,77.8004,2017-08-26,0.0,0.8,0.8,3.0,0.8,4986.0,37.78,-0.866,-0.5
0,19.7067,80.7032,2011-09-21,13.1,36.9,92.1,247.0,25.2,305.0,1.03,-1.0,-0.0
0,15.5131,85.7947,2017-08-16,8.4,11.7,15.9,55.2,8.4,0.0,0.0,-0.866,-0.5
0,11.8291,79.7481,2022-06-24,6.8,10.3,21.6,60.5,6.8,8.0,1.15,0.0,-1.0
0,35.5329,91.0682,2019-06-09,5.2,10.8,20.5,30.6,5.2,4899.0,1.22,0.0,-1.0
0,17.4505,95.496,2012-05-18,6.5,15.9,17.2,33.7,7.1,6.0,0.0,0.5,-0.866
0,26.9514,84.2279,2013-11-15,0.0,0.0,0.0,0.6,0.0,82.0,0.0,-0.5,0.866
0,19.6536,76.5943,2020-08-27,5.4,6.2,26.7,169.7,14.6,481.0,2.86,-0.866,-0.5
0,26.6893,72.1058,2011-06-09,0.0,0.0,0.0,0.4,0.0,258.0,0.41,0.0,-1.0
0,27.9571,91.2778,2022-03-20,2.0,2.0,2.0,2.0,2.0,4100.0,28.69,1.0,0.0
0,23.9673,83.7638,2020-10-28,0.0,0.0,0.8,1.9,0.8,383.0,1.83,-0.866,0.5
0,22.8094,91.3263,2009-06-26,5.3,19.0,27.2,54.3,8.2,10.0,0.86,0.0,-1.0
0,9.7811,75.3228,2008-08-06,0.3,2.4,21.8,130.3,13.0,0.0,0.0,-0.866,-0.5
0,23.3966,87.0284,2017-08-25,2.0,17.9,32.7,161.4,13.8,115.0,1.83,-0.866,-0.5
0,35.4715,80.6984,2014-01-09,0.1,0.3,0.3,0.3,0.2,6201.0,18.61,0.5,0.866
0,21.8203,83.3045,2014-08-19,1.0,2.7,47.9,97.4,35.1,217.0,1.22,-0.866,-0.5
0,19.8734,79.5385,2023-09-19,0.3,0.4,170.8,355.4,112.2,203.0,2.18,-1.0,-0.0
0,11.0223,97.4322,2020-07-10,2.0,7.6,38.1,91.4,21.9,0.0,0.0,-0.5,-0.866
0,34.1164,70.5327,2011-09-24,0.1,1.3,8.9,47.0,5.0,1356.0,16.14,-1.0,-0.0
0,16.9499,78.1205,2022-09-17,0.6,2.4,20.7,126.4,9.8,618.0,1.43,-1.0,-0.0
0,16.949,70.8799,2017-08-15,1.9,3.7,9.6,22.3,2.8,0.0,0.0,-0.866,-0.5
0,8.5152,69.3182,2017-08-01,1.0,1.9,20.4,54.6,9.2,0.0,0.0,-0.866,-0.5
0,25.9391,87.9756,2014-04-24,0.0,0.0,0.0,1.3,0.0,40.0,0.41,0.866,-0.5
0,21.9798,84.2814,2021-06-14,16.7,90.4,126.6,133.1,42.8,249.0,1.67,0.0,-1.0
0,13.4557,79.9489,2020-05-21,0.0,0.0,0.8,2.2,0.3,82.0,1.74,0.5,-0.866
0,18.3675,89.753,2020-10-15,8.6,32.2,50.5,79.4,12.2,0.0,0.0,-0.866,0.5
0,18.1651,88.7897,2009-05-25,18.6,79.6,91.6,97.1,41.5,0.0,0.0,0.5,-0.866
0,23.8204,91.5853,2017-07-12,12.1,76.9,84.0,153.8,59.3,72.0,4.01,-0.5,-0.866
0,12.4122,71.3617,2023-08-16,0.0,0.4,1.6,11.5,1.2,0.0,0.0,-0.866,-0.5
0,35.4775,77.2454,2010-06-13,0.0,0.0,0.0,2.0,0.0,6161.0,45.41,0.0,-1.0
0,16.9377,92.9428,2016-08-27,2.6,7.9,16.7,141.4,6.5,0.0,0.0,-0.866,-0.5
0,34.0605,85.41,2010-08-11,5.6,23.3,34.8,63.8,10.2,4990.0,3.2,-0.866,-0.5
0,13.6572,71.45,2023-06-05,0.1,0.1,1.2,3.0,0.6,0.0,0.0,0.0,-1.0
0,18.1539,85.5946,2012-08-14,4.4,15.2,35.7,152.2,14.5,0.0,0.0,-0.866,-0.5
0,21.1001,83.8527,2012-10-06,0.0,6.4,19.4,52.5,6.7,115.0,0.29,-0.866,0.5
0,21.1893,72.1387,2008-06-15,0.0,73.4,92.2,133.8,51.8,0.0,0.0,0.0,-1.0
0,32.4657,96.0793,2019-07-07,2.8,21.1,41.8,89.6,11.9,4175.0,17.57,-0.5,-0.866
0,35.4149,82.9104,2022-07-22,0.0,0.1,6.6,22.9,5.9,5236.0,1.28,-0.5,-0.866
0,18.9689,92.7768,2007-07-03,58.2,180.1,315.4,391.7,69.0,0.0,0.0,-0.5,-0.866
0,30.3764,74.5056,2016-01-08,0.0,0.0,0.2,0.2,0.2,196.0,0.29,0.5,0.866
0,11.5463,81.491,2022-09-25,0.5,2.1,6.5,18.4,1.9,0.0,0.0,-1.0,-0.0
0,22.9918,71.3397,2018-04-25,0.0,0.0,0.0,0.1,0.0,58.0,0.29,0.866,-0.5
0,22.7613,90.3252,2013-09-15,8.3,17.6,61.9,144.8,20.3,2.0,0.29,-1.0,-0.0
0,36.1933,71.0213,2014-09-25,0.0,1.0,1.0,1.0,1.0,4720.0,8.37,-1.0,-0.0
0,15.4313,97.4797,2009-07-12,61.0,91.0,153.1,324.1,61.0,0.0,0.0,-0.5,-0.866
0,19.6721,97.3218,2013-09-08,5.0,53.0,77.8,137.7,36.2,984.0,8.37,-1.0,-0.0
0,30.8211,85.3438,2020-06-23,0.8,12.7,16.4,16.7,11.7,4724.0,2.36,0.0,-1.0
0,11.4794,72.1074,2008-05-07,0.0,0.0,0.0,0.5,0.0,0.0,0.0,0.5,-0.866
0,23.6022,83.7023,2017-08-06,7.7,40.2,76.5,510.6,20.1,508.0,0.86,-0.866,-0.5
0,35.87,76.6327,2023-08-28,0.0,1.2,8.9,10.5,4.6,5917.0,49.54,-0.866,-0.5
0,36.0646,88.0393,2020-03-25,0.4,1.2,4.3,8.4,2.1,4935.0,2.56,1.0,0.0
0,34.0631,97.2783,2011-10-05,0.0,2.9,12.9,42.4,5.6,4719.0,5.09,-0.866,0.5
0,13.9903,88.9861,2019-09-25,0.0,39.4,61.8,121.7,24.7,0.0,0.0,-1.0,-0.0
0,21.1838,85.0341,2019-06-14,0.3,0.5,0.5,17.3,0.3,201.0,16.14,0.0,-1.0
0,20.0598,86.692,2019-10-03,2.1,6.2,31.1,136.1,9.2,0.0,0.0,-0.866,0.5
0,21.9684,76.2077,2021-11-12,0.0,0.0,0.0,0.0,0.0,278.0,0.86,-0.5,0.866
0,35.0076,77.655,2009-01-25,4.8,16.5,23.9,59.4,7.2,5734.0,13.28,0.5,0.866
0,26.4243,78.5676,2019-02-18,0.0,0.0,20.6,28.4,16.4,155.0,0.0,0.866,0.5
0,13.0349,80.6745,2017-05-09,0.0,0.6,0.6,1.0,0.3,0.0,0.0,0.5,-0.866
0,23.838,84.7012,2008-07-11,8.0,12.3,98.9,253.4,34.9,513.0,0.86,-0.5,-0.866
0,7.8783,86.4723,2010-09-01,0.0,3.8,21.7,210.3,12.0,0.0,0.0,-1.0,-0.0
0,20.1955,97.2592,2011-07-23,3.7,19.9,67.8,144.2,25.7,1032.0,6.8,-0.5,-0.866
0,32.9644,76.905,2009-10-09,0.7,1.1,3.2,3.4,1.4,4970.0,30.26,-0.866,0.5
0,26.1376,75.3865,2012-06-21,0.0,0.0,2.1,3.1,1.7,332.0,0.0,0.0,-1.0
0,8.0536,86.4553,2014-08-25,0.0,5.2,33.0,114.7,14.3,0.0,0.0,-0.866,-0.5
0,19.3769,70.6904,2022-03-07,0.0,0.0,0.0,0.0,0.0,0.0,0.0,1.0,0.0
0,8.8382,85.5135,2007-07-15,0.0,1.3,19.1,35.6,7.8,0.0,0.0,-0.5,-0.866
0,6.7419,78.1354,2020-04-28,6.0,9.7,33.1,56.4,13.4,0.0,0.0,0.866,-0.5
0,27.3209,82.0922,2010-05-03,0.6,1.7,5.0,5.0,3.1,106.0,0.0,0.5,-0.866
0,9.596,78.8431,2011-06-13,1.9,2.2,3.1,20.7,1.9,11.0,0.0,0.0,-1.0
0,25.7473,87.9755,2007-03-19,0.0,0.0,0.5,1.0,0.2,35.0,0.57,1.0,0.0
0,24.8096,72.8414,2011-06-07,0.0,0.0,0.0,0.0,0.0,584.0,20.94,0.0,-1.0
0,34.0968,86.1742,2009-07-07,0.0,0.0,0.6,9.9,0.3,5032.0,0.41,-0.5,-0.866
0,33.3978,72.1304,2019-04-24,0.3,4.7,5.9,46.1,4.4,379.0,1.81,0.866,-0.5
0,17.0461,80.667,2015-09-08,0.8,26.8,28.1,72.1,20.8,101.0,0.86,-1.0,-0.0
0,25.8386,75.3209,2016-08-24,5.2,29.0,78.7,211.8,37.1,315.0,0.64,-0.866,-0.5
0,29.8691,88.369,2016-09-22,7.1,16.2,27.9,67.4,7.1,5503.0,28.25,-1.0,-0.0
0,12.6634,85.9043,2016-05-13,0.0,0.0,0.0,0.4,0.0,0.0,0.0,0.5,-0.866
0,30.3133,75.0606,2022-06-08,0.0,0.0,0.0,0.0,0.0,214.0,0.29,0.0,-1.0
0,25.6425,70.0949,2018-10-01,0.0,0.0,0.0,0.0,0.0,56.0,3.08,-0.866,0.5
0,34.5177,71.8935,2020-09-19,0.0,0.0,0.5,1.1,0.5,478.0,0.41,-1.0,-0.0
0,17.4624,88.1468,2009-09-25,8.1,29.2,87.1,97.8,20.1,0.0,0.0,-1.0,-0.0
0,7.0007,69.9922,2008-05-02,1.8,3.1,16.1,19.1,7.7,0.0,0.0,0.5,-0.866
0,34.9604,79.7403,2023-06-23,0.4,1.1,3.3,15.8,1.0,4961.0,0.29,0.0,-1.0
0,18.5683,86.8959,2015-07-05,0.4,12.2,83.1,151.4,31.9,0.0,0.0,-0.5,-0.866
0,9.0079,70.3311,2011-10-26,29.4,53.2,66.5,69.1,29.4,0.0,0.0,-0.866,0.5
0,22.5917,79.5266,2009-08-27,31.3,55.5,72.7,149.2,31.3,602.0,1.28,-0.866,-0.5
0,15.8051,80.9058,2008-11-08,0.0,0.0,0.0,0.0,0.0,2.0,0.0,-0.5,0.866
0,13.8344,95.2765,2008-04-20,0.0,0.0,0.0,10.6,0.0,0.0,0.0,0.866,-0.5
0,15.7787,89.88,2007-09-04,26.0,70.1,113.3,169.2,27.0,0.0,0.0,-1.0,-0.0
0,11.415,96.114,2015-07-26,0.3,0.3,40.9,152.3,34.4,0.0,0.0,-0.5,-0.866
0,11.5089,71.7445,2010-09-09,9.4,28.3,41.9,74.4,15.1,0.0,0.0,-1.0,-0.0
0,29.6429,68.866,2023-09-09,0.0,0.0,0.6,5.2,0.5,954.0,11.8,-1.0,-0.0
0,8.4162,89.0135,2022-08-03,15.9,88.6,185.2,296.7,57.5,0.0,0.0,-0.866,-0.5
0,20.1559,78.6237,2012-07-19,7.7,10.3,47.5,82.9,22.0,344.0,2.43,-0.5,-0.866
0,17.5306,75.5259,2010-04-19,0.0,0.0,0.3,0.4,0.3,442.0,0.0,0.866,-0.5
0,13.3521,83.0103,2007-02-28,0.0,0.0,0.0,2.1,0.0,0.0,0.0,0.866,0.5
0,13.8365,81.9171,2012-06-05,0.0,0.0,0.0,0.0,0.0,0.0,0.0,0.0,-1.0
0,34.4348,93.2958,2020-07-23,11.0,20.0,29.2,62.6,11.0,4672.0,3.49,-0.5,-0.866
0,13.2355,75.3238,2015-10-11,13.2,28.1,75.4,212.3,18.6,1014.0,2.86,-0.866,0.5
0,31.2799,84.8603,2008-04-22,0.0,0.0,0.0,0.6,0.0,4875.0,11.8,0.866,-0.5
0,11.8803,91.728,2009-12-13,0.0,0.6,73.3,85.4,37.3,0.0,0.0,-0.0,1.0
0,32.8097,93.548,2017-09-10,0.0,6.8,20.6,72.4,7.9,4789.0,1.46,-1.0,-0.0
0,9.0916,81.474,2016-06-10,0.0,0.0,1.3,1.5,0.8,0.0,0.0,0.0,-1.0
0,28.6873,75.1562,2013-06-16,0.2,7.6,13.8,13.8,5.0,234.0,0.29,0.0,-1.0
0,28.4739,84.1235,2007-09-05,78.2,179.3,226.6,336.3,82.1,4368.0,48.01,-1.0,-0.0
0,34.4719,68.7054,2007-07-21,0.0,0.0,0.0,0.0,0.0,2461.0,8.06,-0.5,-0.866
0,35.0297,68.0431,2016-08-28,0.0,0.0,0.0,1.0,0.0,2614.0,33.29,-0.866,-0.5
0,9.6185,83.6295,2008-05-16,0.0,0.0,1.5,4.2,1.3,0.0,0.0,0.5,-0.866
0,35.6768,72.2,2014-06-02,3.6,23.7,31.5,50.9,14.1,3349.0,34.09,0.0,-1.0
0,33.4186,83.3329,2021-08-12,1.2,4.5,17.2,43.8,5.1,5593.0,25.86,-0.866,-0.5
0,35.7366,70.5046,2019-03-05,0.0,0.0,14.6,34.1,6.0,5232.0,37.85,1.0,0.0
0,8.7449,84.7507,2014-07-05,0.6,1.0,8.2,8.5,5.5,0.0,0.0,-0.5,-0.866
0,15.2503,93.102,2017-10-13,7.5,8.9,9.5,117.3,7.5,0.0,0.0,-0.866,0.5
0,16.0417,76.0227,2011-03-07,0.0,0.0,0.0,1.2,0.0,544.0,0.81,1.0,0.0
0,29.8981,85.2489,2021-04-06,0.1,0.1,0.1,0.8,0.1,5162.0,0.0,0.866,-0.5
0,20.4817,79.9921,2013-07-25,27.0,30.1,149.2,336.7,91.8,218.0,0.86,-0.5,-0.866
0,20.0575,81.6687,2012-09-03,16.2,38.2,71.4,135.8,16.6,657.0,1.54,-1.0,-0.0
0,27.6411,85.7974,2017-05-28,21.3,47.4,49.4,106.3,21.3,1891.0,28.6,0.5,-0.866
0,10.9497,88.9791,2023-12-13,6.5,29.8,41.6,208.5,12.5,0.0,0.0,-0.0,1.0
0,7.9685,76.8158,2007-09-06,4.3,27.7,51.5,127.2,17.7,0.0,0.0,-1.0,-0.0
0,35.0629,93.2107,2014-07-18,3.8,8.3,10.9,57.4,3.8,4791.0,17.15,-0.5,-0.866
0,9.3418,71.0063,2007-09-04,22.6,38.8,46.9,105.6,22.6,0.0,0.0,-1.0,-0.0
0,8.3501,91.0383,2019-05-07,3.7,11.0,32.7,131.9,10.7,0.0,0.0,0.5,-0.866
0,17.6672,86.5938,2015-08-19,0.0,2.1,21.7,61.0,8.0,0.0,0.0,-0.866,-0.5
0,34.0229,70.2121,2021-12-07,0.0,0.0,0.7,0.7,0.7,2735.0,34.91,-0.0,1.0
0,30.779,70.7134,2017-09-26,0.0,0.0,0.0,2.6,0.0,142.0,0.91,-1.0,-0.0
0,10.1758,95.7973,2020-02-19,1.0,3.7,4.0,5.3,2.7,0.0,0.0,0.866,0.5
0,31.1506,79.6525,2020-01-22,0.0,2.6,25.6,79.7,9.6,5270.0,15.32,0.5,0.866
0,11.6842,74.3341,2021-05-09,5.0,30.2,76.0,134.2,19.1,0.0,0.0,0.5,-0.866
0,33.0027,69.0222,2016-08-08,4.8,10.6,24.7,48.4,5.3,2709.0,7.48,-0.866,-0.5
0,21.4667,94.042,2015-07-03,8.4,17.0,68.9,212.3,29.9,821.0,25.61,-0.5,-0.866
0,17.9905,80.3674,2023-08-26,3.9,12.8,20.0,68.9,6.7,318.0,4.61,-0.866,-0.5
0,13.9744,97.3256,2019-07-01,5.3,40.7,171.3,263.1,53.1,0.0,0.0,-0.5,-0.866
0,22.8355,82.298,2017-10-17,0.0,0.0,3.6,29.1,1.8,465.0,1.83,-0.866,0.5
0,18.1514,73.3046,2007-06-08,1.9,3.5,19.6,61.2,11.8,15.0,2.24,0.0,-1.0
0,33.3729,90.9669,2023-02-16,0.0,0.4,1.3,2.3,0.9,5430.0,7.65,0.866,0.5
0,17.223,85.2277,2010-05-06,0.0,0.0,0.0,0.0,0.0,0.0,0.0,0.5,-0.866
0,13.9357,75.114,2008-07-26,62.3,173.9,221.4,267.5,73.3,599.0,4.65,-0.5,-0.866
0,29.4215,95.9602,2019-08-26,0.6,20.7,39.0,101.8,14.6,4203.0,41.33,-0.866,-0.5
0,17.1441,92.7571,2014-09-06,30.9,71.2,201.6,332.8,39.7,0.0,0.0,-1.0,-0.0
0,27.4288,94.9624,2018-01-23,0.0,0.0,0.0,0.7,0.0,104.0,0.81,0.5,0.866
0,34.9268,84.6264,2022-07-07,3.3,3.7,4.1,10.2,3.3,5124.0,7.97,-0.5,-0.866
0,22.7637,73.1789,2014-02-02,0.0,0.0,0.0,33.3,0.0,61.0,0.91,0.866,0.5
0,24.5499,68.5879,2013-07-11,0.0,0.0,2.4,2.5,2.2,6.0,0.29,-0.5,-0.866
0,11.8238,91.6715,2007-10-02,14.3,58.6,151.9,233.5,28.8,0.0,0.0,-0.866,0.5
0,10.9314,88.7885,2023-04-04,0.0,0.2,0.4,0.4,0.2,0.0,0.0,0.866,-0.5
0,32.3201,96.3365,2019-06-22,1.9,21.6,42.3,66.3,10.2,4457.0,24.6,0.0,-1.0
0,24.0805,77.9286,2020-06-06,3.3,30.2,40.7,40.7,26.1,422.0,0.57,0.0,-1.0
0,30.2553,96.3395,2018-08-06,1.5,20.5,39.1,63.4,13.1,5310.0,26.76,-0.866,-0.5
0,13.1971,85.374,2016-05-10,0.0,0.0,0.0,0.0,0.0,0.0,0.0,0.5,-0.866
0,10.3205,89.5005,2019-11-19,0.7,3.1,3.9,20.2,1.8,0.0,0.0,-0.5,0.866
0,32.0227,90.7395,2017-08-06,3.5,6.6,14.0,52.9,7.0,4729.0,7.74,-0.866,-0.5
0,34.1311,96.5422,2010-05-19,2.1,4.5,8.4,29.3,2.1,4232.0,2.92,0.5,-0.866
0,34.6006,72.149,2018-09-08,0.0,0.0,14.0,42.1,10.1,1009.0,15.15,-1.0,-0.0
0,35.9714,72.9527,2017-10-03,0.4,2.6,4.5,8.9,1.5,4587.0,37.43,-0.866,0.5
0,19.8989,75.8238,2018-05-03,0.0,0.0,0.4,0.4,0.4,552.0,3.97,0.5,-0.866
0,14.1997,71.187,2021-01-13,0.0,0.0,35.1,52.8,16.4,0.0,0.0,0.5,0.866
0,28.4775,96.5885,2019-10-16,0.3,1.0,25.1,101.1,18.9,3617.0,60.47,-0.866,0.5
0,17.0369,79.0728,2014-09-26,0.4,2.3,7.6,44.6,4.6,247.0,0.64,-1.0,-0.0
0,11.3797,70.1744,2007-09-10,5.8,22.3,42.5,113.9,12.8,0.0,0.0,-1.0,-0.0
0,16.0615,96.074,2019-03-06,0.0,0.0,0.0,0.0,0.0,0.0,0.0,1.0,0.0
0,11.3271,70.2126,2017-11-03,0.0,0.0,1.7,2.7,0.7,0.0,0.0,-0.5,0.866
0,24.3209,86.1025,2020-07-01,4.1,56.8,109.3,196.6,37.4,338.0,1.46,-0.5,-0.866
0,34.7733,72.8674,2008-10-06,5.5,10.4,10.8,12.4,5.5,971.0,46.34,-0.866,0.5
0,9.5377,74.0637,2015-05-23,3.4,8.9,61.2,156.1,21.7,0.0,0.0,0.5,-0.866
0,26.3179,76.7733,2022-03-13,0.0,0.0,0.0,0.0,0.0,265.0,7.46,1.0,0.0
0,11.1077,78.6445,2022-07-10,0.3,5.9,10.0,18.1,5.0,129.0,0.81,-0.5,-0.866
0,12.4902,68.7592,2009-05-10,0.0,0.0,0.0,0.0,0.0,0.0,0.0,0.5,-0.866
0,20.7071,71.4075,2022-09-16,12.0,59.7,134.0,152.5,40.7,0.0,0.0,-1.0,-0.0
0,25.756,79.432,2018-06-13,0.0,0.7,10.3,15.5,6.5,148.0,0.64,0.0,-1.0
0,12.0975,69.3162,2014-07-09,2.2,4.1,12.0,43.4,2.7,0.0,0.0,-0.5,-0.866
0,31.6124,84.6453,2010-04-23,0.0,0.2,1.0,4.3,0.4,4841.0,24.09,0.866,-0.5
0,9.0712,78.1418,2014-07-25,0.0,0.1,0.1,2.4,0.1,24.0,0.0,-0.5,-0.866
0,23.1081,92.8035,2022-09-14,21.5,58.3,154.0,206.8,57.4,964.0,20.56,-1.0,-0.0
0,23.6814,74.9514,2008-06-13,0.0,35.5,61.3,68.6,29.6,499.0,1.92,0.0,-1.0
0,21.563,94.5634,2011-09-22,2.0,5.9,29.0,116.4,10.5,292.0,2.18,-1.0,-0.0
0,10.1085,90.3371,2013-05-06,5.4,29.0,38.2,58.0,18.0,0.0,0.0,0.5,-0.866
0,30.7538,71.7225,2020-07-22,0.0,14.3,14.5,20.1,14.3,136.0,0.0,-0.5,-0.866
0,12.5576,92.2656,2015-04-20,0.0,1.0,24.3,27.3,10.2,0.0,0.0,0.866,-0.5
0,16.0925,89.4495,2019-09-03,19.7,54.6,91.9,205.2,19.7,0.0,0.0,-1.0,-0.0
0,23.1909,84.2856,2021-09-17,4.0,48.4,129.9,184.4,50.2,971.0,16.39,-1.0,-0.0
0,34.0149,68.3647,2023-08-19,0.0,0.0,0.0,0.0,0.0,2711.0,5.82,-0.866,-0.5
0,29.9506,71.3193,2010-04-19,0.0,0.0,0.0,0.0,0.0,116.0,0.0,0.866,-0.5
0,34.2478,84.5992,2018-04-10,0.1,0.4,1.6,6.1,0.7,5177.0,1.18,0.866,-0.5
0,26.1436,84.8747,2015-07-06,24.7,43.5,97.4,199.4,24.7,58.0,0.29,-0.5,-0.866
0,18.5892,86.2382,2008-08-13,3.7,6.2,339.6,439.5,176.7,0.0,0.0,-0.866,-0.5
0,18.3738,93.9293,2022-08-02,21.0,25.7,27.3,153.0,21.0,0.0,0.0,-0.866,-0.5
0,34.125,94.4624,2016-01-27,0.0,0.0,0.0,0.9,0.0,4765.0,28.39,0.5,0.866
0,15.8285,92.864,2010-09-22,10.1,23.2,106.6,205.4,34.5,0.0,0.0,-1.0,-0.0
0,15.5144,89.9398,2015-09-11,12.1,36.5,137.2,162.6,46.4,0.0,0.0,-1.0,-0.0
0,28.364,85.8469,2013-03-15,0.0,0.6,5.6,5.6,5.0,5245.0,20.25,1.0,0.0
0,33.903,80.0115,2018-07-17,8.2,15.8,28.3,35.3,8.2,5684.0,37.25,-0.5,-0.866
0,31.1305,83.2005,2023-04-10,0.0,3.4,5.9,8.2,3.4,5725.0,15.87,0.866,-0.5
0,18.6016,91.0252,2007-07-19,5.8,16.0,133.9,322.0,45.6,0.0,0.0,-0.5,-0.866
0,11.7121,93.8178,2014-05-02,1.0,2.2,3.2,14.7,1.0,0.0,0.0,0.5,-0.866
0,7.4921,69.4915,2015-06-07,9.6,15.2,91.6,121.4,25.4,0.0,0.0,0.0,-1.0
0,17.5506,81.6944,2007-06-04,5.0,6.8,24.8,44.7,7.6,628.0,19.45,0.0,-1.0
0,13.7581,82.4192,2022-07-28,3.1,12.7,47.9,75.0,18.8,0.0,0.0,-0.5,-0.866
0,24.1064,78.3179,2009-04-09,0.0,1.2,1.4,1.4,1.1,442.0,0.41,0.866,-0.5
0,15.0521,79.4037,2013-04-19,0.0,0.0,0.0,0.8,0.0,98.0,0.29,0.866,-0.5
0,32.2133,87.0977,2020-08-09,3.0,17.1,40.1,98.2,12.7,5028.0,16.87,-0.866,-0.5
0,21.8984,93.5066,2007-12-22,0.0,0.0,0.0,0.0,0.0,2206.0,28.04,-0.0,1.0
0,20.7229,71.9033,2007-05-26,0.0,0.0,0.3,0.3,0.3,0.0,0.0,0.5,-0.866
0,13.2131,85.9461,2015-11-23,0.3,8.5,56.9,177.6,25.9,0.0,0.0,-0.5,0.866
0,19.2142,79.106,2013-06-09,3.8,14.5,55.2,58.0,15.0,570.0,1.72,0.0,-1.0
0,20.5009,87.9773,2010-09-13,14.3,43.3,75.9,148.4,20.1,0.0,0.0,-1.0,-0.0
0,6.7204,97.4832,2018-11-27,4.8,8.7,39.7,120.3,28.1,0.0,0.0,-0.5,0.866
0,23.3437,85.5163,2010-06-22,2.0,9.7,51.8,60.4,19.1,484.0,3.66,0.0,-1.0
0,20.9522,77.9204,2015-06-11,5.8,19.2,19.8,19.8,12.2,407.0,0.64,0.0,-1.0
0,14.3344,88.9773,2013-10-10,97.3,155.7,163.3,218.4,97.3,0.0,0.0,-0.866,0.5
0,10.9979,90.5815,2019-10-26,1.0,8.5,42.4,80.0,16.4,0.0,0.0,-0.866,0.5
0,26.3159,88.0823,2022-08-21,0.3,24.7,50.3,112.1,19.5,60.0,0.41,-0.866,-0.5
0,36.4241,75.6531,2008-07-13,1.8,4.0,11.8,25.1,3.3,4983.0,15.46,-0.5,-0.866
0,23.9907,97.3452,2014-09-11,4.9,12.2,43.4,165.1,14.5,438.0,4.29,-1.0,-0.0
0,20.7721,95.7497,2012-06-10,6.1,13.1,31.5,67.0,7.0,285.0,1.54,0.0,-1.0
0,31.7192,93.8566,2022-05-04,0.0,6.1,6.5,22.5,3.8,4582.0,22.37,0.5,-0.866
0,10.3383,75.6302,2012-09-25,0.0,0.0,1.0,46.7,0.8,0.0,0.0,-1.0,-0.0
0,34.9077,94.5379,2018-08-08,13.2,22.2,30.3,42.0,13.2,4746.0,13.09,-0.866,-0.5
0,13.1998,93.7073,2018-07-11,16.2,42.3,91.9,156.2,40.2,0.0,0.0,-0.5,-0.866
0,14.3168,76.6745,2008-09-16,1.4,4.6,10.4,52.5,3.7,568.0,1.46,-1.0,-0.0
0,32.4918,85.2155,2022-11-03,0.0,0.2,0.4,1.3,0.2,5341.0,3.45,-0.5,0.866
0,33.1828,82.7641,2023-10-13,0.0,0.2,0.3,0.3,0.2,4629.0,0.41,-0.866,0.5
0,15.4507,69.5948,2013-09-05,1.7,1.7,1.7,6.9,1.7,0.0,0.0,-1.0,-0.0
0,16.7801,97.1222,2011-10-15,6.9,14.3,39.8,153.3,12.4,0.0,0.0,-0.866,0.5
0,15.9915,89.1122,2017-09-16,16.3,36.6,61.5,86.2,16.3,0.0,0.0,-1.0,-0.0
0,25.431,73.2163,2021-08-01,35.7,39.6,51.3,73.3,35.7,245.0,0.0,-0.866,-0.5
0,14.7058,90.4552,2012-05-25,15.1,21.0,32.0,38.7,15.1,0.0,0.0,0.5,-0.866
0,21.1873,90.5253,2020-03-20,0.0,0.0,0.0,0.7,0.0,0.0,0.0,1.0,0.0
0,25.5046,79.9001,2007-11-13,0.0,0.0,0.0,0.0,0.0,149.0,0.41,-0.5,0.866
0,7.6318,73.8827,2017-06-01,16.6,58.6,134.3,200.9,27.4,0.0,0.0,0.0,-1.0
0,29.2054,83.6655,2014-01-01,0.0,0.0,0.0,0.0,0.0,5904.0,20.85,0.5,0.866
0,13.288,93.8711,2019-06-04,2.7,15.4,73.6,149.8,28.2,0.0,0.0,0.0,-1.0
0,21.6001,77.0304,2016-02-02,0.0,0.0,0.0,0.0,0.0,399.0,7.94,0.866,0.5
0,34.9539,81.4498,2017-07-17,0.8,3.5,10.2,30.3,4.4,5068.0,11.45,-0.5,-0.866
0,19.51,88.26,2018-04-16,0.0,0.0,0.0,1.2,0.0,0.0,0.0,0.866,-0.5
0,29.0035,72.8641,2019-10-26,0.0,0.0,0.0,0.1,0.0,142.0,0.0,-0.866,0.5
0,7.0737,74.6175,2007-12-07,0.0,0.3,3.4,19.7,2.2,0.0,0.0,-0.0,1.0
0,24.1908,72.985,2008-06-21,0.7,2.4,5.5,47.4,1.1,216.0,2.56,0.0,-1.0
0,17.7558,86.8895,2008-09-20,4.5,9.3,131.2,223.6,55.0,0.0,0.0,-1.0,-0.0
0,24.3177,69.4148,2007-04-27,0.0,0.0,0.0,0.0,0.0,30.0,1.18,0.866,-0.5
0,7.9471,71.4158,2015-07-04,0.5,2.8,11.7,29.4,3.2,0.0,0.0,-0.5,-0.866
0,20.7319,72.5172,2007-08-21,6.5,12.4,21.4,241.7,6.5,0.0,0.0,-0.866,-0.5
0,15.5335,87.5191,2011-08-09,1.5,7.6,39.3,254.1,10.5,0.0,0.0,-0.866,-0.5
0,19.0648,94.5093,2010-07-20,9.1,39.3,87.9,165.2,22.2,605.0,20.74,-0.5,-0.866
0,14.9812,91.1504,2013-07-20,27.4,66.2,170.2,275.8,40.6,0.0,0.0,-0.5,-0.866
0,29.8388,92.5292,2020-12-12,0.0,0.0,0.9,4.3,0.9,5452.0,34.02,-0.0,1.0
0,15.3605,69.1625,2022-07-07,3.3,9.0,22.1,100.7,7.3,0.0,0.0,-0.5,-0.866
0,16.4181,68.0808,2022-08-04,10.2,11.7,12.6,13.8,10.2,0.0,0.0,-0.866,-0.5
0,10.9743,70.6574,2010-07-24,0.0,4.8,22.1,81.1,6.0,0.0,0.0,-0.5,-0.866
0,33.6434,87.0079,2015-07-10,8.2,8.3,8.8,23.6,8.2,5070.0,10.24,-0.5,-0.866
0,20.4283,70.9444,2016-05-02,0.0,0.0,0.0,0.0,0.0,0.0,0.0,0.5,-0.866
0,17.3064,87.9646,2010-07-04,6.3,43.9,126.9,239.4,43.3,0.0,0.0,-0.5,-0.866
0,32.0374,94.2636,2012-01-05,0.6,1.8,6.2,6.2,4.4,5238.0,30.2,0.5,0.866
0,16.3598,94.3886,2009-11-09,0.0,0.0,0.0,12.5,0.0,104.0,6.58,-0.5,0.866
0,17.6787,78.1103,2021-04-13,3.8,16.4,16.4,16.4,12.6,504.0,0.57,0.866,-0.5
0,14.655,79.3786,2020-09-26,7.6,15.8,19.3,69.5,8.2,97.0,0.57,-1.0,-0.0
0,25.9654,91.5088,2008-04-23,0.0,0.0,3.3,20.2,2.3,155.0,15.81,0.866,-0.5
0,35.9471,92.9083,2022-04-19,0.0,0.5,5.1,9.5,3.1,4777.0,1.43,0.866,-0.5
0,30.5679,88.0126,2018-05-13,0.0,0.0,7.0,20.8,6.1,5502.0,17.56,0.5,-0.866
0,32.8985,89.4547,2022-10-16,0.1,0.1,7.3,19.7,4.6,4962.0,1.18,-0.866,0.5
0,9.8881,80.1329,2017-02-09,0.0,0.0,0.0,45.1,0.0,0.0,0.0,0.866,0.5
0,6.8708,93.6158,2014-07-24,13.5,16.2,27.7,49.1,13.5,0.0,0.0,-0.5,-0.866
0,35.8369,87.7604,2010-06-17,8.9,13.6,24.3,43.8,8.9,4999.0,0.29,0.0,-1.0
0,19.4854,89.4362,2019-07-22,1.9,2.4,9.7,51.4,3.6,0.0,0.0,-0.5,-0.866
0,10.9596,92.3799,2008-10-20,5.8,12.5,37.5,52.3,7.7,0.0,0.0,-0.866,0.5
0,6.8493,95.564,2022-07-16,11.7,13.6,29.3,60.2,12.6,0.0,0.0,-0.5,-0.866
0,32.5825,70.2085,2017-07-08,0.0,5.0,22.1,58.4,7.0,1498.0,10.42,-0.5,-0.866
0,35.6044,69.4853,2019-05-21,0.0,10.5,32.8,40.9,17.1,2446.0,29.85,0.5,-0.866
0,18.5983,74.9325,2021-07-26,1.6,2.9,81.5,156.4,47.9,611.0,1.46,-0.5,-0.866
0,9.1406,82.7045,2007-06-16,5.4,30.0,37.1,53.4,16.6,0.0,0.0,0.0,-1.0
0,9.5793,80.164,2009-07-01,0.0,3.8,4.1,4.3,2.0,0.0,0.0,-0.5,-0.866
0,30.2535,96.4136,2013-08-17,1.7,4.7,7.9,55.4,1.8,4156.0,19.53,-0.866,-0.5
0,26.1379,81.4581,2008-06-27,15.6,28.9,59.6,286.6,15.6,107.0,1.18,0.0,-1.0
0,30.9977,92.9074,2022-06-25,9.2,23.7,32.1,75.3,11.9,4926.0,2.56,0.0,-1.0
0,27.9997,78.7172,2014-07-04,1.1,1.5,3.1,6.2,1.2,168.0,0.29,-0.5,-0.866
0,6.5659,78.4766,2016-08-26,0.9,7.0,8.2,13.9,4.8,0.0,0.0,-0.866,-0.5
0,22.9307,79.0298,2022-04-06,0.0,0.0,0.0,0.0,0.0,360.0,0.0,0.866,-0.5
0,10.7135,89.1473,2015-08-04,10.7,23.9,27.2,61.2,12.4,0.0,0.0,-0.866,-0.5
0,24.8256,73.5325,2013-10-13,0.0,0.1,20.3,53.0,9.6,787.0,3.2,-0.866,0.5
0,20.2114,91.0519,2020-08-04,7.1,28.5,57.7,123.0,11.9,0.0,0.0,-0.866,-0.5
0,7.895,86.6806,2021-08-04,0.3,3.3,7.2,16.1,2.6,0.0,0.0,-0.866,-0.5
0,20.2216,85.3848,2007-07-16,13.6,46.2,76.7,167.3,17.9,57.0,0.91,-0.5,-0.866
0,22.4109,69.4329,2022-11-27,0.0,0.0,0.0,0.0,0.0,0.0,0.0,-0.5,0.866
0,34.2311,91.0419,2012-10-23,0.3,0.7,0.7,3.5,0.4,4869.0,1.03,-0.866,0.5
0,28.4148,71.7873,2017-06-20,9.7,9.8,14.3,19.7,9.7,115.0,1.03,0.0,-1.0
0,21.6233,79.3475,2014-12-23,0.0,0.0,0.0,7.8,0.0,404.0,1.43,-0.0,1.0
0,14.7079,96.426,2011-12-15,0.0,0.0,1.0,5.5,1.0,0.0,0.0,-0.0,1.0
0,10.6454,85.7745,2016-10-17,1.5,8.1,16.0,20.3,5.5,0.0,0.0,-0.866,0.5
0,31.7922,84.1603,2013-06-24,0.0,0.0,6.0,15.8,3.0,5052.0,11.21,0.0,-1.0
0,12.5267,86.4129,2011-06-12,29.6,68.0,116.8,205.5,29.6,0.0,0.0,0.0,-1.0
0,35.9401,87.1775,2017-11-17,0.0,0.0,0.7,1.6,0.3,4900.0,2.46,-0.5,0.866
0,27.8106,90.4429,2020-07-19,27.0,68.1,113.9,328.5,27.0,4101.0,39.52,-0.5,-0.866
0,26.7273,94.369,2020-07-28,18.3,24.1,69.4,201.9,30.1,112.0,1.28,-0.5,-0.866
0,30.7491,83.4205,2008-01-05,0.0,0.0,0.0,0.0,0.0,5463.0,38.78,0.5,0.866
0,26.6076,73.8971,2016-09-06,0.0,0.0,20.0,87.5,16.4,297.0,0.29,-1.0,-0.0
0,27.0017,72.3196,2016-02-26,0.0,0.0,0.0,0.3,0.0,279.0,0.86,0.866,0.5
0,12.62,83.9646,2010-06-15,0.9,9.3,91.4,116.1,44.1,0.0,0.0,0.0,-1.0
0,24.9833,87.928,2019-07-08,9.3,34.7,51.0,75.9,20.9,24.0,0.41,-0.5,-0.866
0,13.6279,91.1371,2008-09-10,27.0,75.8,126.8,156.2,28.0,0.0,0.0,-1.0,-0.0
0,34.2945,79.4329,2017-11-22,0.0,0.0,0.3,0.6,0.2,5436.0,3.34,-0.5,0.866
0,35.475,69.5872,2021-09-07,0.0,0.0,0.0,2.2,0.0,4817.0,36.28,-1.0,-0.0
0,31.3995,94.8888,2018-08-21,0.2,13.3,39.5,99.5,10.5,5268.0,21.32,-0.866,-0.5
0,29.1532,84.1251,2013-08-25,1.3,4.2,14.7,31.2,3.5,4806.0,15.53,-0.866,-0.5
0,15.3253,73.2341,2012-08-06,21.5,46.8,68.5,138.8,21.5,0.0,0.0,-0.866,-0.5
0,28.5524,71.5209,2015-02-09,0.0,0.0,0.0,0.0,0.0,111.0,0.86,0.866,0.5
0,10.402,85.2276,2021-05-11,0.8,4.0,16.3,33.4,6.8,0.0,0.0,0.5,-0.866
0,27.7907,72.5668,2008-04-11,0.0,0.0,1.0,20.8,0.6,196.0,0.0,0.866,-0.5
0,29.7098,86.4483,2022-09-10,3.0,10.5,13.3,46.3,5.5,5756.0,22.2,-1.0,-0.0
0,30.1972,84.2297,2017-03-23,0.0,0.0,1.9,25.9,1.8,5312.0,3.46,1.0,0.0
0,22.2619,96.2311,2023-07-26,3.9,66.3,100.5,122.1,38.9,83.0,0.29,-0.5,-0.866
0,11.2811,84.0209,2014-07-12,0.2,17.3,83.1,91.1,22.4,0.0,0.0,-0.5,-0.866
0,33.0019,87.5684,2013-06-10,0.0,0.0,4.1,5.4,3.2,5124.0,3.35,0.0,-1.0
0,35.0092,86.2393,2007-07-18,1.1,5.6,16.2,33.7,5.6,4908.0,1.54,-0.5,-0.866
0,9.9417,78.2072,2014-05-21,1.0,1.0,2.0,28.9,1.0,129.0,0.29,0.5,-0.866
0,35.2669,88.1353,2010-06-26,5.5,10.4,22.0,44.4,6.2,4882.0,0.86,0.0,-1.0
0,18.0763,83.937,2018-06-17,0.0,0.0,26.2,76.4,25.0,0.0,0.0,0.0,-1.0
0,21.9293,83.0077,2013-07-10,6.2,27.6,35.0,133.2,11.8,245.0,0.29,-0.5,-0.866
0,16.1094,70.4292,2007-03-25,0.0,0.0,0.0,0.0,0.0,0.0,0.0,1.0,0.0
0,25.308,74.2181,2020-08-07,6.0,24.2,40.3,112.4,12.6,504.0,0.41,-0.866,-0.5
0,31.57,74.0646,2020-09-24,0.0,0.0,0.0,0.0,0.0,204.0,0.41,-1.0,-0.0
0,25.8968,95.7227,2007-09-05,181.2,408.5,464.5,536.7,181.2,227.0,4.25,-1.0,-0.0
0,20.2768,77.7856,2012-03-02,0.0,0.0,0.0,0.0,0.0,331.0,0.64,1.0,0.0
0,30.3264,84.4635,2015-08-08,0.6,11.7,27.6,65.2,10.6,4964.0,1.46,-0.866,-0.5
0,18.729,81.3082,2007-07-11,13.0,37.0,61.5,267.6,15.4,481.0,2.0,-0.5,-0.866
0,18.1851,71.49,2009-01-24,0.0,0.0,0.0,0.0,0.0,0.0,0.0,0.5,0.866
0,29.1788,85.2754,2018-08-03,5.5,30.9,44.1,80.9,21.9,5317.0,12.83,-0.866,-0.5
0,34.3414,71.131,2009-09-10,0.0,0.0,0.2,23.1,0.2,655.0,15.5,-1.0,-0.0
0,14.9455,95.3374,2007-06-27,42.8,95.9,121.1,166.4,42.8,0.0,0.0,0.0,-1.0
0,20.7196,83.7373,2016-04-13,0.0,0.0,2.0,7.8,2.0,136.0,0.64,0.866,-0.5
0,35.304,72.2502,2018-08-26,5.4,13.2,22.0,40.1,5.4,4133.0,29.31,-0.866,-0.5
0,35.2217,68.3289,2010-10-05,0.0,0.0,4.0,4.2,3.5,3330.0,25.69,-0.866,0.5
0,7.7532,84.8952,2009-06-18,2.3,3.7,7.3,11.4,2.4,0.0,0.0,0.0,-1.0
0,15.6407,90.0747,2013-10-12,1.9,128.6,227.6,291.1,88.0,0.0,0.0,-0.866,0.5
0,18.8796,87.055,2012-07-06,0.7,3.5,230.0,251.7,131.1,0.0,0.0,-0.5,-0.866
0,13.1236,92.6251,2008-05-06,6.0,18.2,77.9,229.8,29.6,0.0,0.0,0.5,-0.866
0,32.0416,95.5049,2009-12-15,1.0,3.1,3.6,3.6,2.1,5101.0,25.91,-0.0,1.0
0,15.2196,69.9872,2022-03-24,0.0,0.0,0.0,0.0,0.0,0.0,0.0,1.0,0.0
0,35.0462,78.5356,2010-08-08,0.7,14.0,30.3,40.5,10.6,5719.0,32.47,-0.866,-0.5
0,15.0541,70.0594,2021-05-16,2.3,34.9,35.1,35.1,29.9,0.0,0.0,0.5,-0.866
0,16.3504,87.453,2018-08-05,5.0,29.7,69.8,81.8,19.4,0.0,0.0,-0.866,-0.5
0,30.731,96.2804,2014-05-11,1.1,6.4,17.7,27.9,8.6,4101.0,17.59,0.5,-0.866
0,30.0698,89.0099,2018-08-09,3.0,6.5,17.8,129.4,7.1,5575.0,5.82,-0.866,-0.5
0,10.5292,89.6227,2021-10-15,20.7,61.9,125.9,241.2,28.8,0.0,0.0,-0.866,0.5
0,17.2622,77.0114,2009-07-06,8.3,10.6,17.7,42.9,8.3,421.0,0.81,-0.5,-0.866
0,31.7538,93.3321,2013-04-18,1.1,2.6,4.1,13.6,1.5,5057.0,15.92,0.866,-0.5
0,14.397,94.1469,2007-03-03,0.0,0.0,0.0,0.0,0.0,0.0,0.0,1.0,0.0
0,31.9876,86.633,2019-09-19,0.0,0.0,0.0,7.2,0.0,4473.0,1.03,-1.0,-0.0
0,29.576,74.2764,2022-02-09,0.0,0.6,1.2,1.9,0.6,182.0,0.29,0.866,0.5
0,26.1172,72.3847,2016-06-25,0.7,1.0,1.0,1.0,0.7,139.0,0.41,0.0,-1.0
0,10.5164,82.7831,2023-03-12,0.0,0.2,0.6,3.8,0.2,0.0,0.0,1.0,0.0
0,6.8178,75.047,2012-11-20,0.7,2.3,3.5,32.8,1.2,0.0,0.0,-0.5,0.866
0,29.2162,72.1409,2011-04-19,0.0,0.0,12.5,12.7,11.1,130.0,2.24,0.866,-0.5
0,17.2639,74.4552,2015-07-03,0.0,1.3,2.2,75.9,1.3,641.0,0.86,-0.5,-0.866
0,17.5831,69.2628,2018-05-26,0.0,0.4,0.4,0.4,0.3,0.0,0.0,0.5,-0.866
0,18.1428,95.0781,2017-10-02,2.0,8.1,38.1,100.8,13.9,89.0,4.06,-0.866,0.5
0,9.5968,96.569,2015-08-09,3.8,29.4,70.0,103.7,21.2,0.0,0.0,-0.866,-0.5
0,23.8589,84.8197,2018-06-13,0.1,17.9,82.9,112.4,36.1,581.0,2.64,0.0,-1.0
0,24.1304,94.4977,2019-03-09,0.0,1.8,11.3,24.8,9.5,687.0,14.33,1.0,0.0
0,35.6802,74.5755,2018-07-27,19.6,32.4,37.8,40.6,19.6,1765.0,25.85,-0.5,-0.866
0,21.1058,82.2222,2011-08-17,10.1,30.5,86.5,151.9,31.2,314.0,0.0,-0.866,-0.5
0,19.697,74.7847,2013-07-09,1.3,3.2,28.7,73.2,11.5,479.0,1.15,-0.5,-0.866
0,11.0072,72.642,2010-08-27,8.4,51.7,97.2,241.8,22.6,0.0,0.0,-0.866,-0.5
0,26.3333,80.2311,2022-06-04,0.0,0.0,0.0,8.8,0.0,125.0,0.29,0.0,-1.0
0,26.7569,82.1311,2020-08-21,5.7,8.7,26.3,96.6,13.2,101.0,0.64,-0.866,-0.5
0,7.1734,69.2728,2011-08-06,0.0,8.7,9.9,34.0,6.4,0.0,0.0,-0.866,-0.5
0,25.3862,69.1561,2012-08-02,0.0,0.1,0.1,0.1,0.1,14.0,0.0,-0.866,-0.5
0,14.2478,73.3111,2007-11-20,0.0,0.0,0.0,15.7,0.0,0.0,0.0,-0.5,0.866
0,32.8553,89.4752,2013-09-03,4.5,13.5,33.7,70.8,6.6,4917.0,0.0,-1.0,-0.0
0,19.9761,97.2869,2014-10-06,0.0,4.3,8.2,29.4,3.8,807.0,11.03,-0.866,0.5
0,31.4109,85.7247,2012-09-27,0.0,0.0,0.0,21.4,0.0,5056.0,7.93,-1.0,-0.0
0,25.1964,83.0687,2017-05-22,0.0,0.0,2.1,9.4,1.8,80.0,0.29,0.5,-0.866
0,34.1706,85.5977,2019-03-13,0.1,0.7,2.8,5.9,1.1,5018.0,1.46,1.0,0.0
0,10.4664,68.4886,2020-07-17,3.0,11.3,38.9,59.9,8.1,0.0,0.0,-0.5,-0.866
0,31.2954,85.8626,2008-05-20,0.4,5.6,10.1,24.9,3.0,4745.0,0.0,0.5,-0.866
0,32.8326,83.6772,2022-09-03,0.0,0.0,1.9,42.6,1.4,4954.0,0.81,-1.0,-0.0
0,22.6786,68.0354,2020-11-22,0.0,0.0,0.0,0.0,0.0,0.0,0.0,-0.5,0.866
0,7.8031,83.6296,2022-05-26,0.8,15.3,21.7,57.6,13.0,0.0,0.0,0.5,-0.866
0,24.1714,89.8711,2010-09-23,0.1,11.0,62.1,157.6,20.5,11.0,0.0,-1.0,-0.0
0,19.2647,75.5083,2009-09-28,1.5,1.5,5.1,7.3,3.2,474.0,0.57,-1.0,-0.0
0,14.998,93.8646,2007-07-07,16.8,63.4,136.2,274.2,26.4,0.0,0.0,-0.5,-0.866
0,27.7745,91.288,2023-08-04,16.2,26.2,81.2,242.7,21.3,2363.0,35.75,-0.866,-0.5
0,6.7158,87.3091,2020-08-11,2.4,13.6,58.0,142.7,22.5,0.0,0.0,-0.866,-0.5
0,17.3681,72.566,2015-08-09,3.5,6.1,29.1,50.1,11.8,0.0,0.0,-0.866,-0.5
0,32.1493,80.4951,2019-06-09,0.0,0.0,0.0,0.0,0.0,4750.0,1.03,0.0,-1.0
0,29.1492,80.1902,2012-09-16,7.6,79.4,130.5,232.9,57.7,545.0,9.76,-1.0,-0.0
0,17.6064,84.3699,2018-05-10,0.0,0.0,0.1,9.9,0.1,0.0,0.0,0.5,-0.866
0,29.7258,79.7448,2010-04-28,1.8,1.8,2.1,4.4,1.8,1676.0,39.63,0.866,-0.5
0,28.9344,81.1745,2010-08-06,3.9,76.0,108.4,210.9,62.1,911.0,30.93,-0.866,-0.5
0,12.9337,79.8165,2008-06-18,0.0,0.0,4.8,24.3,4.4,66.0,0.29,0.0,-1.0
0,11.3221,96.4548,2011-01-03,0.0,0.4,0.4,0.4,0.4,0.0,0.0,0.5,0.866
0,20.6501,85.7072,2014-03-09,2.3,4.0,43.4,44.5,39.3,227.0,7.87,1.0,0.0
0,17.6251,85.9664,2023-08-13,5.9,14.1,14.3,68.9,6.9,0.0,0.0,-0.866,-0.5
0,15.0941,96.4241,2012-02-25,0.0,0.0,0.4,0.4,0.4,0.0,0.0,0.866,0.5
0,25.7087,80.9497,2023-05-22,0.0,0.0,0.0,0.1,0.0,105.0,0.64,0.5,-0.866
0,15.0802,68.9915,2014-08-17,0.9,1.4,2.3,5.1,0.9,0.0,0.0,-0.866,-0.5
0,24.9557,87.8837,2007-06-21,5.1,26.4,106.9,355.0,39.9,25.0,0.64,0.0,-1.0
0,35.7694,70.5619,2018-06-13,0.0,0.0,0.0,0.0,0.0,4819.0,36.51,0.0,-1.0
0,26.5899,79.9608,2009-05-01,0.0,0.0,0.0,0.0,0.0,132.0,0.0,0.5,-0.866
0,34.0753,84.213,2018-08-18,4.9,11.4,19.1,32.2,4.9,5249.0,1.81,-0.866,-0.5
0,16.9243,92.0577,2021-05-07,0.2,0.2,2.0,7.3,1.8,0.0,0.0,0.5,-0.866
0,34.3914,84.9597,2023-05-14,0.0,0.0,3.1,17.5,1.6,4978.0,1.62,0.5,-0.866
0,9.6939,70.1354,2023-06-04,19.8,43.8,61.4,76.3,19.8,0.0,0.0,0.0,-1.0
0,35.2013,93.8453,2015-09-19,0.7,6.3,16.3,42.3,5.8,4440.0,0.29,-1.0,-0.0
0,27.3258,96.4986,2014-07-25,1.8,26.1,194.9,325.3,79.6,1149.0,23.05,-0.5,-0.866
0,29.2242,96.3565,2007-07-15,7.6,31.1,75.7,104.3,17.2,3201.0,41.88,-0.5,-0.866
0,20.9591,75.6057,2014-06-26,0.1,0.2,0.2,6.3,0.1,261.0,1.81,0.0,-1.0
0,26.8074,74.7829,2023-06-12,0.0,0.0,0.3,6.1,0.3,421.0,0.64,0.0,-1.0
0,22.5696,88.6741,2009-05-10,0.0,0.0,0.7,2.7,0.6,3.0,0.64,0.5,-0.866
0,18.4679,90.0892,2012-06-18,58.2,152.5,306.6,368.0,88.1,0.0,0.0,0.0,-1.0
0,20.7967,78.4294,2012-10-09,0.0,0.0,24.3,57.5,22.1,297.0,1.46,-0.866,0.5
0,34.9135,88.1517,2013-10-16,0.0,1.1,6.1,9.5,4.3,5005.0,2.86,-0.866,0.5
0,13.5458,75.1407,2013-05-08,3.1,3.7,11.6,35.3,4.9,631.0,3.04,0.5,-0.866
0,31.5482,92.6719,2010-06-25,4.0,16.8,37.9,68.8,12.2,4716.0,16.93,0.0,-1.0
0,10.0964,70.3154,2007-11-16,0.0,0.0,0.0,20.1,0.0,0.0,0.0,-0.5,0.866
0,29.4273,83.9735,2018-02-16,0.0,0.0,17.3,20.6,12.8,4557.0,1.03,0.866,0.5
0,25.12,82.524,2015-12-19,0.0,0.0,0.0,0.2,0.0,88.0,0.29,-0.0,1.0
0,21.2242,97.0396,2019-10-09,1.8,3.2,26.8,43.7,8.0,880.0,5.63,-0.866,0.5
0,13.1628,85.0116,2020-02-26,0.0,0.0,0.0,0.0,0.0,0.0,0.0,0.866,0.5
0,20.8496,83.9527,2012-07-13,10.4,18.4,41.8,135.6,10.4,104.0,0.41,-0.5,-0.866
0,20.2159,71.5509,2007-07-11,2.0,7.2,21.5,278.5,4.0,0.0,0.0,-0.5,-0.866
0,6.8546,74.2172,2018-08-11,2.7,4.6,9.4,20.2,3.2,0.0,0.0,-0.866,-0.5
0,24.8833,75.6612,2015-07-08,3.8,3.8,3.8,30.2,3.8,469.0,1.03,-0.5,-0.866
0,20.6404,86.086,2020-06-16,10.5,56.0,104.0,133.8,28.7,14.0,0.0,0.0,-1.0
0,12.816,88.671,2019-06-28,11.6,28.5,46.5,184.2,11.6,0.0,0.0,0.0,-1.0
0,14.8889,73.3067,2014-04-19,0.0,0.0,0.0,0.2,0.0,0.0,0.0,0.866,-0.5
0,30.9257,89.2641,2020-09-18,1.7,3.9,6.6,18.9,1.7,4702.0,0.29,-1.0,-0.0
0,32.1893,73.7839,2011-09-24,0.0,0.8,1.9,58.6,0.8,214.0,0.29,-1.0,-0.0
0,20.6896,68.2874,2023-07-05,0.1,5.5,44.0,89.2,22.5,0.0,0.0,-0.5,-0.866
0,22.5195,77.314,2008-07-09,23.7,34.9,39.2,83.0,23.7,299.0,0.86,-0.5,-0.866
0,18.4521,88.371,2015-02-27,0.0,0.0,0.0,0.1,0.0,0.0,0.0,0.866,0.5
0,20.7962,86.5809,2015-07-11,3.5,34.0,87.0,141.2,27.4,3.0,0.29,-0.5,-0.866
0,17.3289,84.5303,2018-10-09,13.5,13.7,13.7,13.8,13.5,0.0,0.0,-0.866,0.5
0,7.0951,71.5765,2013-10-20,2.8,3.2,11.6,20.2,5.1,0.0,0.0,-0.866,0.5
0,23.8056,87.171,2016-07-25,8.0,12.5,68.4,141.3,23.7,116.0,0.41,-0.5,-0.866
0,17.1533,87.8592,2021-07-24,1.5,32.7,113.1,184.5,38.6,0.0,0.0,-0.5,-0.866
0,33.189,79.2416,2011-06-21,0.0,2.1,2.9,16.9,1.9,5178.0,15.4,0.0,-1.0
0,32.5477,86.8971,2019-10-14,0.0,0.1,3.1,6.6,1.8,5078.0,4.36,-0.866,0.5
0,31.967,70.1047,2017-04-08,0.0,0.0,9.7,16.3,5.6,730.0,13.72,0.866,-0.5
0,16.0063,76.595,2019-06-21,4.3,20.5,21.1,34.5,14.5,457.0,1.03,0.0,-1.0
0,14.6374,81.1245,2023-09-12,0.0,8.3,9.0,64.4,8.0,0.0,0.0,-1.0,-0.0
0,35.4658,80.2127,2011-05-01,0.0,2.0,2.0,8.0,2.0,5258.0,1.54,0.5,-0.866
0,28.3332,87.5297,2009-11-23,0.0,0.0,8.3,24.1,4.9,4672.0,5.25,-0.5,0.866
0,12.8171,79.7128,2008-03-16,0.2,5.1,17.2,17.2,7.2,79.0,0.86,1.0,0.0
0,7.2909,79.7119,2010-09-03,1.6,2.2,41.6,57.8,18.4,0.0,0.0,-1.0,-0.0
0,14.3736,72.5806,2016-08-13,0.0,10.5,14.1,39.3,9.1,0.0,0.0,-0.866,-0.5
0,13.3807,89.759,2011-07-05,28.3,65.0,82.7,97.3,29.4,0.0,0.0,-0.5,-0.866
0,22.3023,73.0329,2017-02-12,0.0,0.0,0.0,0.0,0.0,18.0,0.41,0.866,0.5
0,32.4272,81.7822,2021-10-09,0.0,0.0,0.0,1.6,0.0,4887.0,16.38,-0.866,0.5
0,10.5534,95.9803,2021-07-19,10.0,23.4,61.5,264.2,14.6,0.0,0.0,-0.5,-0.866
0,25.4314,86.7576,2016-07-17,7.7,39.5,57.3,109.5,25.5,33.0,0.0,-0.5,-0.866
0,33.7677,82.2087,2021-05-03,0.3,0.3,1.1,2.9,0.6,5132.0,1.43,0.5,-0.866
0,15.736,80.16,2007-04-01,0.0,0.0,0.0,0.0,0.0,12.0,0.0,0.866,-0.5
0,22.1995,90.3697,2022-04-10,0.0,0.1,0.3,19.9,0.1,7.0,1.46,0.866,-0.5
0,21.2579,90.2864,2020-06-25,0.2,2.2,75.2,275.4,28.6,0.0,0.0,0.0,-1.0
0,30.4389,85.6116,2018-09-18,0.0,1.1,3.9,18.4,1.6,4857.0,0.41,-1.0,-0.0
0,12.1571,94.0238,2012-07-08,14.0,23.3,59.3,126.5,14.0,0.0,0.0,-0.5,-0.866
0,27.9481,87.0567,2015-09-08,0.0,3.0,24.9,63.2,11.7,5902.0,27.41,-1.0,-0.0
0,8.8763,86.447,2015-07-26,0.1,2.6,29.8,47.7,12.8,0.0,0.0,-0.5,-0.866
0,15.0403,89.9163,2013-09-14,19.3,30.3,43.9,111.4,19.3,0.0,0.0,-1.0,-0.0
0,32.1045,73.381,2021-06-21,0.0,0.0,0.8,5.6,0.8,198.0,0.29,0.0,-1.0
0,25.0319,76.028,2017-08-07,16.9,17.7,25.0,87.3,16.9,266.0,0.0,-0.866,-0.5
0,7.0819,69.4641,2010-07-06,8.3,44.3,51.0,109.8,26.0,0.0,0.0,-0.5,-0.866
0,14.9634,71.6887,2014-07-01,3.3,4.3,5.9,17.9,3.3,0.0,0.0,-0.5,-0.866
0,9.2059,68.4344,2016-05-14,0.0,0.0,0.2,0.2,0.1,0.0,0.0,0.5,-0.866
0,30.0718,82.7027,2008-06-23,0.4,2.5,11.1,43.9,2.9,5164.0,12.14,0.0,-1.0
0,16.4075,92.8846,2015-11-02,0.7,2.6,13.4,13.8,7.6,0.0,0.0,-0.5,0.866
0,29.7696,70.1058,2015-07-07,3.7,8.5,16.0,44.1,4.8,378.0,13.24,-0.5,-0.866
0,31.0175,92.4334,2014-04-25,2.2,9.0,11.4,15.2,5.6,5019.0,2.18,0.866,-0.5
0,18.0439,96.7617,2013-05-02,0.0,0.0,0.0,1.7,0.0,15.0,0.29,0.5,-0.866
0,20.325,90.7444,2022-07-07,10.4,34.3,145.4,204.7,51.3,0.0,0.0,-0.5,-0.866
0,18.1737,96.3558,2008-11-06,1.9,2.1,50.3,175.4,23.1,264.0,4.33,-0.5,0.866
0,28.8417,84.2126,2016-04-16,0.0,5.0,9.4,21.0,3.4,5886.0,33.37,0.866,-0.5
0,12.4617,94.1818,2010-09-07,7.0,11.3,49.4,160.5,16.8,0.0,0.0,-1.0,-0.0
0,13.579,80.8078,2015-01-26,0.0,0.3,1.1,2.4,0.7,0.0,0.0,0.5,0.866
0,24.0409,79.6763,2022-05-02,0.0,0.0,0.0,0.0,0.0,319.0,0.91,0.5,-0.866
0,27.1522,72.5723,2012-09-08,21.7,24.8,34.5,47.2,21.7,251.0,0.57,-1.0,-0.0
0,21.4976,88.2354,2008-06-25,2.9,17.6,54.2,321.8,23.6,0.0,0.0,0.0,-1.0
0,8.2933,87.015,2010-08-26,2.0,25.5,62.9,295.3,22.4,0.0,0.0,-0.866,-0.5
0,10.2748,74.8639,2018-12-26,2.8,10.5,19.7,24.9,6.1,0.0,0.0,-0.0,1.0
0,30.6658,80.9422,2019-05-23,1.0,4.9,6.6,9.3,3.5,4780.0,5.09,0.5,-0.866
0,17.245,71.9746,2021-10-16,0.0,0.1,10.1,40.4,4.2,0.0,0.0,-0.866,0.5
0,23.2707,84.0107,2012-07-19,9.0,32.9,95.4,233.5,21.6,878.0,2.08,-0.5,-0.866
0,22.8086,77.5486,2012-07-28,46.8,84.2,175.3,217.3,57.8,411.0,14.37,-0.5,-0.866
0,8.5663,72.5733,2018-06-09,1.2,8.4,56.6,177.2,16.8,0.0,0.0,0.0,-1.0
0,20.1224,90.8896,2012-07-24,28.3,60.5,149.5,191.3,36.3,0.0,0.0,-0.5,-0.866
0,32.988,86.2822,2014-06-20,1.5,3.0,4.1,8.8,1.5,4892.0,0.41,0.0,-1.0
0,16.1208,69.8686,2019-12-27,0.0,1.4,4.1,4.1,2.7,0.0,0.0,-0.0,1.0
0,12.1961,88.1551,2016-09-05,8.3,21.7,34.7,128.4,8.3,0.0,0.0,-1.0,-0.0
0,16.178,86.9067,2009-04-17,0.0,61.0,76.8,76.8,46.7,0.0,0.0,0.866,-0.5
0,7.8133,95.6651,2013-05-02,19.1,25.7,48.2,58.4,19.1,0.0,0.0,0.5,-0.866
0,9.7117,73.6527,2019-01-21,0.0,0.0,0.0,0.0,0.0,0.0,0.0,0.5,0.866
0,26.2376,83.5117,2008-08-09,7.6,30.4,59.2,91.1,21.7,78.0,0.57,-0.866,-0.5
0,17.4906,85.8756,2022-03-07,0.0,0.0,0.0,0.0,0.0,0.0,0.0,1.0,0.0
0,34.3521,92.5463,2008-07-21,0.0,5.2,14.4,45.5,8.9,4738.0,10.18,-0.5,-0.866
0,17.3278,89.9326,2018-10-27,26.3,32.3,32.3,39.8,26.3,0.0,0.0,-0.866,0.5
0,30.3275,69.7199,2008-08-17,0.2,1.5,7.5,46.0,3.4,1475.0,16.04,-0.866,-0.5
0,28.529,92.6165,2023-03-07,0.0,5.6,9.4,21.6,2.9,5088.0,26.07,1.0,0.0
0,9.4136,89.3926,2013-07-07,20.4,52.3,94.3,117.9,20.4,0.0,0.0,-0.5,-0.866
0,22.2858,75.3385,2020-08-06,1.9,50.7,66.6,134.3,48.6,258.0,2.99,-0.866,-0.5
0,28.8833,90.6054,2021-08-22,11.1,14.4,57.6,87.7,20.5,4438.0,0.29,-0.866,-0.5
0,27.5765,80.5987,2012-04-26,0.0,0.0,0.0,1.6,0.0,138.0,0.29,0.866,-0.5
0,22.999,82.8884,2021-08-18,46.1,80.1,84.6,181.4,46.1,543.0,1.46,-0.866,-0.5
0,34.5056,94.6233,2018-07-11,0.1,4.4,20.6,73.2,6.7,4487.0,5.78,-0.5,-0.866
0,18.8703,86.6806,2014-09-11,6.9,16.5,140.7,321.1,77.4,0.0,0.0,-1.0,-0.0
0,23.3943,74.3109,2015-09-24,0.1,1.4,22.3,23.3,8.9,223.0,1.28,-1.0,-0.0
0,17.3003,81.3459,2008-11-01,0.0,0.0,0.0,13.2,0.0,232.0,1.67,-0.5,0.866
0,35.9887,85.575,2007-07-10,0.0,14.7,17.6,32.3,13.8,4989.0,0.64,-0.5,-0.866
0,15.51,74.5457,2015-09-01,1.0,2.3,7.8,35.9,2.0,673.0,3.73,-1.0,-0.0
0,34.0734,83.0825,2011-08-19,1.6,8.0,28.1,37.8,6.0,5121.0,4.09,-0.866,-0.5
0,9.3286,81.5809,2018-04-09,4.4,10.2,12.8,21.2,5.3,0.0,0.0,0.866,-0.5
0,14.1873,76.8589,2013-08-19,0.4,1.8,26.6,38.1,11.7,573.0,0.64,-0.866,-0.5
0,28.528,89.3456,2022-09-06,2.1,10.6,23.4,38.4,7.4,4521.0,1.46,-1.0,-0.0
0,31.2712,88.3431,2016-08-04,5.5,23.7,51.8,87.2,9.2,4935.0,8.9,-0.866,-0.5
0,7.6211,91.8461,2008-06-25,7.5,20.5,25.6,57.7,9.5,0.0,0.0,0.0,-1.0
0,34.1561,77.8645,2020-10-14,0.0,0.0,0.0,0.0,0.0,5239.0,4.06,-0.866,0.5
0,34.4074,71.5559,2007-09-24,0.1,11.0,20.4,24.7,10.9,1297.0,36.41,-1.0,-0.0
0,25.5166,86.6497,2008-02-17,0.0,0.0,0.0,11.0,0.0,41.0,1.62,0.866,0.5
0,16.0795,84.6649,2014-06-23,0.0,0.0,5.6,17.4,2.4,0.0,0.0,0.0,-1.0
0,11.0959,87.8722,2023-12-15,3.9,7.9,49.5,167.9,23.3,0.0,0.0,-0.0,1.0
0,9.2025,80.7421,2011-09-05,0.0,0.0,1.1,5.5,0.9,56.0,3.26,-1.0,-0.0
0,16.585,82.0377,2019-09-18,15.4,73.2,98.9,149.4,36.0,5.0,1.46,-1.0,-0.0
0,14.3767,79.7565,2011-07-23,0.6,0.7,3.4,15.5,2.6,58.0,0.41,-0.5,-0.866
0,29.361,82.1872,2013-05-13,9.2,30.4,33.5,65.0,11.1,3725.0,24.69,0.5,-0.866
0,23.335,97.4138,2009-07-08,21.3,61.6,152.6,288.8,31.2,1170.0,4.04,-0.5,-0.866
0,14.4877,80.6869,2009-08-19,0.2,4.9,36.5,38.2,17.7,0.0,0.0,-0.866,-0.5
0,9.8759,80.2007,2017-06-07,1.1,1.3,2.2,4.4,1.1,0.0,0.0,0.0,-1.0
0,16.8357,87.3346,2018-09-06,2.3,29.3,54.4,140.8,14.1,0.0,0.0,-1.0,-0.0
0,24.9866,97.2097,2021-07-05,6.1,38.0,120.2,203.7,23.2,118.0,0.0,-0.5,-0.866
0,7.8463,92.1361,2011-05-12,0.0,1.5,65.7,164.1,24.5,0.0,0.0,0.5,-0.866
0,29.232,93.1565,2014-04-02,2.3,11.2,19.1,29.7,5.3,5091.0,41.9,0.866,-0.5
0,34.9682,95.3385,2016-10-27,1.2,7.3,11.1,14.7,6.1,4811.0,12.58,-0.866,0.5
0,6.912,88.467,2022-04-15,0.0,0.1,21.6,83.9,14.3,0.0,0.0,0.866,-0.5
0,7.1824,74.1658,2023-07-07,2.7,44.8,108.6,224.2,27.9,0.0,0.0,-0.5,-0.866
0,29.0107,84.1896,2007-08-05,2.7,5.0,24.5,81.9,8.6,5295.0,5.17,-0.866,-0.5
0,17.7982,94.7282,2012-07-09,26.6,74.8,166.3,656.3,30.1,392.0,16.31,-0.5,-0.866
0,8.3033,73.9205,2008-08-09,0.0,0.1,0.1,51.7,0.1,0.0,0.0,-0.866,-0.5
0,20.4488,95.8827,2015-02-22,0.0,0.0,0.0,0.0,0.0,273.0,1.62,0.866,0.5
0,17.3066,71.1828,2019-06-21,1.8,5.3,15.2,128.1,4.2,0.0,0.0,0.0,-1.0
0,13.4351,79.2307,2017-12-04,0.5,2.2,21.9,27.6,14.2,425.0,21.43,-0.0,1.0
0,21.0399,85.6146,2023-03-07,0.0,0.0,0.0,0.0,0.0,100.0,1.67,1.0,0.0
0,35.5037,84.5403,2014-08-02,1.6,5.9,7.3,14.3,2.8,4939.0,2.31,-0.866,-0.5
0,34.1681,76.9954,2012-07-24,0.0,0.0,1.8,31.4,1.2,4595.0,26.2,-0.5,-0.866
0,7.0512,88.1872,2014-06-10,5.4,30.3,71.4,210.3,24.2,0.0,0.0,0.0,-1.0
0,36.3798,96.8683,2015-06-02,0.8,0.9,1.9,6.6,1.0,2725.0,0.0,0.0,-1.0
0,32.8603,94.2669,2015-09-01,1.8,10.4,28.0,51.2,6.3,4768.0,0.41,-1.0,-0.0
0,13.2675,78.0827,2009-06-05,0.3,0.5,29.0,69.8,10.8,860.0,1.74,0.0,-1.0
0,26.8398,93.7447,2014-08-14,133.4,274.8,337.1,576.8,133.4,77.0,0.0,-0.866,-0.5
0,23.687,80.5807,2017-06-20,4.5,6.6,7.3,14.2,4.5,508.0,10.12,0.0,-1.0
0,19.9751,71.8873,2013-08-19,1.3,10.6,54.5,106.0,29.4,0.0,0.0,-0.866,-0.5
0,10.5576,97.3727,2012-12-05,0.0,0.1,45.2,197.2,22.2,0.0,0.0,-0.0,1.0
0,16.0249,84.4415,2012-11-04,5.5,5.9,58.1,58.5,27.7,0.0,0.0,-0.5,0.866
0,16.0279,93.9493,2017-08-25,14.6,38.9,119.9,284.9,31.3,0.0,0.0,-0.866,-0.5
0,32.904,80.2142,2015-07-15,0.4,16.2,58.4,80.6,14.6,5777.0,24.18,-0.5,-0.866
0,11.0587,73.544,2015-04-01,1.5,1.8,2.5,2.5,1.5,0.0,0.0,0.866,-0.5
0,24.6681,86.0647,2007-08-08,0.9,2.6,22.2,163.1,10.8,270.0,3.16,-0.866,-0.5
0,17.2778,88.3002,2022-07-17,15.3,80.5,187.7,393.4,49.5,0.0,0.0,-0.5,-0.866
0,27.8606,79.0318,2022-09-16,3.5,20.0,26.1,28.6,9.4,158.0,0.64,-1.0,-0.0
0,10.6254,73.7012,2007-01-25,0.0,0.0,0.0,0.0,0.0,0.0,0.0,0.5,0.866
0,34.2631,96.0308,2013-05-22,1.5,1.8,3.5,15.8,1.5,4828.0,21.53,0.5,-0.866
0,29.2333,69.951,2022-10-15,0.0,0.0,0.0,0.0,0.0,285.0,11.65,-0.866,0.5
0,33.1276,80.6129,2019-09-20,0.0,0.0,0.0,0.0,0.0,4539.0,4.88,-1.0,-0.0
0,28.106,79.6274,2023-11-19,0.0,0.0,0.0,0.1,0.0,161.0,0.81,-0.5,0.866
0,25.7418,88.7713,2021-02-04,0.0,0.0,0.0,0.0,0.0,40.0,0.29,0.866,0.5
0,20.207,93.8941,2023-10-08,1.8,17.0,65.3,187.5,30.7,279.0,10.3,-0.866,0.5
0,22.6361,97.023,2023-02-13,0.0,0.0,0.0,0.0,0.0,675.0,34.73,0.866,0.5
0,29.4548,96.3965,2019-05-15,1.6,34.4,87.1,162.8,28.3,5086.0,9.31,0.5,-0.866
0,33.0319,90.8235,2020-06-06,2.5,14.7,36.6,40.6,13.5,5095.0,0.41,0.0,-1.0
0,15.3326,95.1115,2021-08-05,26.7,62.7,112.8,236.2,26.7,0.0,0.0,-0.866,-0.5
0,31.3968,81.3251,2012-08-04,3.3,10.7,40.3,50.7,14.8,5708.0,31.01,-0.866,-0.5
0,27.3834,71.9915,2007-07-15,0.0,0.0,7.7,16.7,4.5,209.0,0.0,-0.5,-0.866
0,11.8664,85.4143,2021-08-07,4.0,9.3,16.6,24.9,4.0,0.0,0.0,-0.866,-0.5
0,9.2054,77.5602,2012-08-23,0.7,5.1,21.0,81.4,14.9,138.0,0.29,-0.866,-0.5
0,28.0512,71.6446,2018-04-15,0.0,0.0,5.6,5.8,3.7,112.0,0.91,0.866,-0.5
0,9.0592,88.8647,2012-08-17,8.0,9.8,10.3,12.4,8.0,0.0,0.0,-0.866,-0.5
0,17.8604,79.2279,2011-09-11,1.1,1.1,13.1,88.2,9.0,434.0,3.43,-1.0,-0.0
0,11.3637,72.2659,2020-09-02,17.8,26.5,34.9,43.3,17.8,0.0,0.0,-1.0,-0.0
0,15.7419,89.5398,2012-11-10,1.5,1.5,2.1,6.6,1.5,0.0,0.0,-0.5,0.866
0,10.0266,71.8813,2015-05-20,0.2,6.6,32.1,78.5,11.9,0.0,0.0,0.5,-0.866
0,6.8662,82.68,2007-07-26,0.5,3.6,20.0,21.2,11.6,0.0,0.0,-0.5,-0.866
0,24.7395,82.5573,2022-05-22,0.1,1.4,1.4,1.4,1.3,230.0,3.46,0.5,-0.866
0,20.1122,81.0353,2014-08-01,6.5,51.1,87.8,442.4,25.7,359.0,0.41,-0.866,-0.5
0,32.965,76.2043,2013-08-27,4.6,10.5,28.6,139.4,8.5,3115.0,36.98,-0.866,-0.5
0,7.9676,72.3736,2011-08-02,4.2,4.3,14.5,55.0,8.7,0.0,0.0,-0.866,-0.5
0,32.1149,87.6764,2017-09-10,0.0,0.1,5.3,39.6,2.7,4763.0,2.06,-1.0,-0.0
0,34.1115,69.4464,2012-07-06,0.0,0.0,0.5,7.5,0.5,3716.0,7.46,-0.5,-0.866
0,26.6627,86.0271,2012-08-20,7.8,10.7,41.2,92.5,10.6,69.0,0.29,-0.866,-0.5
0,35.4888,90.1054,2009-06-02,1.5,2.2,3.3,29.8,1.5,4917.0,0.41,0.0,-1.0
0,29.5554,77.5232,2009-10-27,0.0,0.0,0.0,0.0,0.0,247.0,0.86,-0.866,0.5
0,29.2533,92.8776,2011-02-16,1.9,2.6,3.4,6.5,1.9,4379.0,41.94,0.866,0.5
0,10.1607,93.3525,2023-06-14,36.6,60.2,100.4,169.8,36.6,0.0,0.0,0.0,-1.0
0,12.7954,74.167,2023-02-19,0.0,0.0,0.0,0.0,0.0,0.0,0.0,0.866,0.5
0,36.1157,82.2681,2016-08-26,1.2,12.0,32.6,56.4,13.9,5160.0,15.52,-0.866,-0.5
0,19.3116,93.01,2018-05-19,7.9,11.2,16.5,19.3,7.9,0.0,0.0,0.5,-0.866
0,34.3132,86.1216,2022-07-24,0.0,0.4,4.4,53.8,2.4,5351.0,2.31,-0.5,-0.866
0,21.2751,73.3073,2016-08-23,10.8,20.7,31.8,70.2,10.8,48.0,2.31,-0.866,-0.5
0,35.8777,68.0466,2010-01-21,0.0,0.0,1.5,2.2,1.5,2028.0,28.18,0.5,0.866
0,28.6241,74.1163,2020-08-14,0.1,0.4,87.2,92.3,77.2,214.0,0.57,-0.866,-0.5
0,7.8648,78.3147,2007-09-07,0.0,0.1,3.6,10.4,2.3,0.0,0.0,-1.0,-0.0
0,25.7185,88.3555,2016-05-03,0.5,1.1,3.6,3.9,2.0,40.0,0.41,0.5,-0.866
0,15.5085,84.2248,2017-09-04,0.1,2.3,18.9,161.0,8.3,0.0,0.0,-1.0,-0.0
0,16.7408,89.3697,2012-08-01,9.6,39.4,76.6,197.7,20.5,0.0,0.0,-0.866,-0.5
0,12.3205,92.5978,2022-10-16,8.4,9.5,32.2,86.6,14.0,0.0,0.0,-0.866,0.5
0,30.4176,87.0467,2021-07-21,10.9,30.0,51.7,89.5,10.9,4904.0,2.86,-0.5,-0.866
0,33.2617,83.8405,2020-06-26,0.0,0.0,0.0,0.3,0.0,4612.0,1.92,0.0,-1.0
0,34.3337,69.6527,2017-07-19,2.5,4.3,13.8,19.0,4.0,2944.0,7.41,-0.5,-0.866
0,23.1553,68.5522,2018-08-11,0.8,3.5,7.8,21.9,2.5,0.0,0.0,-0.866,-0.5
0,8.4864,72.4045,2019-09-11,2.5,3.8,5.6,33.3,2.5,0.0,0.0,-1.0,-0.0
0,23.6294,79.4922,2016-08-28,6.4,28.8,37.4,284.9,19.1,343.0,2.64,-0.866,-0.5
0,27.658,77.2777,2009-01-14,0.0,0.0,0.0,0.0,0.0,186.0,0.29,0.5,0.866
0,21.4116,75.0104,2013-07-10,28.9,30.2,83.6,199.4,39.7,243.0,1.03,-0.5,-0.866
0,22.253,73.1629,2013-06-02,1.4,1.4,1.4,1.4,1.4,30.0,0.29,0.0,-1.0
0,33.9006,81.0913,2023-01-16,0.0,0.0,0.4,1.2,0.4,4796.0,2.82,0.5,0.866
0,11.1223,78.0334,2023-07-28,1.0,2.4,23.0,26.6,9.9,140.0,4.25,-0.5,-0.866
0,15.8108,77.6565,2023-09-04,21.5,64.4,65.6,67.9,31.6,320.0,0.86,-1.0,-0.0
0,26.8015,71.9152,2019-08-15,5.6,6.2,11.3,18.2,5.6,244.0,0.0,-0.866,-0.5
0,6.6233,95.504,2009-08-20,0.0,51.8,111.8,173.5,38.2,0.0,0.0,-0.866,-0.5
0,16.4987,94.231,2016-04-25,0.1,0.1,0.1,0.1,0.1,0.0,0.0,0.866,-0.5
0,7.1744,90.3756,2017-08-07,9.3,36.5,55.9,112.7,14.5,0.0,0.0,-0.866,-0.5
0,12.5167,76.4537,2021-07-25,1.1,6.7,42.2,133.9,27.2,754.0,0.64,-0.5,-0.866
0,26.6337,76.0433,2007-04-04,0.0,0.0,0.0,0.0,0.0,306.0,0.0,0.866,-0.5
0,35.2489,84.509,2018-04-18,0.5,0.8,3.3,5.9,1.9,4834.0,0.29,0.866,-0.5
0,22.981,75.996,2016-11-26,0.0,0.0,0.0,0.0,0.0,520.0,0.0,-0.5,0.866
0,23.7225,73.0526,2021-06-11,0.2,0.5,2.3,2.8,1.3,174.0,9.65,0.0,-1.0
0,8.0218,68.8553,2010-10-02,14.8,40.2,132.5,311.3,42.5,0.0,0.0,-0.866,0.5
0,18.008,70.5405,2021-06-23,1.2,3.1,21.5,78.0,7.7,0.0,0.0,0.0,-1.0
0,24.9895,77.217,2009-09-23,0.0,0.0,0.0,39.6,0.0,465.0,1.72,-1.0,-0.0
0,35.7105,90.2944,2009-07-05,0.6,11.0,34.2,67.8,9.6,4875.0,0.0,-0.5,-0.866
0,30.8855,95.1308,2016-07-15,0.0,13.2,26.1,47.2,12.4,4366.0,2.83,-0.5,-0.866
0,27.0343,88.9514,2014-07-08,16.7,49.3,112.0,271.8,24.4,550.0,18.39,-0.5,-0.866
0,10.8117,94.4232,2019-05-12,2.4,5.7,38.6,125.9,18.0,0.0,0.0,0.5,-0.866
0,12.0006,95.0593,2017-06-28,21.1,41.4,135.1,148.8,33.7,0.0,0.0,0.0,-1.0
0,20.0985,68.8928,2022-07-12,2.9,6.6,26.6,62.3,10.6,0.0,0.0,-0.5,-0.866
0,20.3373,73.0386,2011-09-20,1.4,5.4,41.8,107.2,19.5,36.0,0.0,-1.0,-0.0
0,21.7385,79.9677,2017-08-04,8.3,19.3,30.0,117.4,8.3,312.0,2.31,-0.866,-0.5
0,23.1845,70.0923,2019-06-15,6.4,10.9,11.5,11.5,6.4,45.0,0.0,0.0,-1.0
0,24.2161,75.038,2022-05-06,0.0,0.0,0.0,0.0,0.0,448.0,0.41,0.5,-0.866
0,18.0145,78.0511,2020-09-19,12.1,35.3,106.1,139.7,24.7,453.0,1.15,-1.0,-0.0
0,30.0294,80.8429,2014-09-18,1.0,2.9,29.7,72.3,14.2,4635.0,36.96,-1.0,-0.0
0,11.6926,87.7534,2022-09-23,2.4,3.8,30.0,38.1,21.5,0.0,0.0,-1.0,-0.0
0,9.9297,85.5842,2021-06-04,7.9,17.0,17.3,92.8,7.9,0.0,0.0,0.0,-1.0
0,11.7852,96.1986,2019-03-04,0.0,0.0,0.0,0.0,0.0,0.0,0.0,1.0,0.0
0,16.3222,87.0272,2011-02-07,0.0,0.0,0.0,0.0,0.0,0.0,0.0,0.866,0.5
0,33.1178,94.6461,2011-08-01,8.6,17.9,65.8,90.7,22.1,4508.0,18.12,-0.866,-0.5
0,26.3264,81.3627,2021-06-20,3.1,46.1,88.4,140.7,28.8,111.0,0.0,0.0,-1.0
0,12.37,88.1047,2016-06-19,5.2,22.5,105.2,151.2,30.9,0.0,0.0,0.0,-1.0
0,34.055,95.632,2009-08-12,1.7,9.3,26.9,52.5,11.0,4545.0,15.64,-0.866,-0.5
0,23.9818,86.039,2011-07-28,8.0,13.9,19.0,118.0,8.0,266.0,1.43,-0.5,-0.866
0,32.0752,69.8411,2007-10-02,0.0,0.0,0.0,4.3,0.0,738.0,0.0,-0.866,0.5
0,27.6006,92.2122,2016-06-28,8.6,26.0,72.4,172.4,13.2,4569.0,12.85,0.0,-1.0
0,32.4704,74.9396,2017-08-13,29.0,46.9,80.1,250.8,29.0,293.0,0.29,-0.866,-0.5
0,27.8532,79.978,2012-07-07,7.8,32.2,44.9,45.8,16.6,153.0,0.57,-0.5,-0.866
0,20.7461,73.5527,2020-06-12,8.3,15.3,34.6,100.4,8.9,348.0,8.21,0.0,-1.0
0,11.128,97.425,2007-08-05,0.7,1.5,44.5,77.8,18.8,0.0,0.0,-0.866,-0.5
0,8.6524,68.4634,2020-08-16,0.5,1.8,2.6,64.5,1.1,0.0,0.0,-0.866,-0.5
0,35.7493,72.0054,2020-04-26,0.0,0.0,0.1,83.3,0.1,2338.0,13.54,0.866,-0.5
0,32.3046,94.3607,2012-08-14,2.8,2.8,9.8,21.6,2.9,4775.0,29.97,-0.866,-0.5
0,20.1318,80.5117,2018-09-13,0.4,1.5,7.5,72.6,5.1,336.0,2.36,-1.0,-0.0
0,13.2722,80.5308,2014-01-16,0.0,0.0,0.0,0.0,0.0,0.0,0.0,0.5,0.866
0,27.8639,75.9429,2018-10-19,0.0,0.0,0.0,1.1,0.0,412.0,15.15,-0.866,0.5
0,7.5039,69.117,2010-07-12,0.0,0.0,40.7,115.1,15.7,0.0,0.0,-0.5,-0.866
0,23.9081,96.3713,2023-03-24,0.0,2.1,11.0,11.7,7.3,105.0,0.41,1.0,0.0
0,36.0074,97.0182,2023-09-15,0.0,0.0,4.9,15.2,4.9,4146.0,17.22,-1.0,-0.0
0,8.847,94.2525,2009-03-16,6.5,23.7,26.9,68.6,14.1,0.0,0.0,1.0,0.0
0,27.0222,83.9063,2008-08-20,13.4,67.6,128.1,256.6,29.5,89.0,0.41,-0.866,-0.5
0,33.6076,83.7835,2023-01-15,0.0,0.0,0.0,0.0,0.0,5192.0,9.71,0.5,0.866
0,33.6817,84.932,2016-06-12,4.8,16.1,28.5,32.0,8.5,4888.0,0.29,0.0,-1.0
0,15.1763,69.0421,2016-10-24,0.0,0.0,0.0,0.2,0.0,0.0,0.0,-0.866,0.5
0,8.3425,81.9582,2016-05-02,0.4,1.9,5.0,13.2,2.2,0.0,0.0,0.5,-0.866
0,30.7669,86.4174,2011-06-03,0.0,0.9,18.7,21.2,7.1,4832.0,20.26,0.0,-1.0
0,21.6679,93.1176,2015-06-05,14.1,25.5,37.9,52.6,14.1,482.0,27.73,0.0,-1.0
0,14.7565,75.5802,2012-09-20,0.4,1.4,5.8,17.0,1.9,608.0,4.09,-1.0,-0.0
0,33.8039,89.7995,2012-08-12,8.6,16.6,35.7,69.1,8.6,5011.0,1.28,-0.866,-0.5
0,14.3376,88.6729,2023-07-26,5.3,59.5,166.5,214.2,38.7,0.0,0.0,-0.5,-0.866
0,9.032,72.2796,2022-11-05,0.0,0.0,13.1,17.6,11.1,0.0,0.0,-0.5,0.866
0,29.0828,80.182,2021-06-22,8.7,13.2,64.9,150.1,19.6,875.0,30.18,0.0,-1.0
0,28.28,72.9349,2018-08-27,0.0,0.0,4.7,23.4,4.7,173.0,1.18,-0.866,-0.5
0,8.1298,75.7997,2012-09-02,3.8,17.8,58.4,110.6,15.7,0.0,0.0,-1.0,-0.0
0,20.4204,82.0488,2014-07-25,8.1,9.4,345.4,728.0,190.7,412.0,1.72,-0.5,-0.866
0,17.894,88.8154,2023-07-05,27.8,37.0,40.9,206.6,27.8,0.0,0.0,-0.5,-0.866
0,32.6083,68.35,2019-10-15,0.0,0.0,0.0,0.5,0.0,2056.0,1.28,-0.866,0.5
0,26.8548,96.372,2010-08-02,25.1,85.3,235.6,502.9,78.0,466.0,8.92,-0.866,-0.5
0,34.0314,86.804,2015-11-14,0.0,0.0,0.1,0.1,0.1,5054.0,14.04,-0.5,0.866
0,16.549,75.8791,2019-03-21,0.0,0.0,0.0,0.0,0.0,611.0,0.29,1.0,0.0
0,20.3333,87.9211,2013-05-22,0.0,0.0,1.0,35.6,1.0,0.0,0.0,0.5,-0.866
0,22.0986,87.9927,2007-12-11,0.0,0.0,0.0,0.5,0.0,0.0,0.0,-0.0,1.0
0,26.6841,92.5348,2023-01-04,0.0,0.0,0.0,0.0,0.0,71.0,0.29,0.5,0.866
0,9.6172,81.1553,2015-05-10,16.2,18.0,19.1,26.8,16.2,0.0,0.0,0.5,-0.866
0,12.2924,68.6992,2013-03-20,0.0,0.0,0.0,0.7,0.0,0.0,0.0,1.0,0.0
0,35.0147,86.8234,2009-08-04,0.9,3.9,17.1,37.3,4.2,4857.0,1.74,-0.866,-0.5
0,32.1932,71.8323,2012-08-21,6.6,7.1,17.5,26.9,7.0,193.0,0.91,-0.866,-0.5
0,33.38,88.5218,2009-05-15,0.4,2.0,8.2,15.5,3.3,5089.0,8.09,0.5,-0.866
0,25.6634,95.2195,2017-06-14,43.7,277.3,480.3,620.5,161.9,977.0,6.57,0.0,-1.0
0,14.2201,91.0316,2019-06-02,7.8,22.9,35.8,47.1,8.6,0.0,0.0,0.0,-1.0
0,18.1577,97.3808,2015-05-27,1.0,2.8,107.4,175.4,64.5,239.0,11.7,0.5,-0.866
0,11.8379,70.0473,2019-12-07,0.0,4.9,74.0,81.0,48.7,0.0,0.0,-0.0,1.0
0,11.8533,82.5157,2020-04-25,0.0,0.0,0.1,0.1,0.1,0.0,0.0,0.866,-0.5
0,13.0516,86.9785,2015-10-23,0.0,0.0,6.6,37.3,6.5,0.0,0.0,-0.866,0.5
0,9.5986,70.1511,2021-08-09,5.2,29.0,33.5,52.4,22.1,0.0,0.0,-0.866,-0.5
0,7.0629,82.6822,2008-08-01,0.0,0.0,0.3,2.3,0.3,0.0,0.0,-0.866,-0.5
0,26.4382,75.8599,2007-08-13,0.0,0.6,5.2,110.3,1.8,308.0,0.29,-0.866,-0.5
0,21.9615,95.7274,2019-07-14,1.7,4.4,8.1,18.4,2.3,65.0,0.29,-0.5,-0.866
0,31.8215,91.0376,2014-09-18,0.0,5.7,51.2,89.6,17.8,4794.0,18.46,-1.0,-0.0
0,6.5992,96.1476,2010-09-16,0.4,2.3,6.9,23.1,2.3,0.0,0.0,-1.0,-0.0
0,23.5173,95.5837,2016-06-22,19.8,29.1,40.8,212.8,19.8,192.0,0.57,0.0,-1.0
0,18.5184,86.652,2018-11-03,0.0,2.8,196.7,199.6,120.8,0.0,0.0,-0.5,0.866
0,22.5388,96.3473,2016-03-15,0.0,0.0,0.0,0.0,0.0,409.0,13.54,1.0,0.0
0,25.9338,73.2102,2013-02-13,0.0,0.0,0.0,2.7,0.0,196.0,0.0,0.866,0.5
0,15.4661,79.5081,2018-04-23,1.7,2.7,3.5,6.2,1.7,120.0,0.64,0.866,-0.5
0,21.0951,94.1138,2011-07-07,1.1,11.8,52.9,146.8,30.8,587.0,12.92,-0.5,-0.866
0,7.5709,68.7483,2022-12-08,0.0,30.1,48.2,59.6,19.9,0.0,0.0,-0.0,1.0
0,18.163,91.3858,2021-08-16,10.6,25.1,31.2,414.0,12.1,0.0,0.0,-0.866,-0.5
0,35.4972,68.4843,2008-06-11,0.0,0.0,0.0,5.5,0.0,2688.0,21.62,0.0,-1.0
0,18.6652,74.2445,2021-08-17,13.4,14.5,17.6,26.9,13.4,533.0,0.29,-0.866,-0.5
0,34.7027,93.6709,2014-07-24,0.0,4.3,34.8,48.4,14.0,4423.0,0.57,-0.5,-0.866
0,34.2445,69.0879,2007-04-21,0.1,0.2,1.1,1.1,0.7,2168.0,19.13,0.866,-0.5
0,20.6366,95.0816,2011-02-23,0.0,0.0,3.6,3.6,3.6,220.0,2.95,0.866,0.5
0,6.931,86.6635,2010-10-27,21.6,30.7,31.1,34.1,21.6,0.0,0.0,-0.866,0.5
0,20.1855,73.0353,2010-08-27,27.8,41.3,62.1,133.9,27.8,83.0,5.78,-0.866,-0.5
0,9.9254,85.5518,2013-08-03,5.8,6.1,13.5,61.9,5.8,0.0,0.0,-0.866,-0.5
0,19.2863,91.9399,2019-12-22,0.0,0.0,0.0,0.0,0.0,0.0,0.0,-0.0,1.0
0,16.227,96.7877,2017-08-05,23.1,67.8,117.2,327.5,32.5,0.0,0.0,-0.866,-0.5
0,31.5928,91.3965,2012-09-19,4.6,22.7,49.8,67.8,12.4,4770.0,8.27,-1.0,-0.0
0,16.5651,71.562,2012-04-14,0.0,0.0,0.0,0.0,0.0,0.0,0.0,0.866,-0.5
0,27.3889,84.3255,2008-07-19,16.7,32.9,224.3,312.5,101.0,421.0,15.13,-0.5,-0.866
0,10.5011,91.336,2012-08-13,0.0,0.6,0.9,11.4,0.4,0.0,0.0,-0.866,-0.5
0,6.9689,82.3655,2009-01-06,22.8,42.8,42.8,42.8,22.8,0.0,0.0,0.5,0.866
0,15.0119,88.4584,2011-09-16,1.7,3.3,67.6,142.8,32.9,0.0,0.0,-1.0,-0.0
0,12.6848,86.8749,2014-07-14,17.1,41.5,141.0,178.0,31.8,0.0,0.0,-0.5,-0.866
0,34.6427,86.0109,2022-02-06,0.0,1.6,5.2,6.5,1.6,5210.0,5.71,0.866,0.5
0,24.8615,70.5966,2018-09-10,0.8,2.1,2.1,5.2,1.3,102.0,2.82,-1.0,-0.0
0,19.0636,84.4525,2010-05-17,0.0,4.1,5.1,29.6,3.4,663.0,21.78,0.5,-0.866
0,36.1035,82.9725,2013-07-21,0.5,0.5,5.2,11.9,2.2,4888.0,3.2,-0.5,-0.866
0,14.7928,73.7147,2022-09-22,1.0,2.9,20.6,105.2,7.4,0.0,0.0,-1.0,-0.0
0,21.4254,72.7129,2018-10-02,0.0,0.0,0.0,5.8,0.0,7.0,0.41,-0.866,0.5
0,15.0519,80.8228,2021-06-26,4.9,11.1,11.1,12.5,4.9,0.0,0.0,0.0,-1.0
0,7.7995,89.8423,2012-10-06,1.1,1.1,6.4,75.3,1.9,0.0,0.0,-0.866,0.5
0,30.0648,82.3093,2021-04-08,1.2,11.0,17.9,34.8,6.2,5328.0,9.66,0.866,-0.5
0,24.2812,77.6162,2017-05-22,0.3,0.4,0.5,1.8,0.3,528.0,0.41,0.5,-0.866
0,13.4019,71.2489,2020-05-08,0.0,0.0,0.9,0.9,0.9,0.0,0.0,0.5,-0.866
0,32.5966,79.0782,2022-05-16,0.0,0.0,0.1,2.0,0.1,5173.0,8.4,0.5,-0.866
0,8.1302,80.858,2021-05-20,0.8,4.7,9.1,95.6,2.7,98.0,1.83,0.5,-0.866
0,11.8418,79.0178,2018-07-07,0.1,0.2,37.5,53.6,25.0,138.0,0.91,-0.5,-0.866
0,35.7667,73.9652,2008-04-23,1.4,1.4,1.4,28.8,1.4,3520.0,41.69,0.866,-0.5
0,14.9181,71.2777,2012-07-14,0.3,2.8,64.8,195.6,21.6,0.0,0.0,-0.5,-0.866
0,29.3102,74.4857,2012-06-06,1.9,1.9,2.1,2.1,1.9,188.0,0.29,0.0,-1.0
0,23.8436,84.3063,2023-05-14,0.0,0.0,0.0,7.3,0.0,378.0,9.37,0.5,-0.866
0,21.1764,97.3721,2021-08-27,1.0,19.5,38.0,126.7,11.2,1190.0,10.92,-0.866,-0.5
0,14.8751,89.5355,2014-09-08,7.4,31.2,104.6,318.2,24.7,0.0,0.0,-1.0,-0.0
0,16.3189,85.0943,2011-10-19,0.0,7.4,10.5,54.6,5.8,0.0,0.0,-0.866,0.5
0,33.9126,94.4984,2008-07-02,5.4,13.3,27.5,58.0,10.4,5084.0,33.1,-0.5,-0.866
0,36.2382,89.6376,2023-07-14,2.5,10.8,36.2,49.6,15.6,4718.0,0.0,-0.5,-0.866
0,18.3296,91.8866,2021-08-04,147.5,228.4,285.3,445.1,147.5,0.0,0.0,-0.866,-0.5
0,21.3586,70.4512,2020-09-23,0.8,26.6,47.6,99.3,23.9,66.0,0.0,-1.0,-0.0
0,34.998,71.915,2009-06-21,0.1,0.4,14.5,14.8,12.2,2557.0,29.38,0.0,-1.0
0,6.9779,87.7366,2007-04-15,54.3,105.3,130.7,213.2,54.3,0.0,0.0,0.866,-0.5
0,35.7926,81.6809,2019-04-23,0.0,0.8,17.2,19.9,9.9,4870.0,16.7,0.866,-0.5
0,12.0484,93.7108,2007-08-23,3.6,33.9,63.5,112.6,20.7,0.0,0.0,-0.866,-0.5
0,32.3115,70.0856,2023-10-11,0.0,0.0,0.0,0.0,0.0,884.0,6.05,-0.866,0.5
0,14.5937,95.9098,2013-07-26,8.3,41.0,179.5,430.1,55.1,0.0,0.0,-0.5,-0.866
0,30.1308,70.3883,2008-10-24,0.0,0.0,0.8,0.8,0.8,380.0,10.14,-0.866,0.5
0,21.9421,94.8451,2010-06-02,0.0,3.5,34.5,129.5,10.1,143.0,0.29,0.0,-1.0
0,17.9886,81.7279,2012-02-12,0.0,0.0,0.0,0.0,0.0,140.0,0.64,0.866,0.5
0,25.9452,88.7938,2013-07-25,10.8,34.7,64.6,102.2,20.4,47.0,0.64,-0.5,-0.866
0,10.6522,77.8804,2022-07-21,0.6,13.7,26.4,48.7,12.4,236.0,0.86,-0.5,-0.866
0,28.6214,90.1922,2013-10-23,0.0,0.0,0.0,5.2,0.0,5033.0,0.41,-0.866,0.5
0,29.0952,90.4461,2023-06-09,0.6,0.6,2.4,7.9,1.2,4686.0,19.59,0.0,-1.0
0,26.9068,76.1758,2021-02-12,0.0,0.0,0.0,0.3,0.0,339.0,0.64,0.866,0.5
0,21.0868,83.5371,2016-04-23,0.0,0.0,2.4,2.4,2.1,170.0,0.64,0.866,-0.5
0,20.0594,78.8603,2009-08-23,18.0,43.4,87.9,100.9,24.0,229.0,0.86,-0.866,-0.5
0,12.1506,94.0774,2012-03-13,0.2,8.1,8.6,8.6,4.4,0.0,0.0,1.0,0.0
0,15.1512,96.2205,2010-04-09,0.0,0.0,0.0,1.9,0.0,0.0,0.0,0.866,-0.5
0,27.4125,82.6417,2007-10-17,2.3,20.2,21.7,28.4,14.3,94.0,0.41,-0.866,0.5
0,15.2951,96.6025,2022-07-05,7.0,45.9,107.7,192.4,24.6,0.0,0.0,-0.5,-0.866
0,16.901,81.0939,2013-08-10,2.3,13.6,59.9,93.9,22.9,94.0,0.91,-0.866,-0.5
0,8.3885,93.7179,2017-05-17,0.2,25.8,85.4,113.2,31.2,0.0,0.0,0.5,-0.866
0,18.8508,78.1124,2022-08-11,2.5,17.6,83.1,147.3,24.0,350.0,1.46,-0.866,-0.5
0,24.3007,88.5575,2021-09-15,3.0,32.1,56.4,109.5,20.8,17.0,0.0,-1.0,-0.0
0,15.6225,71.8927,2015-09-06,0.0,0.0,2.3,3.9,1.1,0.0,0.0,-1.0,-0.0
0,13.3035,78.9711,2008-06-28,0.3,2.1,2.1,4.5,1.8,393.0,0.0,0.0,-1.0
0,10.9502,76.3893,2012-11-20,1.0,2.5,2.9,27.8,1.5,85.0,4.04,-0.5,0.866
0,27.8544,76.4148,2011-12-27,0.0,0.0,0.0,0.0,0.0,311.0,0.86,-0.0,1.0
0,11.3376,71.4491,2011-12-19,0.0,0.8,0.9,1.9,0.8,0.0,0.0,-0.0,1.0
0,19.7267,78.9053,2008-05-23,0.0,0.0,0.0,0.0,0.0,205.0,2.0,0.5,-0.866
0,26.4666,96.8517,2012-04-15,0.2,3.6,4.8,9.8,3.4,240.0,0.81,0.866,-0.5
0,22.5093,71.584,2011-01-16,0.0,0.0,0.0,0.0,0.0,91.0,0.0,0.5,0.866
0,34.9337,95.3704,2023-04-24,0.0,7.1,8.7,13.7,4.4,4722.0,8.14,0.866,-0.5
0,16.4384,88.8108,2011-07-10,24.7,33.1,98.3,122.1,24.7,0.0,0.0,-0.5,-0.866
0,30.4873,89.492,2010-10-11,0.8,1.3,6.8,9.8,4.0,5086.0,0.41,-0.866,0.5
0,28.4492,94.5551,2010-04-18,8.6,30.0,73.9,166.1,28.3,1713.0,35.59,0.866,-0.5
0,15.7425,79.8481,2018-09-15,2.0,24.4,35.1,39.4,16.4,44.0,0.86,-1.0,-0.0
0,9.2744,69.6235,2023-08-19,0.4,1.9,2.2,4.6,1.5,0.0,0.0,-0.866,-0.5
0,13.1643,95.6021,2009-06-01,10.6,40.5,134.4,344.3,35.0,0.0,0.0,0.0,-1.0
0,22.6524,81.141,2023-08-03,100.6,178.6,236.7,286.9,100.6,795.0,4.25,-0.866,-0.5
0,18.3327,82.4687,2008-08-17,13.5,28.4,44.5,312.6,13.5,894.0,13.44,-0.866,-0.5
0,33.7534,78.6514,2020-04-28,0.0,1.4,1.5,2.7,0.9,4244.0,0.0,0.866,-0.5
0,17.5889,78.9985,2016-06-12,2.2,8.6,53.8,113.0,23.8,387.0,0.57,0.0,-1.0
0,35.8257,93.7919,2021-03-24,0.4,0.7,1.5,3.6,0.5,4882.0,20.03,1.0,0.0
0,28.7458,80.2605,2020-07-06,8.3,29.7,116.1,244.6,78.3,176.0,0.29,-0.5,-0.866
0,28.3582,80.2187,2009-09-20,0.7,0.7,4.2,104.5,3.5,171.0,0.0,-1.0,-0.0
0,10.8092,76.9453,2017-12-17,0.0,0.0,9.5,14.8,6.7,269.0,3.24,-0.0,1.0
0,8.4835,96.3228,2007-09-03,8.5,21.0,52.8,131.8,12.5,0.0,0.0,-1.0,-0.0
0,18.7838,94.9751,2021-07-18,1.0,19.0,48.6,92.1,13.7,111.0,4.99,-0.5,-0.866
0,27.8074,90.2797,2019-04-06,4.0,4.5,20.0,48.0,9.4,4798.0,10.14,0.866,-0.5
0,15.1839,82.4723,2016-09-10,41.5,49.1,58.7,205.8,41.5,0.0,0.0,-1.0,-0.0
0,21.323,89.8258,2007-05-26,0.0,3.0,31.9,94.1,22.3,0.0,0.0,0.5,-0.866
0,11.1207,76.855,2022-08-21,4.1,5.6,17.4,36.7,6.2,1306.0,21.5,-0.866,-0.5
0,10.2253,87.6444,2022-06-06,28.1,79.1,88.9,111.5,30.7,0.0,0.0,0.0,-1.0
0,33.7038,87.0212,2015-01-25,0.0,0.2,0.6,0.7,0.4,5116.0,6.85,0.5,0.866
0,21.2915,96.6334,2022-08-12,49.1,64.8,135.6,210.2,49.1,1252.0,26.99,-0.866,-0.5
0,23.4672,93.6162,2010-08-16,40.9,71.8,114.4,179.1,40.9,821.0,35.76,-0.866,-0.5
0,17.6961,89.6222,2012-01-09,0.0,0.0,0.0,0.0,0.0,0.0,0.0,0.5,0.866
0,23.9496,72.311,2011-07-23,5.3,7.9,50.5,117.4,19.4,123.0,0.41,-0.5,-0.866
0,17.2216,69.5602,2018-06-21,0.3,1.4,24.5,68.4,8.5,0.0,0.0,0.0,-1.0
0,7.9614,76.6041,2023-08-03,0.4,0.8,1.6,24.1,0.6,0.0,0.0,-0.866,-0.5
0,12.3144,86.5269,2012-09-20,2.4,9.0,55.9,136.3,21.5,0.0,0.0,-1.0,-0.0
0,22.8114,93.7371,2016-09-22,1.7,20.0,57.7,120.0,16.4,910.0,27.92,-1.0,-0.0
0,14.6438,88.59,2018-06-18,0.0,1.3,32.9,208.6,19.0,0.0,0.0,0.0,-1.0
0,31.1994,68.3805,2022-07-12,0.0,0.6,21.6,26.5,8.5,2381.0,13.34,-0.5,-0.866
0,18.8598,95.1668,2011-04-07,0.0,0.0,0.0,9.4,0.0,138.0,7.89,0.866,-0.5
0,21.6015,92.5314,2023-09-18,50.1,118.2,157.8,262.4,60.6,145.0,11.6,-1.0,-0.0
0,31.8821,89.0201,2010-08-26,1.6,19.4,56.7,134.5,14.6,4545.0,0.0,-0.866,-0.5
0,19.0204,95.0229,2007-04-05,0.0,0.0,0.1,0.1,0.1,41.0,0.41,0.866,-0.5
0,20.8855,77.1914,2021-06-27,14.0,21.6,37.7,46.2,14.0,270.0,0.0,0.0,-1.0
0,33.1918,85.6306,2012-09-11,3.6,9.9,23.2,36.7,5.5,5119.0,1.22,-1.0,-0.0
0,27.7968,68.8484,2011-09-08,10.1,15.0,62.2,202.1,29.0,63.0,0.29,-1.0,-0.0
0,32.2045,72.1996,2013-05-05,0.0,0.0,0.0,2.0,0.0,187.0,0.29,0.5,-0.866
0,10.4065,70.3188,2010-08-26,8.2,13.9,17.0,70.9,8.2,0.0,0.0,-0.866,-0.5
0,8.8321,90.8534,2013-09-02,3.8,27.1,36.8,42.8,16.0,0.0,0.0,-1.0,-0.0
0,9.7345,91.3951,2022-07-02,8.9,19.2,32.0,136.2,9.0,0.0,0.0,-0.5,-0.866
0,10.0677,75.4639,2007-02-22,0.6,8.4,30.3,32.7,21.0,0.0,0.0,0.866,0.5
0,29.1365,91.0799,2013-10-07,0.1,5.9,25.6,38.2,6.6,3923.0,25.41,-0.866,0.5
0,12.0435,78.3702,2015-03-28,0.0,0.0,0.0,3.4,0.0,409.0,0.0,1.0,0.0
0,34.9637,78.2612,2014-04-17,0.0,0.6,1.8,12.2,1.0,5611.0,33.34,0.866,-0.5
0,21.6473,70.0159,2007-09-25,2.0,79.4,136.2,138.0,48.5,30.0,0.41,-1.0,-0.0
0,22.3652,89.1164,2007-11-06,0.4,1.4,9.6,12.0,5.9,1.0,0.0,-0.5,0.866
0,35.7074,70.9112,2022-05-17,0.7,1.6,1.6,12.5,0.9,3807.0,30.56,0.5,-0.866
0,17.4939,85.3867,2012-07-04,0.1,14.2,62.1,110.9,40.4,0.0,0.0,-0.5,-0.866
0,31.5423,96.9484,2014-07-17,6.4,10.5,28.3,79.1,7.3,4323.0,19.47,-0.5,-0.866
0,18.7273,90.4616,2010-06-15,34.3,116.3,180.7,191.8,41.9,0.0,0.0,0.0,-1.0
0,22.0918,82.6266,2008-06-10,39.1,76.0,93.9,94.6,39.1,260.0,1.15,0.0,-1.0
0,8.9674,82.5645,2016-06-15,0.0,0.2,2.0,8.9,1.8,0.0,0.0,0.0,-1.0
0,27.1114,92.8122,2016-05-14,24.9,42.6,54.0,98.4,24.9,443.0,28.62,0.5,-0.866
0,36.0489,80.6249,2022-09-27,0.0,15.6,31.4,43.7,14.7,5099.0,39.26,-1.0,-0.0
0,34.6725,78.8395,2022-01-22,0.0,0.0,0.1,3.3,0.1,5659.0,14.96,0.5,0.866
0,26.6629,79.6929,2009-07-22,1.8,39.8,59.4,134.2,28.6,138.0,0.0,-0.5,-0.866
0,10.0765,79.6469,2012-08-04,0.0,0.0,0.1,5.2,0.1,0.0,0.0,-0.866,-0.5
0,8.4413,96.7686,2019-06-20,3.9,11.0,27.8,139.0,10.9,0.0,0.0,0.0,-1.0
0,10.1829,92.7242,2015-08-09,1.2,12.1,44.4,57.8,13.2,0.0,0.0,-0.866,-0.5
0,29.1891,91.629,2022-11-12,0.0,0.0,0.0,0.1,0.0,4761.0,19.24,-0.5,0.866
0,26.5003,96.0291,2015-12-17,0.0,0.1,6.8,21.7,4.8,438.0,18.95,-0.0,1.0
0,10.9212,81.4117,2022-04-16,0.4,6.4,22.1,56.4,5.3,0.0,0.0,0.866,-0.5
0,13.4247,95.8009,2008-01-24,0.0,0.0,0.0,0.0,0.0,0.0,0.0,0.5,0.866
0,31.4094,82.695,2019-01-06,0.0,0.0,0.4,0.4,0.4,4770.0,0.64,0.5,0.866
0,24.6375,77.6452,2010-06-20,0.0,0.0,16.2,16.2,10.2,506.0,0.64,0.0,-1.0
0,29.3051,87.5019,2021-07-16,14.7,24.8,48.9,86.9,14.7,4584.0,27.95,-0.5,-0.866
0,12.558,87.5318,2017-07-09,3.6,22.7,35.1,92.1,11.4,0.0,0.0,-0.5,-0.866
0,30.7844,83.9456,2008-01-25,0.0,0.4,0.5,7.6,0.4,5469.0,13.97,0.5,0.866
0,36.2213,93.9637,2017-04-15,3.1,9.8,14.9,16.9,6.7,3900.0,30.78,0.866,-0.5
0,32.0862,81.0554,2016-02-06,0.0,0.0,0.0,0.5,0.0,4775.0,9.44,0.866,0.5
0,33.041,72.8423,2019-07-10,11.5,15.0,26.6,28.2,11.5,489.0,0.64,-0.5,-0.866
0,21.1236,71.2268,2022-08-22,0.2,1.0,20.9,76.6,9.3,218.0,0.64,-0.866,-0.5
0,20.7773,93.2034,2015-07-13,3.4,22.9,149.4,294.6,66.5,58.0,14.63,-0.5,-0.866
0,21.3407,96.6407,2016-08-12,8.9,17.6,51.3,160.1,15.0,1414.0,6.96,-0.866,-0.5
0,16.1145,68.8303,2018-02-27,0.0,0.0,0.0,0.0,0.0,0.0,0.0,0.866,0.5
0,16.9663,89.8907,2017-01-21,0.0,0.0,0.0,0.0,0.0,0.0,0.0,0.5,0.866
0,17.9172,80.6304,2018-12-14,1.2,1.6,3.7,4.9,1.6,347.0,4.22,-0.0,1.0
0,8.1935,75.2048,2009-05-10,11.4,20.6,27.2,40.8,11.4,0.0,0.0,0.5,-0.866
0,33.8117,69.9323,2012-06-11,0.1,1.4,7.0,9.1,2.2,1578.0,1.43,0.0,-1.0
0,7.0914,77.6204,2020-07-28,8.1,9.7,24.0,51.9,8.1,0.0,0.0,-0.5,-0.866
0,23.5415,94.5916,2022-05-23,5.3,6.0,32.0,89.7,19.3,247.0,11.75,0.5,-0.866
0,24.1397,97.0801,2017-06-13,14.0,43.2,109.7,224.6,24.9,108.0,1.18,0.0,-1.0
0,23.6762,91.8456,2013-04-22,4.9,5.0,106.4,109.9,45.1,157.0,2.64,0.866,-0.5
0,16.579,82.8317,2012-09-11,2.6,19.1,45.0,165.2,19.0,0.0,0.0,-1.0,-0.0
0,24.9448,78.7184,2009-07-16,30.6,46.3,104.9,184.3,39.5,338.0,1.28,-0.5,-0.866
0,31.7114,83.8071,2016-06-02,0.0,1.1,5.8,8.9,3.2,5392.0,8.37,0.0,-1.0
0,36.3868,79.8598,2009-05-24,0.0,5.7,11.0,32.0,4.6,3332.0,28.18,0.5,-0.866
0,24.2559,76.0643,2022-07-17,8.8,36.7,102.2,193.0,25.6,362.0,0.91,-0.5,-0.866
0,19.3132,78.2458,2016-03-27,0.0,0.0,0.0,0.4,0.0,548.0,7.08,1.0,0.0
0,21.6392,76.8473,2013-08-11,1.6,33.2,112.6,251.7,30.6,336.0,1.43,-0.866,-0.5
0,18.9294,75.4123,2012-07-22,9.4,11.5,21.9,33.3,9.4,667.0,4.29,-0.5,-0.866
0,32.9269,86.5214,2022-07-06,0.0,0.0,0.4,5.4,0.3,5239.0,3.08,-0.5,-0.866
0,12.8886,96.3825,2015-09-15,25.7,49.4,150.1,209.9,31.2,0.0,0.0,-1.0,-0.0
0,34.6149,83.7152,2020-08-25,0.0,0.0,3.5,5.0,1.8,5113.0,2.31,-0.866,-0.5
0,34.5391,89.4351,2018-02-07,0.0,0.5,0.6,1.2,0.5,5015.0,14.78,0.866,0.5
0,20.3746,75.091,2016-09-25,3.4,23.5,45.4,124.3,13.4,382.0,0.64,-1.0,-0.0
0,31.8237,80.1027,2013-09-03,0.0,2.9,13.2,44.6,3.9,5373.0,25.27,-1.0,-0.0
0,31.879,75.8746,2015-06-06,0.0,11.6,17.4,29.3,6.0,676.0,11.59,0.0,-1.0
0,27.1056,74.9658,2013-05-05,0.0,0.0,0.0,2.3,0.0,446.0,0.91,0.5,-0.866
0,7.3311,91.5128,2020-06-16,6.0,20.1,45.0,135.0,12.0,0.0,0.0,0.0,-1.0
0,19.1606,94.7168,2011-05-09,0.2,7.1,47.1,108.6,24.0,306.0,20.29,0.5,-0.866
0,7.3743,91.2953,2012-06-18,0.0,0.3,2.6,56.6,2.3,0.0,0.0,0.0,-1.0
0,25.8288,69.2459,2007-08-26,0.0,0.4,22.7,22.7,11.9,15.0,0.0,-0.866,-0.5
0,8.1598,94.4469,2009-06-10,0.0,1.8,9.3,109.8,4.8,0.0,0.0,0.0,-1.0
0,33.5172,80.0067,2009-06-22,0.0,0.0,0.0,0.2,0.0,4486.0,5.21,0.0,-1.0
0,18.4069,92.7744,2010-09-08,6.2,33.7,128.5,269.8,38.6,0.0,0.0,-1.0,-0.0
0,23.6292,82.7573,2023-04-22,2.8,3.6,3.7,4.2,2.8,494.0,2.36,0.866,-0.5
0,14.0542,94.0947,2017-05-04,0.0,0.1,1.2,4.2,0.4,0.0,0.0,0.5,-0.866
0,16.3786,85.2376,2014-06-24,0.0,0.0,6.7,20.0,3.1,0.0,0.0,0.0,-1.0
0,34.565,74.4312,2015-04-07,1.7,1.7,54.6,124.8,31.8,2429.0,41.73,0.866,-0.5
0,19.6843,75.502,2018-08-16,101.1,105.1,110.3,122.2,101.1,697.0,4.33,-0.866,-0.5
0,27.4885,71.3324,2014-07-16,0.0,0.1,0.1,0.1,0.1,145.0,0.29,-0.5,-0.866
0,35.3995,93.9433,2022-11-12,0.0,0.3,0.9,1.3,0.5,4498.0,0.0,-0.5,0.866
0,27.9701,92.2303,2008-01-20,0.0,4.0,4.0,4.5,2.8,5301.0,26.63,0.5,0.866
0,31.7442,87.5356,2014-11-23,0.0,0.0,0.0,0.0,0.0,4861.0,8.44,-0.5,0.866
0,14.0895,79.3484,2018-08-23,1.7,1.7,3.1,64.8,1.7,147.0,1.74,-0.866,-0.5
0,33.5947,88.2148,2021-07-08,9.3,20.7,28.3,41.7,9.3,5171.0,1.62,-0.5,-0.866
0,18.1541,94.8388,2016-06-09,32.0,95.4,155.7,263.4,40.5,1001.0,18.12,0.0,-1.0
0,9.2075,92.2699,2012-05-07,3.5,14.2,67.9,110.3,22.4,0.0,0.0,0.5,-0.866
0,33.9767,86.6249,2020-10-25,0.0,0.0,0.0,0.0,0.0,5035.0,1.62,-0.866,0.5
0,30.1795,76.0841,2022-03-25,0.0,0.0,0.0,0.0,0.0,240.0,0.0,1.0,0.0
0,20.6327,80.1824,2020-09-23,8.2,112.0,151.7,225.4,80.1,242.0,0.64,-1.0,-0.0
0,32.8028,92.1971,2015-09-23,3.1,7.3,19.9,56.3,5.8,5794.0,18.79,-1.0,-0.0
0,21.69,78.3798,2017-08-27,4.9,23.6,45.6,96.8,10.8,662.0,2.36,-0.866,-0.5
0,20.0979,68.8069,2012-02-21,0.0,0.0,0.0,0.0,0.0,0.0,0.0,0.866,0.5
0,10.5828,79.8195,2009-08-11,0.7,1.4,1.4,13.8,0.7,0.0,0.41,-0.866,-0.5
0,9.8248,75.3633,2011-08-25,6.5,45.2,122.2,193.1,46.0,0.0,0.0,-0.866,-0.5
0,31.9088,88.2297,2021-09-11,2.0,3.5,7.9,34.5,3.2,4722.0,13.52,-1.0,-0.0
0,20.851,89.6876,2017-05-22,0.2,0.3,4.5,4.6,3.0,0.0,0.0,0.5,-0.866
0,30.4859,73.8606,2019-07-06,6.7,6.7,9.3,9.9,6.7,174.0,0.64,-0.5,-0.866
0,32.7917,95.8703,2007-10-08,0.3,2.0,3.4,24.2,1.5,4944.0,40.03,-0.866,0.5
0,34.9433,95.2318,2014-08-21,1.1,10.8,13.2,35.9,9.4,4854.0,7.3,-0.866,-0.5
0,33.7053,96.7368,2012-05-23,1.9,2.6,3.2,7.4,1.9,4427.0,20.91,0.5,-0.866
0,7.9935,86.2311,2009-08-05,0.1,1.1,3.4,17.0,1.5,0.0,0.0,-0.866,-0.5
0,23.5173,68.4164,2021-07-25,1.7,4.1,12.7,90.0,4.0,0.0,0.0,-0.5,-0.866
0,31.3177,82.5774,2013-05-07,0.0,0.0,0.3,1.2,0.3,4965.0,4.65,0.5,-0.866
0,34.8816,91.9957,2022-05-24,0.2,8.4,14.1,27.4,6.9,4884.0,1.03,0.5,-0.866
0,17.9622,80.7236,2016-05-07,0.0,1.3,5.6,5.7,1.8,101.0,0.91,0.5,-0.866
0,28.3012,73.5862,2011-05-26,0.7,0.7,1.9,2.0,0.7,200.0,0.64,0.5,-0.866
0,7.3632,96.7958,2014-05-15,15.0,39.5,76.4,108.8,15.4,0.0,0.0,0.5,-0.866
0,17.5891,88.1859,2022-07-01,1.9,9.9,39.3,120.0,15.6,0.0,0.0,-0.5,-0.866
0,27.9001,88.8994,2009-09-09,1.3,4.4,15.6,34.7,5.7,5620.0,2.56,-1.0,-0.0
0,9.3584,69.7332,2022-06-08,0.6,2.2,37.5,256.9,14.1,0.0,0.0,0.0,-1.0
0,33.7468,97.4038,2008-11-26,0.0,0.0,2.9,3.1,2.0,4682.0,2.86,-0.5,0.866
0,6.6608,82.884,2018-06-13,0.5,1.1,8.2,19.4,7.0,0.0,0.0,0.0,-1.0
0,10.4671,94.3207,2015-02-06,0.0,0.1,2.1,2.7,1.0,0.0,0.0,0.866,0.5
0,11.596,82.5388,2011-06-15,0.1,13.2,19.9,33.7,10.5,0.0,0.0,0.0,-1.0
0,9.1894,88.9525,2010-07-09,3.4,6.7,24.9,54.4,11.5,0.0,0.0,-0.5,-0.866
0,15.8981,96.8662,2015-07-27,19.9,85.6,190.7,403.9,60.6,0.0,0.0,-0.5,-0.866
0,14.9878,93.8696,2015-08-25,16.2,56.8,125.5,180.8,25.9,0.0,0.0,-0.866,-0.5
0,22.0092,80.8554,2022-04-24,0.0,0.5,0.5,1.7,0.5,590.0,0.41,0.866,-0.5
0,29.4103,72.4623,2021-09-22,0.5,2.1,2.1,17.8,1.6,137.0,0.0,-1.0,-0.0
0,8.0967,72.3843,2022-05-02,11.1,20.6,25.7,48.2,11.1,0.0,0.0,0.5,-0.866
0,14.3067,88.8259,2008-07-16,0.3,3.4,25.7,88.8,10.7,0.0,0.0,-0.5,-0.866
0,19.7456,97.1701,2022-07-15,5.5,29.2,77.5,172.2,20.8,950.0,7.52,-0.5,-0.866
0,9.8747,89.233,2009-04-12,19.0,56.6,93.9,108.9,28.2,0.0,0.0,0.866,-0.5
0,12.612,76.3814,2023-09-24,0.0,15.1,28.8,44.2,9.4,788.0,1.18,-1.0,-0.0
0,31.1772,84.6158,2007-08-07,5.0,8.9,13.8,57.1,5.0,4784.0,14.85,-0.866,-0.5
0,22.2805,84.8382,2014-07-03,39.2,55.7,97.9,231.3,39.2,185.0,0.41,-0.5,-0.866
0,29.5476,87.9688,2016-10-01,0.4,4.6,16.2,41.5,8.5,5353.0,9.68,-0.866,0.5
0,18.3251,85.415,2017-11-27,0.0,0.0,0.0,238.2,0.0,0.0,0.0,-0.5,0.866
0,11.1133,70.3914,2022-09-22,2.4,4.4,8.1,29.1,2.4,0.0,0.0,-1.0,-0.0
0,20.1217,96.1784,2017-08-01,1.5,4.8,29.0,173.4,8.9,156.0,0.64,-0.866,-0.5
0,35.5931,87.3571,2011-11-11,0.2,0.2,0.2,1.0,0.2,5118.0,7.48,-0.5,0.866
0,12.841,69.4361,2008-08-11,7.4,23.0,23.2,31.2,14.5,0.0,0.0,-0.866,-0.5
0,28.814,84.1411,2019-08-03,2.0,21.5,54.4,93.4,17.6,5706.0,31.08,-0.866,-0.5
0,14.1549,75.0824,2009-09-13,1.8,3.7,12.7,222.3,2.8,608.0,0.91,-1.0,-0.0
0,7.1154,74.1426,2016-06-13,1.6,22.5,60.7,99.4,16.2,0.0,0.0,0.0,-1.0
0,25.915,96.1558,2022-04-10,13.6,21.3,32.7,72.4,13.6,414.0,27.02,0.866,-0.5
0,30.533,89.7087,2011-10-22,0.0,3.1,3.1,3.7,3.1,5241.0,11.88,-0.866,0.5
0,17.2713,70.8353,2022-06-07,12.1,13.5,13.5,13.6,12.1,0.0,0.0,0.0,-1.0
0,19.8633,79.4486,2020-06-20,0.9,1.3,30.2,67.2,14.6,189.0,0.0,0.0,-1.0
0,9.2067,80.4648,2020-06-06,3.3,4.4,6.5,10.7,3.3,40.0,0.57,0.0,-1.0
0,25.4206,70.742,2014-07-15,0.0,0.2,0.2,0.3,0.2,197.0,1.46,-0.5,-0.866
0,25.9283,89.0522,2023-10-17,0.3,0.6,5.8,163.7,2.4,42.0,0.64,-0.866,0.5
0,9.0191,81.8125,2022-03-26,1.0,1.7,6.4,8.5,1.9,0.0,0.0,1.0,0.0
0,15.5118,97.0335,2014-08-10,19.4,95.2,239.1,409.1,45.1,0.0,0.0,-0.866,-0.5
0,22.1928,76.7167,2008-02-03,0.0,0.0,0.0,0.0,0.0,263.0,0.81,0.866,0.5
0,21.9024,83.0642,2015-07-15,9.8,18.3,168.2,282.0,68.5,238.0,0.29,-0.5,-0.866
0,17.1637,85.2743,2010-09-01,2.6,26.4,93.0,143.8,23.4,0.0,0.0,-1.0,-0.0
0,30.0853,92.8658,2016-02-14,0.0,0.0,4.5,4.5,2.7,4745.0,23.6,0.866,0.5
0,15.9184,89.3608,2015-09-15,3.2,28.3,51.7,147.9,12.9,0.0,0.0,-1.0,-0.0
0,16.74,95.0843,2012-09-07,37.4,71.8,132.7,272.5,37.4,2.0,0.0,-1.0,-0.0
0,8.8466,96.9745,2010-05-22,6.3,10.5,37.1,75.5,13.4,0.0,0.0,0.5,-0.866
0,19.514,68.5285,2012-06-01,0.0,0.0,0.0,0.0,0.0,0.0,0.0,0.0,-1.0
0,26.174,81.5748,2022-07-22,20.1,70.5,78.5,89.1,29.6,108.0,0.91,-0.5,-0.866
0,15.584,91.9874,2019-08-23,13.9,68.5,101.6,134.6,33.6,0.0,0.0,-0.866,-0.5
0,30.6392,70.5852,2010-04-07,0.0,0.0,0.2,1.2,0.2,181.0,0.29,0.866,-0.5
0,30.979,88.533,2013-05-01,0.0,0.1,1.2,8.8,0.7,4649.0,0.0,0.5,-0.866
0,20.9335,72.282,2013-05-27,0.0,0.0,0.0,0.0,0.0,0.0,0.0,0.5,-0.866
0,9.0828,90.7068,2007-04-14,4.3,11.5,20.0,29.0,6.9,0.0,0.0,0.866,-0.5
0,9.9938,94.6213,2022-09-15,0.2,5.6,12.4,113.1,4.9,0.0,0.0,-1.0,-0.0
0,20.6447,93.364,2016-08-07,20.1,47.9,105.6,221.6,20.8,266.0,16.36,-0.866,-0.5
0,23.5829,92.5982,2010-02-01,0.0,0.0,0.0,0.0,0.0,595.0,22.04,0.866,0.5
0,25.4123,89.0362,2022-12-28,0.0,0.0,0.0,0.0,0.0,28.0,0.0,-0.0,1.0
0,28.6123,85.5773,2008-07-10,3.3,11.6,32.3,97.7,6.6,5580.0,10.24,-0.5,-0.866
0,21.1249,82.34,2022-08-20,20.0,60.7,286.0,490.0,190.6,320.0,0.86,-0.866,-0.5
0,13.4572,69.7908,2017-01-19,0.0,0.0,0.0,5.2,0.0,0.0,0.0,0.5,0.866
0,23.0977,75.9015,2010-08-16,5.1,20.5,46.4,138.0,12.8,516.0,0.29,-0.866,-0.5
0,21.3437,95.6995,2020-06-23,0.6,1.7,7.6,35.1,1.7,227.0,1.18,0.0,-1.0
0,7.1242,76.4963,2021-05-12,27.7,57.9,74.2,114.0,27.7,0.0,0.0,0.5,-0.866
0,13.4631,74.4812,2021-10-11,11.7,34.2,67.0,129.4,12.7,0.0,0.0,-0.866,0.5
0,10.4348,76.6551,2018-08-14,109.6,201.7,301.7,409.4,109.6,1160.0,14.33,-0.866,-0.5
0,30.3792,91.5928,2013-09-20,2.0,19.5,24.2,53.9,15.3,4576.0,19.36,-1.0,-0.0
0,14.9737,90.103,2012-08-05,4.6,50.8,87.9,148.6,26.5,0.0,0.0,-0.866,-0.5
0,12.4845,85.8696,2022-04-14,1.2,8.1,24.4,29.5,7.5,0.0,0.0,0.866,-0.5
0,7.9115,68.5349,2012-10-12,0.0,0.5,2.1,6.3,1.2,0.0,0.0,-0.866,0.5
0,11.7414,93.3541,2009-07-26,4.2,22.1,66.2,160.3,20.4,0.0,0.0,-0.5,-0.866
0,16.632,71.3621,2014-05-18,0.0,0.0,0.0,0.0,0.0,0.0,0.0,0.5,-0.866
0,21.091,97.3131,2008-09-25,5.5,19.9,63.4,121.5,21.1,1341.0,17.12,-1.0,-0.0
0,29.6028,84.4322,2023-10-28,0.0,0.0,0.3,4.2,0.3,4771.0,22.14,-0.866,0.5
0,24.6287,71.0722,2021-02-15,0.0,0.0,0.0,0.0,0.0,7.0,0.0,0.866,0.5
0,35.3794,90.295,2010-12-26,0.0,0.0,0.0,0.0,0.0,4840.0,0.64,-0.0,1.0
0,31.2083,69.2381,2010-04-21,0.0,0.5,0.5,1.3,0.3,1660.0,14.37,0.866,-0.5
0,32.6261,94.8741,2021-04-10,0.0,0.4,1.7,14.7,1.3,4791.0,19.96,0.866,-0.5
0,29.3589,82.7025,2018-10-05,0.0,0.0,0.0,9.0,0.0,4326.0,53.77,-0.866,0.5
0,16.5382,72.0643,2020-09-15,10.2,17.8,85.7,142.2,44.0,0.0,0.0,-1.0,-0.0
0,29.5766,68.1943,2017-09-16,0.0,1.3,2.8,7.0,1.3,178.0,0.64,-1.0,-0.0
0,15.1027,73.0522,2020-05-23,0.0,0.0,0.0,0.8,0.0,0.0,0.0,0.5,-0.866
0,17.3193,87.6174,2023-04-25,0.0,0.3,0.3,0.3,0.2,0.0,0.0,0.866,-0.5
0,19.1517,74.7314,2020-09-14,2.0,5.7,38.1,86.7,11.9,665.0,0.29,-1.0,-0.0
0,33.442,96.0793,2018-07-22,8.5,13.5,29.8,55.3,8.5,4487.0,4.93,-0.5,-0.866
0,34.8122,81.0561,2023-09-23,0.0,0.0,3.2,6.8,1.1,5181.0,2.31,-1.0,-0.0
0,34.8093,70.501,2012-06-25,0.0,0.4,2.7,5.3,1.0,2176.0,32.05,0.0,-1.0
0,19.5222,79.6014,2011-02-21,2.4,25.4,25.4,25.4,22.9,161.0,0.91,0.866,0.5
0,33.5753,69.7054,2023-08-23,0.0,0.4,2.3,9.2,1.0,2105.0,17.73,-0.866,-0.5
0,35.6798,80.3695,2016-10-23,0.0,0.0,1.7,4.1,1.0,5283.0,2.06,-0.866,0.5
0,28.1465,77.254,2015-06-27,0.0,6.9,33.2,49.8,24.3,193.0,0.0,0.0,-1.0
0,33.5063,86.0068,2021-04-13,0.4,1.0,1.4,6.5,0.6,4877.0,1.81,0.866,-0.5
0,25.2308,86.2365,2019-07-12,6.3,35.5,157.1,174.1,44.8,43.0,0.57,-0.5,-0.866
0,29.762,93.9888,2017-03-18,2.6,9.0,14.5,32.6,5.3,3126.0,8.37,1.0,0.0
0,18.1998,89.207,2016-10-17,0.4,1.6,40.8,132.3,29.4,0.0,0.0,-0.866,0.5
0,12.912,83.0943,2012-06-11,5.9,5.9,5.9,5.9,5.9,0.0,0.0,0.0,-1.0
0,7.2027,94.2644,2014-07-09,0.0,7.6,71.9,90.7,24.6,0.0,0.0,-0.5,-0.866
0,19.1824,82.9056,2018-08-27,36.2,92.5,134.9,475.2,36.8,838.0,16.06,-0.866,-0.5
0,14.2927,82.9712,2010-04-25,0.0,0.0,0.0,0.0,0.0,0.0,0.0,0.866,-0.5
0,19.9621,84.8868,2014-01-11,0.0,0.0,0.2,0.2,0.2,147.0,1.28,0.5,0.866
0,30.6616,97.1755,2014-07-21,1.9,16.2,36.7,118.7,12.4,4701.0,11.4,-0.5,-0.866
0,17.0101,76.3938,2011-09-23,0.0,0.2,3.0,22.1,1.6,459.0,0.41,-1.0,-0.0
0,13.929,77.6715,2018-08-27,3.6,5.5,7.7,31.1,3.6,695.0,1.92,-0.866,-0.5
0,20.1293,72.3233,2009-07-14,49.4,96.1,167.5,396.4,49.4,0.0,0.0,-0.5,-0.866
0,9.2675,80.5342,2021-04-07,0.0,1.3,1.3,6.6,1.2,63.0,2.06,0.866,-0.5
0,8.8422,87.9663,2023-07-18,2.4,8.7,12.1,78.2,3.5,0.0,0.0,-0.5,-0.866
0,29.8647,93.7244,2020-08-21,0.6,1.3,17.8,78.1,10.0,4449.0,36.02,-0.866,-0.5
0,36.3954,88.326,2020-11-24,0.3,0.5,0.9,2.8,0.3,5176.0,8.4,-0.5,0.866
0,31.2144,72.2582,2021-04-23,1.0,1.5,9.4,9.6,7.9,153.0,0.0,0.866,-0.5
0,10.3816,88.7835,2013-09-04,5.6,25.6,37.2,51.1,14.7,0.0,0.0,-1.0,-0.0
0,20.163,68.9619,2018-04-18,0.0,0.0,0.0,0.0,0.0,0.0,0.0,0.866,-0.5
0,34.1509,71.5036,2010-09-04,2.5,3.7,4.7,19.3,2.5,326.0,0.0,-1.0,-0.0
0,17.5876,76.5429,2018-07-04,5.2,24.6,39.1,85.6,12.4,540.0,1.43,-0.5,-0.866
0,15.6477,79.0466,2011-06-01,1.8,6.8,10.1,16.1,3.8,215.0,0.29,0.0,-1.0
0,10.7642,85.3939,2016-02-10,0.0,0.2,0.7,0.7,0.5,0.0,0.0,0.866,0.5
0,12.9674,92.1642,2018-07-04,15.4,38.0,52.1,113.5,15.4,0.0,0.0,-0.5,-0.866
0,8.5269,69.3181,2021-07-10,0.5,26.4,27.9,34.6,15.5,0.0,0.0,-0.5,-0.866
0,33.5086,91.0498,2011-07-24,0.0,2.6,27.0,64.0,14.3,5796.0,4.52,-0.5,-0.866
0,29.3585,82.8905,2021-07-15,1.5,5.6,37.2,56.0,11.8,4986.0,24.08,-0.5,-0.866
0,10.9695,89.472,2020-03-20,0.0,0.0,0.0,1.9,0.0,0.0,0.0,1.0,0.0
0,18.1171,94.5572,2021-06-02,1.0,6.9,19.1,94.6,5.5,57.0,8.65,0.0,-1.0
0,28.5774,87.0545,2007-09-23,0.0,2.6,11.2,19.8,4.8,4294.0,0.91,-1.0,-0.0
0,23.6598,91.4867,2010-08-18,5.2,24.6,61.2,103.7,14.4,88.0,3.62,-0.866,-0.5
0,25.8174,70.512,2008-11-18,0.0,0.0,0.0,0.0,0.0,129.0,2.18,-0.5,0.866
0,35.2188,83.3917,2007-09-17,0.4,0.4,0.8,22.4,0.4,5159.0,7.48,-1.0,-0.0
0,10.1085,95.6174,2015-05-01,7.7,11.4,26.7,31.8,7.7,0.0,0.0,0.5,-0.866
0,30.1027,75.236,2021-08-19,0.0,0.0,2.2,6.0,1.7,213.0,0.41,-0.866,-0.5
0,9.0394,83.7395,2008-06-19,1.1,1.8,2.0,40.6,1.1,0.0,0.0,0.0,-1.0
0,21.2442,95.5485,2020-06-06,10.5,14.8,23.2,49.9,10.5,213.0,3.35,0.0,-1.0
0,7.2217,83.5731,2010-06-03,0.0,0.3,0.3,16.9,0.3,0.0,0.0,0.0,-1.0
0,35.8936,83.9825,2015-06-06,0.5,5.7,9.6,17.4,3.2,5224.0,9.65,0.0,-1.0
0,29.5491,72.5497,2012-11-22,0.0,0.0,0.0,0.0,0.0,142.0,0.64,-0.5,0.866
0,8.2674,96.3531,2008-05-23,11.7,18.5,25.7,107.6,11.7,0.0,0.0,0.5,-0.866
0,15.4407,70.913,2015-04-11,0.0,0.0,0.0,0.0,0.0,0.0,0.0,0.866,-0.5
0,17.7654,92.4184,2014-04-07,0.0,0.0,0.0,0.0,0.0,0.0,0.0,0.866,-0.5
0,29.064,85.2879,2023-07-25,3.4,21.6,36.0,115.9,15.7,5150.0,7.48,-0.5,-0.866
0,18.0515,71.3949,2020-02-15,0.0,0.0,0.0,0.0,0.0,0.0,0.0,0.866,0.5
0,8.4637,68.8527,2015-08-01,0.0,0.0,0.6,38.4,0.5,0.0,0.0,-0.866,-0.5
0,23.1223,85.2921,2011-04-25,1.8,1.8,8.0,16.6,3.6,595.0,1.03,0.866,-0.5
0,15.6384,79.999,2023-03-21,2.2,5.2,156.9,157.0,84.5,19.0,0.64,1.0,0.0
0,12.6037,96.5534,2014-06-06,32.3,70.3,87.8,134.8,32.3,0.0,0.0,0.0,-1.0
0,22.6261,80.5007,2008-10-15,0.0,0.0,1.6,11.3,1.6,456.0,1.22,-0.866,0.5
0,6.53,81.7072,2012-09-10,0.2,1.2,3.2,12.0,0.8,14.0,3.26,-1.0,-0.0
0,6.5163,95.5385,2015-07-20,1.9,11.1,47.2,121.4,26.1,0.0,0.0,-0.5,-0.866
0,31.6846,79.2145,2013-06-21,0.0,0.0,85.6,90.6,41.9,3677.0,12.3,0.0,-1.0
0,24.0548,83.0547,2009-02-24,0.0,0.0,0.0,0.0,0.0,382.0,0.81,0.866,0.5
0,15.5192,79.6615,2015-04-05,0.0,0.8,1.1,1.1,0.8,73.0,0.0,0.866,-0.5
0,32.8484,74.2201,2017-07-26,14.0,19.0,30.9,53.7,14.0,318.0,0.29,-0.5,-0.866
0,33.0179,95.8895,2021-08-25,5.4,11.4,26.9,81.2,14.3,4567.0,29.46,-0.866,-0.5
0,14.6904,87.5372,2021-06-07,0.8,1.1,2.9,128.0,1.3,0.0,0.0,0.0,-1.0
0,35.2698,77.6895,2007-10-05,0.6,1.0,1.9,11.9,0.9,5605.0,11.31,-0.866,0.5
0,24.7636,68.1262,2020-01-06,0.0,0.0,0.0,0.0,0.0,9.0,0.29,0.5,0.866
0,23.1737,88.5465,2009-07-13,0.5,12.0,30.1,95.1,9.2,7.0,0.41,-0.5,-0.866
0,30.1192,87.1484,2021-03-01,0.0,0.0,0.0,0.5,0.0,5343.0,26.86,1.0,0.0
0,26.6674,78.4133,2018-09-27,0.0,0.0,24.7,25.1,14.4,159.0,0.29,-1.0,-0.0
0,18.1025,92.7548,2010-09-01,1.4,27.8,158.8,212.8,54.4,0.0,0.0,-1.0,-0.0
0,20.3808,95.6193,2007-07-08,5.0,14.7,69.6,150.8,22.4,373.0,1.62,-0.5,-0.866
0,29.2526,88.0764,2009-08-07,9.3,27.3,44.9,90.6,17.0,4404.0,7.97,-0.866,-0.5
0,30.9884,86.4445,2014-09-08,2.4,3.3,9.8,44.0,3.9,4642.0,3.26,-1.0,-0.0
0,35.9036,96.5352,2013-02-16,1.1,1.1,1.1,4.9,1.1,3795.0,29.48,0.866,0.5
0,6.7141,97.0358,2015-08-04,3.3,19.6,35.3,41.3,14.0,0.0,0.0,-0.866,-0.5
0,23.5731,82.5733,2012-07-22,6.5,22.3,77.5,203.6,20.6,769.0,3.24,-0.5,-0.866
0,8.4608,71.7833,2014-02-09,0.1,0.1,0.4,1.1,0.3,0.0,0.0,0.866,0.5
0,32.9301,89.5025,2007-06-28,0.0,0.3,0.3,22.3,0.3,4995.0,2.02,0.0,-1.0
0,36.2585,88.4431,2021-07-09,2.3,13.7,21.2,33.4,7.0,4948.0,1.03,-0.5,-0.866
0,26.693,87.1759,2020-09-11,26.8,83.3,168.3,215.1,31.7,97.0,0.41,-1.0,-0.0
0,31.8302,80.0028,2021-04-17,0.9,1.0,1.0,10.4,0.9,5129.0,15.97,0.866,-0.5
0,21.3672,83.2591,2014-02-24,0.0,0.0,0.0,8.2,0.0,286.0,0.64,0.866,0.5
0,7.9089,95.0925,2007-07-11,0.6,23.4,65.3,94.6,18.1,0.0,0.0,-0.5,-0.866
0,18.2558,77.8738,2007-10-26,0.0,0.0,0.0,0.1,0.0,417.0,1.15,-0.866,0.5
0,27.1865,96.2544,2012-10-07,3.1,87.5,263.6,360.4,103.4,703.0,16.28,-0.866,0.5
0,16.3767,69.8539,2022-08-01,0.3,0.7,5.3,9.1,3.0,0.0,0.0,-0.866,-0.5
0,19.4585,68.7087,2015-09-11,0.0,0.5,0.5,3.3,0.5,0.0,0.0,-1.0,-0.0
0,13.9146,81.9705,2008-11-27,66.8,201.9,243.9,387.4,105.6,0.0,0.0,-0.5,0.866
0,31.149,83.3304,2021-05-03,6.9,7.3,7.7,12.2,6.9,4835.0,0.41,0.5,-0.866
0,29.423,86.4478,2008-08-03,5.8,8.0,39.0,89.5,20.1,4993.0,5.42,-0.866,-0.5
0,34.0014,79.1332,2009-10-23,0.0,0.0,0.0,0.7,0.0,5745.0,32.68,-0.866,0.5
0,29.9794,69.8291,2016-09-02,0.2,6.2,13.1,25.0,3.7,1175.0,1.18,-1.0,-0.0
0,24.8222,80.7393,2008-04-02,0.0,2.3,2.3,8.2,2.0,403.0,1.28,0.866,-0.5
0,15.3475,79.2529,2020-03-25,0.0,0.0,0.1,0.2,0.1,166.0,0.64,1.0,0.0
0,13.4934,85.6875,2021-08-01,7.3,15.9,19.4,97.9,7.3,0.0,0.0,-0.866,-0.5
0,18.0176,91.4574,2010-10-20,57.6,217.4,233.5,343.3,124.4,0.0,0.0,-0.866,0.5
0,16.6885,95.6588,2023-09-15,9.4,54.0,124.7,334.7,26.0,2.0,0.0,-1.0,-0.0
0,16.3458,73.6782,2009-04-20,0.0,0.0,0.0,3.3,0.0,105.0,4.44,0.866,-0.5
0,24.2866,92.803,2023-10-05,12.3,36.6,89.8,151.7,30.2,248.0,20.72,-0.866,0.5
0,14.1886,80.4197,2012-08-15,0.0,0.0,2.4,9.8,1.2,0.0,0.0,-0.866,-0.5
0,13.7946,91.5123,2020-02-10,0.0,0.0,0.0,0.0,0.0,0.0,0.0,0.866,0.5
0,21.8938,87.2253,2011-06-19,3.4,179.0,290.0,318.9,124.7,18.0,0.0,0.0,-1.0
0,10.9223,77.1059,2007-06-12,2.8,5.8,22.1,33.1,8.1,433.0,0.57,0.0,-1.0
0,22.0304,87.4015,2023-04-08,0.0,0.0,0.0,60.4,0.0,14.0,0.57,0.866,-0.5
0,31.0755,84.5038,2013-02-12,0.0,0.0,0.1,4.5,0.1,5063.0,10.45,0.866,0.5
0,35.7953,86.8964,2017-05-03,0.4,1.2,2.8,16.1,0.8,5008.0,7.69,0.5,-0.866
0,12.1807,82.0339,2017-08-15,14.1,23.2,35.6,64.4,14.1,0.0,0.0,-0.866,-0.5
0,32.0603,84.6999,2020-06-10,0.7,2.3,17.8,31.5,6.7,4690.0,1.74,0.0,-1.0
0,16.3586,71.093,2022-10-02,0.1,0.5,1.0,4.2,0.4,0.0,0.0,-0.866,0.5
0,13.0822,68.1091,2021-05-08,0.0,0.0,0.0,0.0,0.0,0.0,0.0,0.5,-0.866
0,25.2176,75.0511,2017-09-27,0.0,1.1,1.8,21.6,1.1,367.0,0.41,-1.0,-0.0
0,18.5094,92.3695,2009-01-01,0.0,0.0,0.0,0.0,0.0,0.0,0.0,0.5,0.866
0,17.2366,84.3634,2013-04-15,0.0,0.0,0.0,0.0,0.0,0.0,0.0,0.866,-0.5
0,25.44,94.9249,2013-06-01,1.5,64.7,114.0,228.7,34.1,1082.0,41.23,0.0,-1.0
0,12.4347,73.1373,2012-10-24,4.1,44.6,95.4,107.0,38.3,0.0,0.0,-0.866,0.5
0,16.6945,84.3579,2012-05-01,0.0,0.9,1.8,1.8,0.8,0.0,0.0,0.5,-0.866
0,31.7864,94.8641,2011-01-22,0.4,1.0,5.7,12.5,2.4,5096.0,37.42,0.5,0.866
0,17.8677,91.2287,2016-04-07,0.0,0.0,0.0,0.0,0.0,0.0,0.0,0.866,-0.5
0,20.1861,78.9044,2023-06-06,0.0,0.5,0.5,0.5,0.5,213.0,0.91,0.0,-1.0
0,35.8131,97.432,2009-10-23,0.2,0.2,0.2,8.8,0.2,3600.0,5.15,-0.866,0.5
0,10.0548,94.0403,2013-04-07,0.0,0.0,0.0,0.0,0.0,0.0,0.0,0.866,-0.5
0,22.4766,88.4834,2014-06-14,1.1,1.1,2.0,100.7,1.1,2.0,0.41,0.0,-1.0
0,34.1304,90.5109,2016-08-28,3.9,4.9,45.0,60.7,33.2,5382.0,5.46,-0.866,-0.5
0,30.1876,77.6666,2015-02-26,13.0,23.8,23.8,28.2,13.0,323.0,0.64,0.866,0.5
0,32.6855,93.1193,2013-12-16,0.0,0.0,0.6,0.6,0.6,5122.0,11.4,-0.0,1.0
0,28.319,91.1476,2009-09-20,15.5,25.8,29.7,58.9,15.5,4976.0,29.36,-1.0,-0.0
0,11.523,79.4494,2023-10-25,0.0,8.7,18.8,78.0,7.7,24.0,0.29,-0.866,0.5
0,11.87,89.0184,2022-07-16,13.5,26.6,43.3,154.2,13.5,0.0,0.0,-0.5,-0.866
0,20.7127,85.145,2008-08-26,2.8,10.7,108.5,218.7,51.9,117.0,2.59,-0.866,-0.5
0,12.716,94.3991,2019-07-08,2.6,8.9,25.8,143.8,9.5,0.0,0.0,-0.5,-0.866
0,13.0578,80.5382,2018-06-06,0.1,0.1,0.7,6.2,0.6,0.0,0.0,0.0,-1.0
0,14.1359,70.5004,2021-09-10,0.9,5.8,41.5,76.7,12.6,0.0,0.0,-1.0,-0.0
0,22.0646,74.7902,2017-02-17,0.0,0.0,0.0,0.0,0.0,136.0,0.41,0.866,0.5
0,19.2831,81.7928,2022-07-26,6.9,20.5,86.7,219.3,32.0,538.0,2.36,-0.5,-0.866
0,16.0106,79.2799,2015-05-08,0.0,0.0,2.7,8.9,1.9,186.0,1.54,0.5,-0.866
0,25.8606,78.5932,2023-03-27,0.0,0.0,1.0,13.1,0.5,186.0,0.0,1.0,0.0
0,21.8837,86.9878,2010-09-08,6.1,22.9,31.3,81.7,11.2,43.0,2.43,-1.0,-0.0
0,10.0576,78.627,2013-07-11,1.2,8.2,12.2,34.9,3.9,82.0,0.57,-0.5,-0.866
0,26.7532,75.3757,2015-09-25,0.0,0.0,0.8,3.1,0.6,353.0,0.29,-1.0,-0.0
0,12.2193,85.819,2015-04-28,0.0,0.4,1.7,42.8,0.7,0.0,0.0,0.866,-0.5
0,6.756,76.8345,2019-09-26,5.3,43.0,88.0,145.1,26.4,0.0,0.0,-1.0,-0.0
0,34.8745,92.2449,2022-09-01,3.1,7.0,20.1,45.0,6.2,4857.0,1.67,-1.0,-0.0
0,26.1227,97.1836,2019-11-28,0.0,2.0,7.8,31.1,2.0,2002.0,24.19,-0.5,0.866
0,13.3274,89.3384,2023-05-08,3.7,5.3,10.3,11.5,3.7,0.0,0.0,0.5,-0.866
0,24.1101,84.3021,2021-07-27,4.6,14.3,46.8,86.0,15.6,252.0,0.57,-0.5,-0.866
0,16.7198,70.5333,2020-09-14,1.9,7.3,107.5,130.2,54.2,0.0,0.0,-1.0,-0.0
0,12.7875,81.2742,2011-07-12,0.0,0.6,17.6,39.8,14.4,0.0,0.0,-0.5,-0.866
0,23.8253,71.7862,2022-11-01,0.0,0.0,0.0,0.0,0.0,41.0,0.29,-0.5,0.866
0,30.812,92.6118,2020-06-14,3.2,6.9,12.8,56.8,3.9,5128.0,15.76,0.0,-1.0
0,27.0729,79.8994,2016-09-18,10.9,37.4,55.0,56.6,13.8,139.0,0.29,-1.0,-0.0
0,16.2824,68.6856,2011-09-05,1.1,6.6,51.2,68.4,16.3,0.0,0.0,-1.0,-0.0
0,35.8173,97.3306,2019-08-26,2.4,9.6,12.8,15.4,6.7,4308.0,37.44,-0.866,-0.5
0,35.9052,74.024,2019-06-18,5.1,5.4,18.3,99.2,6.0,3354.0,32.53,0.0,-1.0
0,12.1502,71.2048,2016-08-15,0.0,0.0,2.3,8.8,1.1,0.0,0.0,-0.866,-0.5
0,9.2972,71.0772,2022-07-02,23.7,50.1,68.4,117.1,23.7,0.0,0.0,-0.5,-0.866
0,7.3052,73.8705,2016-10-13,0.0,2.1,4.9,10.1,2.1,0.0,0.0,-0.866,0.5
0,12.6768,76.5876,2008-07-15,13.1,21.2,21.9,30.7,13.1,860.0,1.62,-0.5,-0.866
0,17.5596,68.3259,2019-06-14,5.7,112.3,166.8,166.8,94.2,0.0,0.0,0.0,-1.0
0,11.2111,71.2669,2009-07-16,18.0,30.2,39.6,145.8,18.0,0.0,0.0,-0.5,-0.866
0,18.1698,94.6558,2013-05-28,15.7,70.3,151.6,173.9,33.6,572.0,29.95,0.5,-0.866
0,15.7927,92.1279,2016-08-06,15.7,44.9,163.4,313.3,47.2,0.0,0.0,-0.866,-0.5
0,24.1248,82.823,2013-08-09,1.2,27.9,54.7,181.4,15.6,264.0,0.0,-0.866,-0.5
0,6.7233,72.2094,2014-02-13,0.0,0.0,0.0,0.1,0.0,0.0,0.0,0.866,0.5
0,22.2757,94.8539,2021-10-15,24.5,26.3,84.6,133.4,31.7,184.0,1.28,-0.866,0.5
0,23.784,89.7501,2018-06-15,0.2,11.5,68.3,136.9,26.9,2.0,0.0,0.0,-1.0
0,27.5095,88.9936,2012-06-20,8.4,23.7,98.4,146.8,35.7,4019.0,18.52,0.0,-1.0
0,25.0321,80.7463,2012-06-22,0.5,0.5,11.3,11.3,9.8,339.0,0.57,0.0,-1.0
0,27.4557,70.8183,2014-08-02,3.6,4.9,5.0,18.3,3.6,140.0,0.41,-0.866,-0.5
0,33.0663,72.659,2016-10-18,0.0,0.0,0.2,2.0,0.2,425.0,0.64,-0.866,0.5
0,26.4997,69.9689,2022-08-07,1.0,30.1,37.5,97.6,16.5,84.0,1.18,-0.866,-0.5
0,18.8383,90.4749,2009-04-12,0.0,0.0,0.0,0.0,0.0,0.0,0.0,0.866,-0.5
0,29.1619,82.8796,2021-09-14,1.0,13.1,17.8,27.9,8.6,3523.0,39.93,-1.0,-0.0
0,11.4452,74.1175,2009-02-01,0.0,0.0,0.3,0.3,0.2,0.0,0.0,0.866,0.5
0,25.666,87.9309,2019-07-11,35.8,156.3,247.1,269.7,77.3,30.0,0.41,-0.5,-0.866
0,32.1732,79.7019,2011-01-04,0.0,0.0,0.0,0.0,0.0,5032.0,7.67,0.5,0.866
0,16.3133,90.0859,2009-07-03,17.8,44.1,55.5,128.3,19.2,0.0,0.0,-0.5,-0.866
0,22.9529,75.1477,2022-11-05,0.0,0.0,0.0,0.0,0.0,508.0,3.49,-0.5,0.866
0,31.1128,92.8261,2010-05-01,1.6,9.0,10.6,21.8,6.1,4943.0,6.68,0.5,-0.866
0,11.8171,71.6625,2009-09-06,4.8,11.0,31.7,50.5,11.7,0.0,0.0,-1.0,-0.0
0,26.6418,68.3307,2018-06-15,0.0,0.0,0.0,0.0,0.0,39.0,0.41,0.0,-1.0
0,11.8382,89.0752,2013-10-18,6.0,6.8,8.2,81.5,6.0,0.0,0.0,-0.866,0.5
0,19.7617,69.4088,2010-08-17,0.7,3.4,4.4,16.0,2.4,0.0,0.0,-0.866,-0.5
0,18.2186,77.0956,2008-02-01,0.0,0.0,0.0,0.0,0.0,564.0,1.62,0.866,0.5
0,29.6723,90.6299,2014-10-12,0.0,0.5,3.6,18.6,1.5,5219.0,30.87,-0.866,0.5
0,12.4996,68.4731,2017-01-01,0.0,0.0,0.0,0.0,0.0,0.0,0.0,0.5,0.866
0,31.1158,88.0588,2012-02-04,0.0,0.0,0.0,0.0,0.0,5440.0,18.82,0.866,0.5
0,28.2203,69.2984,2017-07-27,0.0,0.2,1.3,20.5,0.9,69.0,0.41,-0.5,-0.866
0,16.1804,86.4902,2019-08-18,2.6,5.1,23.0,124.1,13.2,0.0,0.0,-0.866,-0.5
0,34.6677,71.5637,2017-05-12,3.7,7.2,16.0,19.1,4.1,1733.0,26.83,0.5,-0.866
0,11.7086,79.8631,2013-06-13,0.0,1.6,3.8,24.6,1.6,0.0,0.0,0.0,-1.0
0,20.2633,69.9475,2018-09-21,0.0,0.0,2.0,10.3,1.2,0.0,0.0,-1.0,-0.0
0,7.8182,94.1211,2022-07-25,11.1,30.8,68.8,86.6,23.7,0.0,0.0,-0.5,-0.866
0,35.9931,71.0035,2012-07-28,0.0,2.9,6.2,14.1,2.9,4447.0,27.27,-0.5,-0.866
0,14.0582,70.795,2019-06-21,33.8,54.4,63.8,218.5,33.8,0.0,0.0,0.0,-1.0
0,26.837,96.6848,2012-08-11,1.8,17.4,69.4,326.3,25.3,1231.0,27.33,-0.866,-0.5
0,16.039,93.1208,2007-07-11,23.0,101.1,169.9,328.6,47.7,0.0,0.0,-0.5,-0.866
0,24.756,85.2586,2014-06-21,11.5,53.3,68.4,68.5,27.1,117.0,0.64,0.0,-1.0
0,21.6026,88.7866,2010-01-01,0.0,0.0,0.0,0.0,0.0,6.0,0.41,0.5,0.866
0,15.7655,89.7684,2009-09-20,0.2,17.2,25.8,69.6,8.9,0.0,0.0,-1.0,-0.0
0,8.2977,79.0484,2019-06-05,0.5,1.4,3.3,13.4,1.6,0.0,0.0,0.0,-1.0
0,12.6316,69.1182,2021-10-20,0.4,1.3,25.2,100.1,9.0,0.0,0.0,-0.866,0.5
0,28.6777,77.6964,2008-06-21,2.5,5.3,70.6,142.4,24.8,213.0,0.64,0.0,-1.0
0,22.1262,96.8382,2007-08-10,4.4,19.5,60.8,120.2,24.7,1276.0,6.33,-0.866,-0.5
0,13.3703,89.6198,2008-06-07,18.3,34.1,41.9,55.8,18.3,0.0,0.0,0.0,-1.0
0,33.699,87.6177,2014-05-22,0.4,0.4,0.4,5.4,0.4,5317.0,5.06,0.5,-0.866
0,24.7419,79.2538,2007-06-15,9.3,12.3,12.7,12.7,9.3,279.0,1.03,0.0,-1.0
0,8.4385,82.5034,2011-11-02,1.2,36.2,123.0,222.2,40.1,0.0,0.0,-0.5,0.866
0,34.6482,71.704,2013-05-18,0.0,0.0,1.9,12.0,1.7,854.0,27.49,0.5,-0.866
0,13.5893,70.3059,2012-08-10,5.8,8.6,8.7,9.4,5.8,0.0,0.0,-0.866,-0.5
0,28.1502,75.2253,2016-05-08,0.0,0.0,2.9,2.9,2.7,323.0,4.61,0.5,-0.866
0,15.0606,81.224,2022-08-09,0.0,25.8,44.1,77.6,23.5,0.0,0.0,-0.866,-0.5
0,8.9005,96.6904,2022-06-06,5.7,8.1,80.3,138.0,32.7,0.0,0.0,0.0,-1.0
0,19.7413,82.9061,2011-09-25,0.0,6.5,48.4,129.3,16.4,217.0,0.0,-1.0,-0.0
0,31.0881,91.41,2020-01-13,0.0,0.0,1.7,7.8,0.8,5256.0,4.76,0.5,0.866
0,32.1213,90.3863,2011-10-20,0.0,0.0,0.0,0.5,0.0,4846.0,4.09,-0.866,0.5
0,23.0856,73.1831,2021-06-10,0.0,0.3,3.8,3.8,1.4,86.0,1.22,0.0,-1.0
0,14.9968,84.5832,2011-07-11,0.0,1.0,71.6,130.7,50.1,0.0,0.0,-0.5,-0.866
0,27.9459,73.7736,2007-10-01,0.0,0.0,0.5,7.1,0.5,289.0,1.22,-0.866,0.5
0,32.3497,89.5459,2020-06-13,0.0,0.4,4.5,31.8,1.7,4691.0,8.33,0.0,-1.0
0,34.7085,96.6295,2016-06-16,0.0,0.0,1.2,4.9,0.9,4572.0,4.47,0.0,-1.0
0,25.7315,85.3551,2010-07-02,8.2,21.9,56.0,70.1,19.8,50.0,1.03,-0.5,-0.866
0,18.0448,84.6855,2015-05-14,0.0,0.0,0.0,0.0,0.0,0.0,0.0,0.5,-0.866
0,29.6381,90.1715,2022-06-23,3.6,7.6,13.2,66.3,4.0,5126.0,24.49,0.0,-1.0
0,25.5494,78.8613,2020-02-13,0.0,0.0,0.0,0.0,0.0,180.0,2.7,0.866,0.5
0,28.5699,75.1494,2018-02-27,0.0,0.0,1.1,1.1,0.8,241.0,1.46,0.866,0.5
0,25.4286,87.9546,2011-08-21,1.7,7.7,129.3,220.6,55.6,28.0,0.41,-0.866,-0.5
0,14.3399,81.4364,2014-08-09,0.0,3.4,7.7,19.4,4.3,0.0,0.0,-0.866,-0.5
0,24.5645,96.0775,2010-09-01,0.8,11.9,55.2,131.0,23.2,159.0,4.09,-1.0,-0.0
0,29.6292,87.0097,2009-10-13,0.0,0.0,9.3,25.0,7.8,5099.0,13.0,-0.866,0.5
0,22.0561,73.5703,2020-07-27,1.5,38.5,61.6,131.5,33.9,33.0,3.49,-0.5,-0.866
0,14.0861,76.9155,2019-12-22,0.0,0.0,0.0,5.4,0.0,602.0,1.28,-0.0,1.0
0,24.0824,89.651,2009-09-24,8.4,12.1,47.4,75.3,14.2,7.0,0.41,-1.0,-0.0
0,9.7782,84.892,2011-09-27,0.0,0.0,15.6,43.9,12.3,0.0,0.0,-1.0,-0.0
0,14.5706,74.181,2016-09-23,15.3,27.6,44.2,79.3,15.3,0.0,0.0,-1.0,-0.0
0,6.6926,72.9678,2009-07-04,11.3,22.5,43.5,128.7,11.3,0.0,0.0,-0.5,-0.866
0,19.0053,76.506,2018-07-06,8.2,14.3,26.0,83.5,8.2,404.0,0.29,-0.5,-0.866
0,12.092,71.9628,2010-07-17,12.7,61.3,76.5,138.2,36.9,0.0,0.0,-0.5,-0.866
0,20.0198,92.0239,2012-05-02,0.3,13.4,49.1,49.1,20.5,0.0,0.0,0.5,-0.866
0,30.7754,73.6606,2020-12-28,0.0,0.2,0.2,0.2,0.2,173.0,0.29,-0.0,1.0
0,19.7219,94.9327,2012-04-21,0.2,0.2,0.3,2.8,0.2,209.0,3.62,0.866,-0.5
0,8.8943,70.5284,2017-04-03,0.0,0.0,0.0,0.0,0.0,0.0,0.0,0.866,-0.5
0,7.39,74.926,2010-07-25,1.4,4.1,9.0,95.6,3.6,0.0,0.0,-0.5,-0.866
0,6.7852,75.8494,2008-11-22,10.1,49.2,57.2,75.0,21.0,0.0,0.0,-0.5,0.866
0,9.4053,83.4089,2023-01-20,0.8,0.8,2.7,44.0,1.8,0.0,0.0,0.5,0.866
0,36.1069,90.4602,2017-10-16,1.4,5.7,7.2,8.8,2.2,4936.0,1.28,-0.866,0.5
0,24.6311,77.9282,2017-08-11,3.9,5.9,61.6,85.4,28.8,447.0,0.57,-0.866,-0.5
0,31.0054,95.7592,2008-08-13,5.3,19.4,33.9,73.2,10.4,5068.0,7.53,-0.866,-0.5
0,35.7592,93.7558,2021-09-01,0.6,0.6,19.1,33.2,10.4,5302.0,16.56,-1.0,-0.0
0,32.6162,79.8533,2007-09-05,0.0,0.5,3.2,30.1,0.8,4557.0,5.24,-1.0,-0.0
0,24.5573,93.6357,2014-06-23,10.3,58.8,127.3,184.1,30.0,833.0,31.67,0.0,-1.0
0,17.5529,86.2414,2023-08-16,19.8,28.0,38.4,40.6,19.8,0.0,0.0,-0.866,-0.5
0,18.8938,73.5441,2017-12-27,0.0,0.0,0.0,0.0,0.0,677.0,9.15,-0.0,1.0
0,6.9989,78.6261,2017-02-26,1.5,2.7,4.3,8.7,1.6,0.0,0.0,0.866,0.5
0,26.8379,74.89,2009-07-24,1.1,4.5,15.1,92.6,9.4,387.0,0.0,-0.5,-0.866
0,16.95,95.703,2010-11-16,0.3,0.5,0.5,0.6,0.3,4.0,0.0,-0.5,0.866
0,28.5283,76.669,2023-05-05,1.0,2.3,17.4,19.2,7.1,217.0,0.29,0.5,-0.866
0,32.787,91.1534,2011-08-02,12.0,19.5,45.0,100.3,12.0,5053.0,13.1,-0.866,-0.5
0,21.4378,70.5692,2021-09-18,2.7,20.4,169.2,355.9,60.8,94.0,0.57,-1.0,-0.0
0,11.5416,81.1655,2014-04-22,0.0,0.0,0.0,0.1,0.0,0.0,0.0,0.866,-0.5
0,13.8007,73.0278,2009-11-23,0.2,1.9,15.1,181.8,11.5,0.0,0.0,-0.5,0.866
0,9.6641,97.3042,2019-01-11,0.0,0.3,64.9,72.5,63.2,0.0,0.0,0.5,0.866
0,29.4893,74.5011,2010-05-16,0.0,0.0,0.0,2.2,0.0,187.0,0.0,0.5,-0.866
0,26.4643,95.2207,2009-08-16,39.3,115.7,232.6,428.4,66.4,2098.0,15.47,-0.866,-0.5
0,30.3662,77.8176,2009-05-19,0.0,0.0,0.9,3.6,0.9,480.0,0.29,0.5,-0.866
0,25.8196,79.1218,2019-08-24,26.4,41.9,77.4,123.0,26.4,140.0,0.0,-0.866,-0.5
0,26.1176,91.1599,2014-11-14,1.1,1.1,1.1,2.8,1.1,44.0,1.43,-0.5,0.866
0,13.2065,71.4129,2017-03-03,0.0,0.0,0.0,0.0,0.0,0.0,0.0,1.0,0.0
0,28.7174,95.6477,2018-09-04,1.7,24.3,62.5,201.5,15.9,1967.0,36.47,-1.0,-0.0
0,17.9059,89.7391,2013-06-19,11.5,17.0,51.3,148.9,22.7,0.0,0.0,0.0,-1.0
0,31.9136,96.9056,2011-06-12,5.9,15.7,28.6,76.0,6.5,4320.0,27.73,0.0,-1.0
0,22.0925,85.7477,2007-05-13,0.1,0.5,14.3,24.7,8.4,393.0,1.03,0.5,-0.866
0,22.6488,81.5878,2014-04-10,0.0,0.8,0.8,0.8,0.8,849.0,0.41,0.866,-0.5
0,21.495,81.4456,2008-08-05,16.7,29.1,95.6,161.5,24.4,281.0,0.64,-0.866,-0.5
0,24.4664,77.1123,2015-12-04,0.0,0.6,3.9,3.9,2.6,395.0,0.41,-0.0,1.0
0,36.4055,88.8424,2013-07-27,0.0,2.6,15.6,34.0,8.1,4973.0,3.73,-0.5,-0.866
0,21.3508,88.7721,2017-06-26,6.0,10.9,81.9,216.2,25.2,0.0,0.0,0.0,-1.0
0,11.0811,89.1446,2014-09-26,11.3,19.2,22.5,88.5,11.3,0.0,0.0,-1.0,-0.0
0,27.5122,69.5507,2022-09-06,0.0,0.0,0.0,77.3,0.0,62.0,0.29,-1.0,-0.0
0,28.3219,76.8235,2012-09-28,0.0,0.0,0.0,30.6,0.0,234.0,0.41,-1.0,-0.0
0,36.2319,84.1643,2022-06-22,0.0,0.9,17.8,43.6,6.4,4940.0,1.18,0.0,-1.0
0,36.2094,90.3526,2016-06-17,5.9,8.0,13.8,21.0,5.9,5040.0,1.03,0.0,-1.0
0,14.9709,95.2304,2019-08-18,5.0,23.8,48.8,253.6,14.4,0.0,0.0,-0.866,-0.5
0,9.4196,77.5408,2008-09-28,0.0,0.5,2.4,6.8,1.2,148.0,1.74,-1.0,-0.0
0,31.9943,88.9328,2011-07-06,5.9,18.1,37.1,52.0,10.6,4545.0,0.0,-0.5,-0.866
0,30.6308,73.7718,2010-08-12,7.2,54.7,82.8,134.4,31.1,174.0,0.29,-0.866,-0.5
0,26.8495,97.1603,2012-04-14,0.1,15.5,37.4,50.4,11.0,1274.0,31.01,0.866,-0.5
0,34.2796,70.8334,2008-12-06,0.0,0.0,0.0,0.0,0.0,560.0,25.62,-0.0,1.0
0,10.0204,83.2053,2011-06-14,5.7,9.6,10.6,22.5,5.7,0.0,0.0,0.0,-1.0
0,25.3092,79.9178,2019-02-08,0.0,1.4,1.4,6.6,1.2,184.0,0.41,0.866,0.5
0,21.1588,88.2955,2019-11-21,0.0,0.0,0.0,264.3,0.0,0.0,0.0,-0.5,0.866
0,29.7755,97.2393,2021-08-03,1.0,4.7,51.2,110.5,17.6,5074.0,36.27,-0.866,-0.5
0,32.4469,87.1842,2021-06-21,1.9,12.7,28.0,45.2,5.9,5214.0,8.05,0.0,-1.0
0,17.5197,71.54,2023-03-16,0.0,0.0,0.0,0.0,0.0,0.0,0.0,1.0,0.0
0,13.2481,85.3121,2015-12-16,0.0,0.0,0.0,68.6,0.0,0.0,0.0,-0.0,1.0
0,27.3118,70.7893,2022-08-13,23.6,30.1,52.8,68.5,23.6,178.0,0.81,-0.866,-0.5
0,36.4986,88.7307,2010-06-05,2.8,6.4,11.4,31.2,5.0,5068.0,11.02,0.0,-1.0
0,16.2569,89.0562,2012-09-18,10.8,27.5,98.2,178.1,34.7,0.0,0.0,-1.0,-0.0
0,18.6599,88.6719,2023-06-27,3.5,54.8,158.1,172.4,51.8,0.0,0.0,0.0,-1.0
0,21.1569,83.3076,2010-08-23,17.0,20.7,58.2,94.6,17.0,193.0,0.29,-0.866,-0.5
0,29.1052,74.1202,2012-08-04,0.0,0.0,0.0,3.8,0.0,191.0,0.57,-0.866,-0.5
0,32.3601,88.5089,2017-01-15,0.1,0.1,0.1,0.9,0.1,5108.0,3.34,0.5,0.866
0,10.1914,71.8001,2009-05-06,0.0,0.0,5.1,5.4,5.1,0.0,0.0,0.5,-0.866
0,7.5502,96.9079,2012-07-12,7.5,18.2,75.8,134.8,21.2,0.0,0.0,-0.5,-0.866
0,19.1915,95.8842,2008-01-10,0.0,0.0,0.0,0.0,0.0,343.0,15.53,0.5,0.866
0,34.8864,83.3236,2021-09-22,1.1,4.9,5.6,28.1,3.6,5394.0,7.97,-1.0,-0.0
0,10.6957,82.4681,2023-06-12,0.3,0.8,0.9,32.7,0.5,0.0,0.0,0.0,-1.0
0,12.7952,70.9208,2008-09-08,26.8,49.1,138.8,202.3,51.8,0.0,0.0,-1.0,-0.0
0,12.1422,76.8414,2013-09-05,8.2,26.5,60.1,68.1,14.8,691.0,1.18,-1.0,-0.0
0,24.2535,76.1832,2009-08-14,9.8,50.9,64.6,66.3,33.3,334.0,0.29,-0.866,-0.5
0,22.9955,75.6899,2019-08-06,16.5,142.0,263.2,438.6,108.9,511.0,0.41,-0.866,-0.5
0,20.182,95.8698,2011-08-23,4.7,17.2,68.9,131.8,20.2,305.0,2.29,-0.866,-0.5
0,22.5771,70.0815,2013-08-21,0.8,2.0,67.0,116.8,63.4,0.0,0.0,-0.866,-0.5
0,25.9331,83.0871,2011-04-27,0.0,2.0,2.0,3.9,2.0,77.0,0.29,0.866,-0.5
0,15.9908,91.2396,2014-06-20,3.7,27.0,146.0,276.0,64.8,0.0,0.0,0.0,-1.0
0,8.8257,71.6763,2020-04-18,0.0,0.0,0.8,6.4,0.5,0.0,0.0,0.866,-0.5
0,8.4788,86.8852,2015-06-11,0.0,0.4,9.0,53.7,4.5,0.0,0.0,0.0,-1.0
0,10.8899,91.5439,2019-06-04,0.0,7.7,63.6,113.4,18.7,0.0,0.0,0.0,-1.0
0,35.0535,91.0906,2016-04-17,0.0,0.0,7.0,17.5,5.0,5035.0,1.22,0.866,-0.5
0,9.3662,78.2926,2015-08-10,0.8,1.0,3.9,31.6,1.3,47.0,0.91,-0.866,-0.5
0,11.6224,95.9221,2019-06-12,32.7,72.8,140.4,162.8,32.7,0.0,0.0,0.0,-1.0
0,20.8059,71.7634,2011-01-17,0.0,0.0,0.0,0.0,0.0,0.0,0.0,0.5,0.866
0,26.2269,72.2088,2008-08-09,0.0,0.6,21.3,66.1,7.5,193.0,0.41,-0.866,-0.5
0,34.0532,86.8562,2014-06-25,1.9,4.7,12.8,22.2,2.7,5036.0,3.73,0.0,-1.0
0,26.8465,80.3382,2018-07-15,3.3,25.5,59.4,76.8,19.0,130.0,0.64,-0.5,-0.866
0,30.4541,82.8158,2023-06-14,0.4,0.4,0.7,8.7,0.4,4774.0,7.14,0.0,-1.0
0,34.7503,94.0009,2009-09-10,2.7,7.8,25.4,48.9,7.5,4553.0,1.83,-1.0,-0.0
0,34.9236,79.9922,2009-06-03,0.0,0.0,0.5,9.1,0.3,4984.0,1.15,0.0,-1.0
0,8.8008,75.0811,2008-03-19,60.1,101.3,125.1,133.0,60.1,0.0,0.0,1.0,0.0
0,9.0376,76.4326,2007-10-26,8.2,26.0,69.7,161.8,24.4,0.0,0.0,-0.866,0.5
0,35.365,80.5075,2011-07-24,5.8,10.8,20.5,44.9,5.8,6223.0,28.45,-0.5,-0.866
0,20.8897,83.1928,2010-12-18,0.0,0.0,0.0,56.4,0.0,270.0,11.36,-0.0,1.0
0,18.6641,86.1805,2007-10-24,0.0,0.3,16.0,30.0,8.0,0.0,0.0,-0.866,0.5
0,27.9248,88.7265,2023-09-08,7.5,15.0,25.8,73.4,7.5,4794.0,17.76,-1.0,-0.0
0,27.0223,69.2495,2023-07-06,2.5,2.5,2.5,3.2,2.5,42.0,4.44,-0.5,-0.866
0,17.5115,71.9329,2020-06-02,107.0,146.8,148.3,148.3,107.0,0.0,0.0,0.0,-1.0
0,21.3652,73.0293,2014-12-11,0.0,0.0,0.0,0.0,0.0,34.0,0.29,-0.0,1.0
0,31.4518,93.0979,2016-09-10,0.0,7.5,31.7,68.6,9.7,4739.0,30.18,-1.0,-0.0
0,20.9937,75.8101,2019-01-21,0.0,0.0,0.0,0.0,0.0,240.0,0.86,0.5,0.866
0,13.0239,76.9922,2023-10-21,0.1,0.1,5.1,44.5,4.5,769.0,2.45,-0.866,0.5
0,31.2718,69.0452,2022-07-20,0.0,0.0,5.4,17.3,3.7,1951.0,23.01,-0.5,-0.866
0,8.2249,68.1738,2018-07-10,11.4,15.3,42.3,53.3,11.5,0.0,0.0,-0.5,-0.866
0,9.7149,78.3168,2018-08-13,0.0,0.9,1.3,6.0,0.9,85.0,0.0,-0.866,-0.5
0,6.7659,80.7087,2023-05-17,7.2,9.6,20.7,77.9,7.2,1613.0,10.53,0.5,-0.866
0,33.4553,80.1162,2011-10-01,0.0,0.0,0.0,0.0,0.0,4828.0,9.02,-0.866,0.5
0,29.5834,75.379,2016-07-12,0.5,3.2,5.3,64.4,2.3,209.0,0.29,-0.5,-0.866
0,17.4349,94.3197,2010-07-09,17.4,32.7,87.5,198.0,33.6,0.0,0.0,-0.5,-0.866
0,36.1811,87.3602,2018-07-05,0.4,8.8,19.9,41.8,6.1,5069.0,0.91,-0.5,-0.866
0,28.9127,68.1714,2013-10-23,0.0,0.0,0.0,1.9,0.0,95.0,0.0,-0.866,0.5
0,10.5104,80.4211,2012-06-02,0.0,0.0,0.0,0.0,0.0,0.0,0.0,0.0,-1.0
0,26.4861,95.9771,2010-11-09,0.0,0.0,0.2,16.6,0.2,313.0,14.09,-0.5,0.866
0,30.4946,89.0725,2019-06-25,0.5,1.0,6.2,8.5,3.5,4902.0,0.29,0.0,-1.0
0,21.5558,95.2451,2011-09-13,15.5,35.4,72.4,90.3,27.7,60.0,0.29,-1.0,-0.0
0,9.792,71.1824,2018-01-05,0.0,0.0,0.0,0.0,0.0,0.0,0.0,0.5,0.866
0,21.5,90.6379,2017-05-22,0.3,2.0,9.2,11.1,5.0,0.0,0.0,0.5,-0.866
0,19.39,85.6141,2016-01-16,0.0,0.0,0.0,0.0,0.0,0.0,0.0,0.5,0.866
0,14.9667,70.4371,2011-07-20,0.0,5.3,140.1,191.2,51.5,0.0,0.0,-0.5,-0.866
0,28.3775,73.5124,2015-06-04,0.0,2.7,3.5,5.6,1.8,204.0,2.06,0.0,-1.0
0,36.3277,75.297,2022-09-07,0.0,0.0,1.6,40.8,1.6,4838.0,32.68,-1.0,-0.0
0,27.6938,91.8936,2012-08-17,6.5,13.9,36.2,100.2,9.0,4344.0,37.55,-0.866,-0.5
0,12.1601,93.2187,2014-08-05,21.9,44.5,61.5,156.9,21.9,0.0,0.0,-0.866,-0.5
0,10.1138,79.8379,2011-06-07,0.0,3.2,5.1,7.2,3.2,0.0,0.0,0.0,-1.0
0,19.2891,86.1858,2019-03-02,0.0,9.8,9.8,10.4,7.2,0.0,0.0,1.0,0.0
0,18.7189,77.0402,2014-08-08,0.8,4.1,20.8,119.1,10.8,508.0,1.15,-0.866,-0.5
0,16.5853,82.1363,2008-07-21,17.6,36.6,52.7,70.3,17.6,7.0,1.03,-0.5,-0.866
0,15.6287,75.9428,2020-06-12,1.7,18.2,20.9,50.0,8.8,612.0,0.57,0.0,-1.0
0,13.9091,94.4056,2008-05-01,44.5,118.8,243.2,246.5,65.1,0.0,0.0,0.5,-0.866
0,26.3129,77.4884,2010-06-09,0.0,0.0,3.8,3.8,1.8,194.0,0.0,0.0,-1.0
0,19.4272,75.4418,2016-07-11,35.5,87.3,112.8,171.4,35.5,429.0,2.0,-0.5,-0.866
0,9.8459,87.734,2011-08-25,0.4,12.2,46.6,139.0,12.0,0.0,0.0,-0.866,-0.5
0,16.4364,89.8681,2023-06-25,7.2,62.2,134.1,172.7,35.6,0.0,0.0,0.0,-1.0
0,24.6414,75.0284,2019-06-19,5.4,107.6,110.7,110.8,101.8,508.0,0.91,0.0,-1.0
0,9.1169,71.1378,2010-08-20,0.0,1.1,75.7,114.6,34.4,0.0,0.0,-0.866,-0.5
0,7.7312,96.5657,2013-10-27,11.8,17.6,40.1,104.2,11.8,0.0,0.0,-0.866,0.5
0,12.2878,81.1502,2017-03-18,0.0,0.0,3.3,15.4,2.8,0.0,0.0,1.0,0.0
0,15.5443,81.9889,2011-09-18,5.0,14.3,38.2,45.8,14.2,0.0,0.0,-1.0,-0.0
0,7.8143,73.6553,2018-07-09,8.3,11.6,47.6,95.2,19.4,0.0,0.0,-0.5,-0.866
0,33.3474,81.2302,2009-08-14,2.3,2.3,9.1,22.4,3.0,5017.0,22.5,-0.866,-0.5
0,20.9846,83.451,2007-11-26,0.0,0.0,0.0,0.0,0.0,152.0,1.43,-0.5,0.866
0,35.5246,76.5449,2013-11-02,0.4,6.0,14.5,14.6,5.3,6336.0,42.27,-0.5,0.866
0,28.7215,79.7261,2023-08-28,0.9,3.9,91.4,135.2,55.6,190.0,0.91,-0.866,-0.5
0,35.6462,72.8828,2019-09-13,2.2,4.4,15.1,30.7,4.0,4053.0,22.88,-1.0,-0.0
0,18.5255,76.0091,2013-05-06,0.0,0.0,2.4,7.2,2.4,692.0,1.46,0.5,-0.866
0,24.2634,68.2614,2021-10-17,0.0,0.0,0.0,0.1,0.0,2.0,0.29,-0.866,0.5
0,21.6145,89.2571,2014-05-28,3.4,27.1,52.2,52.2,17.4,0.0,0.0,0.5,-0.866
0,15.3909,75.9212,2008-04-08,0.0,0.0,0.0,19.8,0.0,591.0,0.57,0.866,-0.5
0,22.507,76.6094,2011-08-09,18.1,42.8,99.8,146.0,24.5,333.0,1.03,-0.866,-0.5
0,14.613,91.3233,2013-08-08,10.1,11.7,106.4,190.8,38.7,0.0,0.0,-0.866,-0.5
0,22.5378,68.0413,2018-06-20,0.0,0.0,1.5,1.6,0.7,0.0,0.0,0.0,-1.0
0,16.2369,95.9196,2011-10-09,1.5,21.5,69.8,144.0,15.7,2.0,0.0,-0.866,0.5
0,18.7503,86.0387,2007-06-02,0.0,0.0,0.0,0.5,0.0,0.0,0.0,0.0,-1.0
0,31.218,74.4687,2015-11-06,0.0,8.3,8.3,31.7,6.0,209.0,0.29,-0.5,0.866
0,35.6481,83.853,2010-12-25,0.0,0.0,0.0,0.5,0.0,4870.0,1.18,-0.0,1.0
0,28.1781,88.2994,2013-11-09,0.0,0.0,0.0,0.6,0.0,4783.0,18.19,-0.5,0.866
0,31.0054,74.5089,2019-06-19,0.0,18.7,18.7,18.7,10.1,197.0,0.41,0.0,-1.0
0,11.1692,74.8358,2011-08-12,11.5,34.9,100.5,220.6,23.2,0.0,0.0,-0.866,-0.5
0,11.9454,73.4583,2022-09-07,13.3,143.6,184.7,281.5,88.3,0.0,0.0,-1.0,-0.0
0,34.8007,73.322,2012-06-10,1.6,12.4,22.5,28.0,7.1,3629.0,29.05,0.0,-1.0
0,33.0576,92.1162,2009-08-07,0.0,10.6,25.7,71.4,8.8,5301.0,18.31,-0.866,-0.5
0,10.8057,80.5787,2019-07-21,12.1,13.2,15.9,40.5,12.1,0.0,0.0,-0.5,-0.866
0,9.507,83.54,2007-08-26,3.8,16.8,42.9,46.0,14.0,0.0,0.0,-0.866,-0.5
0,24.5988,79.1473,2007-01-27,0.0,0.0,0.0,0.0,0.0,309.0,0.91,0.5,0.866
0,29.4034,87.0122,2009-02-08,0.0,0.0,0.0,0.0,0.0,4743.0,20.07,0.866,0.5
0,14.5297,95.6887,2007-08-26,5.2,11.1,61.1,108.9,19.2,0.0,0.0,-0.866,-0.5
0,35.2285,71.137,2009-09-11,1.2,4.1,13.7,36.7,4.1,4022.0,19.04,-1.0,-0.0
0,12.5696,82.1726,2012-07-15,15.0,20.4,35.0,38.0,15.0,0.0,0.0,-0.5,-0.866
0,15.7215,82.1278,2015-05-18,0.6,32.7,38.3,38.3,20.8,0.0,0.0,0.5,-0.866
0,25.3246,71.6307,2016-09-04,0.0,0.0,24.2,186.7,19.4,70.0,3.64,-1.0,-0.0
0,9.577,94.1505,2014-07-01,4.2,7.9,14.5,34.4,4.2,0.0,0.0,-0.5,-0.866
0,10.9213,87.3333,2019-05-22,1.7,6.8,8.1,13.2,3.6,0.0,0.0,0.5,-0.866
0,27.103,89.0881,2012-10-16,0.3,2.3,20.2,69.0,10.1,2955.0,18.01,-0.866,0.5
0,8.7887,77.8449,2008-06-03,1.5,3.0,5.0,8.1,1.5,41.0,3.46,0.0,-1.0
0,24.6352,73.253,2012-07-20,0.1,1.5,6.1,137.2,1.5,554.0,13.02,-0.5,-0.866
0,26.883,72.4315,2016-08-10,3.6,51.9,87.8,114.2,36.1,288.0,2.82,-0.866,-0.5
0,16.9516,71.0657,2018-10-22,0.0,0.0,18.0,22.8,12.3,0.0,0.0,-0.866,0.5
0,34.4865,91.9162,2007-08-03,17.7,18.1,19.6,27.7,17.7,5015.0,22.92,-0.866,-0.5
0,32.3514,96.8525,2017-09-05,1.0,16.7,49.2,73.8,12.8,3930.0,32.09,-1.0,-0.0
0,10.9334,81.1775,2009-09-16,0.3,7.9,8.0,10.5,5.1,0.0,0.0,-1.0,-0.0
0,9.8949,80.6099,2009-08-05,0.0,0.0,2.7,3.0,1.3,0.0,0.0,-0.866,-0.5
0,16.1916,71.7623,2017-09-12,0.4,13.5,16.3,36.6,11.4,0.0,0.0,-1.0,-0.0
0,21.3262,82.198,2017-12-20,0.0,0.0,0.0,0.0,0.0,281.0,0.86,-0.0,1.0
0,10.6466,95.8489,2020-10-13,4.7,91.7,140.7,205.1,55.5,0.0,0.0,-0.866,0.5
0,22.9802,83.893,2014-07-18,55.2,78.8,143.7,260.2,55.2,791.0,3.04,-0.5,-0.866
0,18.0388,85.1384,2014-07-19,15.1,46.8,102.6,203.5,28.1,0.0,0.0,-0.5,-0.866
0,27.5928,74.9382,2007-01-28,0.0,0.0,0.0,0.0,0.0,386.0,0.64,0.5,0.866
0,17.372,81.9808,2008-04-04,3.2,11.6,22.2,101.7,7.2,137.0,0.81,0.866,-0.5
0,33.8409,78.6453,2011-09-25,0.0,0.0,0.0,3.8,0.0,5069.0,29.4,-1.0,-0.0
0,15.3409,72.2521,2014-09-14,2.7,10.4,15.7,46.5,4.2,0.0,0.0,-1.0,-0.0
0,12.8221,74.6253,2011-09-04,8.4,56.8,299.7,407.8,133.1,0.0,0.0,-1.0,-0.0
0,17.8238,68.7772,2008-11-12,0.0,0.0,0.0,0.0,0.0,0.0,0.0,-0.5,0.866
0,8.7131,92.7044,2011-10-01,1.1,19.1,48.1,92.9,19.0,0.0,0.0,-0.866,0.5
0,17.4573,70.3303,2020-03-19,0.0,0.0,0.0,0.3,0.0,0.0,0.0,1.0,0.0
0,10.9915,73.3815,2023-09-24,1.2,21.0,63.7,178.9,16.8,0.0,0.0,-1.0,-0.0
0,27.4569,76.8355,2021-07-11,14.4,16.1,16.1,16.5,14.4,236.0,0.29,-0.5,-0.866
0,29.9419,88.5098,2008-06-05,5.2,5.3,21.6,28.4,12.8,5370.0,29.1,0.0,-1.0
0,32.9347,68.9475,2012-09-17,0.0,0.0,16.2,71.0,10.7,2850.0,17.62,-1.0,-0.0
0,6.826,92.5641,2015-08-15,13.9,20.8,61.2,118.4,14.6,0.0,0.0,-0.866,-0.5
0,34.0745,82.8052,2012-08-14,8.5,14.7,47.6,89.6,14.4,5111.0,11.77,-0.866,-0.5
0,14.6548,70.7121,2013-06-05,5.2,27.2,75.6,95.6,24.8,0.0,0.0,0.0,-1.0
0,18.5121,69.6519,2009-06-27,8.9,12.0,214.6,214.6,157.0,0.0,0.0,0.0,-1.0
0,30.9968,81.8189,2019-06-21,0.8,0.8,12.2,12.5,5.6,5584.0,28.04,0.0,-1.0
0,31.3176,72.8623,2020-09-21,0.0,0.0,0.1,1.1,0.1,179.0,0.0,-1.0,-0.0
0,12.3419,71.1978,2017-03-20,0.0,0.0,0.6,0.6,0.6,0.0,0.0,1.0,0.0
0,7.3415,76.3251,2013-07-03,0.2,4.2,34.1,102.8,8.8,0.0,0.0,-0.5,-0.866
0,24.4133,90.3174,2013-06-18,10.0,10.0,28.1,77.5,10.0,13.0,1.54,0.0,-1.0
0,25.6517,68.9548,2008-06-19,0.0,0.0,0.0,0.2,0.0,19.0,0.29,0.0,-1.0
0,23.4122,91.3117,2009-02-11,0.0,0.0,0.0,0.1,0.0,33.0,5.06,0.866,0.5
0,34.8053,68.2501,2019-06-10,0.0,0.0,3.4,21.0,1.8,3815.0,30.27,0.0,-1.0
0,21.5065,77.2769,2011-06-12,0.4,7.7,30.3,46.7,10.7,650.0,0.91,0.0,-1.0
0,27.5797,70.8727,2023-07-24,13.6,17.4,37.2,37.7,13.6,125.0,0.0,-0.5,-0.866
0,9.5301,91.8211,2019-04-19,0.1,1.2,1.2,3.3,0.9,0.0,0.0,0.866,-0.5
0,20.8086,93.63,2011-02-06,0.0,0.0,0.0,0.0,0.0,612.0,31.9,0.866,0.5
0,26.9712,70.3232,2014-08-23,0.0,0.0,0.4,0.4,0.2,147.0,1.83,-0.866,-0.5
0,33.0321,91.8205,2012-08-25,1.1,1.6,22.1,48.8,11.9,5076.0,1.62,-0.866,-0.5
0,36.3025,82.7978,2023-12-20,0.0,0.0,2.1,7.5,1.5,4866.0,14.86,-0.0,1.0
0,34.4068,78.0718,2016-09-11,0.0,0.0,0.2,13.9,0.2,5343.0,4.79,-1.0,-0.0
0,17.3095,93.2506,2019-07-23,5.5,13.5,33.8,192.1,12.0,0.0,0.0,-0.5,-0.866
0,13.6733,97.4118,2022-08-05,39.2,102.0,169.8,218.0,41.8,0.0,0.0,-0.866,-0.5
0,9.4222,68.4408,2009-09-10,1.5,7.6,8.7,22.7,3.3,0.0,0.0,-1.0,-0.0
0,21.4674,81.4168,2012-05-10,0.0,0.0,0.0,2.5,0.0,279.0,0.64,0.5,-0.866
0,8.5449,85.0071,2012-06-03,0.0,0.0,0.0,12.2,0.0,0.0,0.0,0.0,-1.0
0,27.8197,81.5919,2021-12-09,0.0,0.0,2.3,2.3,1.9,136.0,0.81,-0.0,1.0
0,26.0088,72.1432,2022-04-19,0.0,0.0,0.0,0.0,0.0,123.0,0.29,0.866,-0.5
0,7.6878,93.3406,2011-07-28,9.9,28.7,78.6,98.4,19.7,0.0,0.0,-0.5,-0.866
0,19.7248,83.1181,2018-08-11,15.8,33.4,102.1,156.2,32.7,443.0,17.2,-0.866,-0.5
0,9.0047,80.1892,2008-07-22,4.7,18.2,27.1,36.0,7.3,30.0,0.91,-0.5,-0.866
0,25.1184,86.9941,2007-09-08,3.1,23.3,40.8,96.3,11.0,41.0,0.29,-1.0,-0.0
0,11.1369,71.1063,2019-06-19,2.1,4.2,17.7,311.4,8.3,0.0,0.0,0.0,-1.0
0,32.1149,74.58,2009-10-22,0.0,0.0,0.6,1.4,0.6,232.0,0.29,-0.866,0.5
0,16.9681,81.8204,2021-07-27,0.0,5.9,140.1,200.8,63.3,31.0,2.64,-0.5,-0.866
0,9.7736,73.3181,2020-04-13,0.2,2.5,7.6,15.3,2.8,0.0,0.0,0.866,-0.5
0,12.4841,77.6973,2022-06-20,1.6,11.0,48.8,62.8,18.0,961.0,8.52,0.0,-1.0
0,12.8791,89.8679,2008-04-15,0.0,0.0,0.0,0.0,0.0,0.0,0.0,0.866,-0.5
0,22.8524,95.9817,2017-04-07,0.0,0.2,8.6,12.0,5.9,143.0,9.89,0.866,-0.5
0,23.5462,97.1404,2018-09-02,14.8,39.2,100.9,243.3,35.1,262.0,24.23,-1.0,-0.0
0,30.1868,96.8675,2007-05-07,0.0,0.0,0.2,24.0,0.2,5082.0,29.97,0.5,-0.866
0,35.0794,88.1683,2012-06-21,0.1,7.8,11.6,36.9,4.9,5051.0,5.21,0.0,-1.0
0,9.0077,70.0431,2021-07-10,1.0,8.9,11.5,18.8,4.9,0.0,0.0,-0.5,-0.866
0,32.6387,83.4809,2012-08-09,6.9,14.8,34.3,87.4,10.6,4669.0,0.86,-0.866,-0.5
0,31.4165,70.727,2016-10-11,0.0,0.0,0.3,0.8,0.3,160.0,0.0,-0.866,0.5
0,11.436,78.3036,2012-07-16,0.8,10.9,19.5,40.9,5.5,309.0,2.31,-0.5,-0.866
0,35.4677,80.8851,2019-10-19,0.4,0.6,0.6,7.0,0.4,6348.0,38.88,-0.866,0.5
0,31.1905,84.5468,2009-10-07,1.1,2.2,6.8,6.8,4.5,4923.0,22.19,-0.866,0.5
0,10.8385,87.5899,2017-09-24,13.7,31.5,47.6,115.2,13.7,0.0,0.0,-1.0,-0.0
0,6.9256,94.4468,2017-11-16,4.7,9.1,54.6,131.4,16.4,0.0,0.0,-0.5,0.866
0,9.9082,96.6143,2007-07-17,4.0,14.9,30.1,111.4,7.8,0.0,0.0,-0.5,-0.866
0,36.1472,95.8281,2021-09-21,0.0,0.0,0.3,8.2,0.3,4168.0,37.24,-1.0,-0.0
0,25.6675,85.0621,2013-02-24,0.0,0.3,0.3,15.7,0.3,51.0,0.29,0.866,0.5
0,11.483,79.1379,2007-06-07,10.8,45.8,47.7,68.1,25.5,67.0,0.41,0.0,-1.0
0,17.6077,78.7319,2023-06-10,0.6,0.6,13.6,18.2,12.6,509.0,0.64,0.0,-1.0
0,31.0715,71.68,2020-07-15,0.0,0.0,1.0,3.8,1.0,155.0,2.02,-0.5,-0.866
0,18.8116,78.3902,2017-07-17,29.4,44.9,64.8,83.5,29.4,340.0,1.28,-0.5,-0.866
0,9.9014,73.1865,2012-07-06,1.2,4.3,29.2,117.5,9.5,0.0,0.0,-0.5,-0.866
0,22.7829,79.2561,2020-09-23,13.8,74.6,102.5,168.9,39.1,477.0,2.99,-1.0,-0.0
0,25.5232,88.7117,2010-11-28,0.0,0.0,0.0,0.5,0.0,31.0,0.29,-0.5,0.866
0,36.3609,91.7752,2007-04-21,3.2,5.5,7.1,8.5,3.2,4421.0,11.71,0.866,-0.5
0,24.9878,80.1328,2010-07-25,20.3,63.2,102.4,160.0,37.6,163.0,0.57,-0.5,-0.866
0,25.5058,82.8492,2016-09-22,0.8,20.4,48.8,140.1,12.0,80.0,1.54,-1.0,-0.0
0,32.0512,74.2502,2019-09-18,0.4,2.7,5.1,12.0,1.6,223.0,0.29,-1.0,-0.0
0,9.935,93.2621,2021-11-12,16.4,47.7,88.6,124.5,21.3,0.0,0.0,-0.5,0.866
0,18.888,92.2023,2019-08-24,13.2,36.0,63.2,201.5,15.3,0.0,0.0,-0.866,-0.5
0,6.7282,79.052,2015-05-10,22.9,48.4,54.7,72.7,22.9,0.0,0.0,0.5,-0.866
0,31.6545,91.4566,2007-07-08,5.7,21.5,58.0,71.9,10.7,4644.0,0.91,-0.5,-0.866
0,33.5056,80.2294,2018-01-05,0.0,0.0,0.7,0.7,0.7,4379.0,5.34,0.5,0.866
0,31.7231,83.3094,2017-09-11,0.0,0.2,1.0,26.6,0.5,5085.0,13.23,-1.0,-0.0
0,11.6123,84.8795,2019-07-18,3.7,9.2,18.8,42.1,5.3,0.0,0.0,-0.5,-0.866
0,12.2798,87.0108,2020-09-26,3.6,22.8,40.6,310.7,17.1,0.0,0.0,-1.0,-0.0
0,10.3661,86.7701,2019-12-06,0.0,4.6,42.1,82.6,17.0,0.0,0.0,-0.0,1.0
0,33.6251,83.2597,2011-07-04,0.6,5.2,22.6,37.2,12.0,5253.0,5.25,-0.5,-0.866
0,21.6277,86.6275,2015-09-27,0.4,0.9,11.1,122.7,9.1,45.0,2.64,-1.0,-0.0
0,31.6201,72.6921,2009-06-03,0.8,1.9,2.4,7.9,1.1,172.0,0.29,0.0,-1.0
0,7.2692,68.3404,2007-09-05,0.3,22.1,31.4,45.5,13.5,0.0,0.0,-1.0,-0.0
0,25.043,84.0383,2019-12-19,0.0,0.0,15.7,16.7,10.3,99.0,0.29,-0.0,1.0
0,7.2587,89.658,2018-12-21,2.9,41.2,88.3,255.9,23.4,0.0,0.0,-0.0,1.0
0,12.0967,87.2494,2014-05-07,12.8,35.4,52.4,52.9,14.5,0.0,0.0,0.5,-0.866
0,28.2894,91.8094,2008-06-09,0.8,8.3,21.0,29.5,5.9,4864.0,27.7,0.0,-1.0
0,14.7489,95.5818,2010-08-21,4.5,4.8,31.2,192.1,9.8,0.0,0.0,-0.866,-0.5
0,9.8279,95.3524,2016-04-05,0.0,0.0,0.3,0.4,0.3,0.0,0.0,0.866,-0.5
0,14.3598,73.3285,2018-03-28,0.0,0.0,0.0,23.2,0.0,0.0,0.0,1.0,0.0
0,33.8816,74.1352,2007-04-26,0.0,4.4,14.2,23.7,4.3,1711.0,34.99,0.866,-0.5
0,18.9124,82.3523,2020-08-07,4.9,17.4,100.6,154.5,31.8,581.0,2.08,-0.866,-0.5
0,17.7576,77.2508,2012-10-26,1.1,2.2,23.2,23.2,10.4,621.0,0.64,-0.866,0.5
0,11.8942,68.2991,2008-05-19,8.0,12.9,15.7,16.0,8.0,0.0,0.0,0.5,-0.866
0,16.9035,97.35,2012-08-01,23.9,69.6,173.8,502.8,41.1,6.0,0.0,-0.866,-0.5
0,22.1525,75.5078,2007-04-20,0.1,0.8,1.0,1.4,0.4,149.0,0.29,0.866,-0.5
0,22.5786,83.2809,2018-09-07,27.2,57.1,104.8,250.4,27.2,355.0,2.31,-1.0,-0.0
0,9.9437,74.4003,2009-06-08,9.3,42.5,73.1,173.1,28.9,0.0,0.0,0.0,-1.0
0,28.3323,95.7255,2013-06-16,3.0,4.2,7.2,54.5,3.0,1232.0,27.88,0.0,-1.0
0,35.0969,78.2823,2021-07-10,0.0,0.1,1.4,5.5,0.6,5775.0,34.09,-0.5,-0.866
0,28.8558,82.6262,2013-07-13,14.6,48.5,149.7,323.7,36.5,4879.0,48.32,-0.5,-0.866
0,14.0028,73.8374,2015-09-23,0.0,0.4,12.0,81.2,4.7,0.0,0.0,-1.0,-0.0
0,35.3561,71.0354,2016-09-19,0.2,0.4,11.8,16.8,6.4,4289.0,30.88,-1.0,-0.0
0,11.4696,74.072,2021-08-14,1.0,7.4,80.6,124.5,23.5,0.0,0.0,-0.866,-0.5
0,19.2121,90.0388,2010-09-20,4.7,40.6,106.2,195.3,29.3,0.0,0.0,-1.0,-0.0
0,24.7189,80.6647,2009-08-12,4.0,18.1,21.0,22.8,8.4,329.0,0.41,-0.866,-0.5
0,19.9821,94.2388,2020-11-09,0.0,0.3,4.1,72.9,1.8,1434.0,7.19,-0.5,0.866
0,15.3042,92.3872,2018-08-17,6.9,52.3,116.8,244.5,23.0,0.0,0.0,-0.866,-0.5
0,18.4492,71.3822,2012-09-14,1.6,3.4,23.1,124.4,7.7,0.0,0.0,-1.0,-0.0
0,17.2323,70.1429,2011-08-12,0.5,1.1,4.2,113.9,1.4,0.0,0.0,-0.866,-0.5
0,29.8854,71.608,2017-06-01,0.0,0.0,0.7,4.7,0.7,120.0,0.0,0.0,-1.0
0,12.9132,84.7403,2009-06-08,1.8,7.6,13.8,50.3,6.1,0.0,0.0,0.0,-1.0
0,18.0677,85.7532,2015-07-04,0.0,19.4,66.8,129.6,29.9,0.0,0.0,-0.5,-0.866
0,27.988,95.915,2009-09-22,4.2,61.9,117.8,144.2,40.6,194.0,1.18,-1.0,-0.0
0,23.7185,87.065,2017-08-14,4.5,50.2,102.7,175.6,35.9,126.0,1.43,-0.866,-0.5
0,30.9018,73.8454,2022-02-16,0.1,0.1,0.1,7.4,0.1,187.0,0.29,0.866,0.5
0,7.9038,76.0953,2012-04-15,0.4,1.9,8.3,11.5,4.1,0.0,0.0,0.866,-0.5
0,13.5927,68.6274,2007-01-26,0.0,0.0,0.0,0.0,0.0,0.0,0.0,0.5,0.866
0,33.8493,76.3888,2008-09-13,0.0,0.0,11.2,29.5,7.6,4084.0,1.03,-1.0,-0.0
0,33.3749,95.082,2007-02-21,0.0,0.2,1.7,8.8,0.8,4790.0,25.05,0.866,0.5
0,8.5836,70.806,2016-09-24,0.1,0.1,1.9,20.4,1.7,0.0,0.0,-1.0,-0.0
0,14.7402,90.2339,2017-07-18,10.8,57.6,130.2,190.7,25.8,0.0,0.0,-0.5,-0.866
0,21.3146,69.3886,2022-06-15,1.7,4.8,8.2,8.2,3.4,0.0,0.0,0.0,-1.0
0,31.9602,96.531,2010-04-12,0.0,0.0,2.7,13.4,2.2,4399.0,16.81,0.866,-0.5
0,7.3786,69.4111,2017-01-04,0.0,0.0,0.0,0.0,0.0,0.0,0.0,0.5,0.866
0,32.3417,89.3655,2013-05-03,0.0,1.9,3.2,11.9,1.9,4660.0,1.72,0.5,-0.866
0,28.2232,91.9623,2007-09-18,0.3,5.0,18.7,63.8,6.8,4974.0,10.64,-1.0,-0.0
0,34.5233,93.6064,2008-05-26,5.9,13.1,15.9,29.6,5.9,4790.0,8.15,0.5,-0.866
0,9.8241,95.9408,2019-03-11,0.0,0.0,0.0,1.3,0.0,0.0,0.0,1.0,0.0
0,14.5974,73.025,2010-04-15,0.0,0.0,0.0,0.0,0.0,0.0,0.0,0.866,-0.5
0,10.2887,93.4259,2020-09-28,40.8,51.0,61.8,220.8,40.8,0.0,0.0,-1.0,-0.0
0,25.6071,87.7129,2022-07-08,1.0,1.8,5.4,106.2,1.5,32.0,1.62,-0.5,-0.866
0,26.3381,96.8023,2022-06-24,40.9,146.6,285.6,613.7,56.8,215.0,3.85,0.0,-1.0
0,13.2749,75.7825,2018-06-03,6.8,26.9,80.8,125.5,43.7,1031.0,3.72,0.0,-1.0
0,26.2844,89.6904,2009-05-03,3.0,16.7,81.1,131.3,55.7,40.0,1.67,0.5,-0.866
0,35.653,69.7779,2021-01-07,0.3,0.3,0.3,0.3,0.3,3779.0,17.39,0.5,0.866
0,31.0553,73.5436,2023-04-07,0.0,0.8,29.7,76.2,27.0,185.0,0.57,0.866,-0.5
0,21.9178,77.2441,2021-11-23,0.0,4.9,7.4,7.4,2.8,533.0,5.55,-0.5,0.866
0,26.1587,93.0103,2014-04-05,0.0,0.0,0.1,4.8,0.1,78.0,0.0,0.866,-0.5
0,34.0009,79.3745,2023-07-20,2.3,2.4,16.8,28.1,12.3,6052.0,25.62,-0.5,-0.866
0,12.5906,79.806,2012-03-14,1.4,2.6,2.6,2.6,1.4,45.0,1.43,1.0,0.0
0,27.088,96.0691,2011-08-04,27.6,42.4,79.7,256.7,27.6,918.0,14.41,-0.866,-0.5
0,20.3286,71.1616,2021-04-01,0.0,0.0,0.0,0.0,0.0,0.0,0.0,0.866,-0.5
0,12.1109,68.8433,2018-08-15,0.8,8.1,14.7,16.7,7.0,0.0,0.0,-0.866,-0.5
0,14.4674,95.3444,2013-03-14,0.0,0.0,0.0,1.4,0.0,0.0,0.0,1.0,0.0
0,11.0186,82.8146,2021-07-02,7.9,8.6,18.5,37.5,7.9,0.0,0.0,-0.5,-0.866
0,14.6777,70.8855,2020-08-24,0.3,6.9,21.1,44.4,8.3,0.0,0.0,-0.866,-0.5
0,12.3179,73.5888,2023-05-09,0.0,0.0,0.2,29.0,0.2,0.0,0.0,0.5,-0.866
0,24.7234,83.2992,2014-04-02,0.0,0.0,0.0,0.1,0.0,325.0,0.64,0.866,-0.5
0,8.0941,69.0528,2010-05-03,0.0,7.8,25.6,58.6,7.8,0.0,0.0,0.5,-0.866
0,14.7638,94.0367,2019-08-13,5.2,36.8,81.3,295.2,26.0,0.0,0.0,-0.866,-0.5
0,18.2866,74.4867,2015-09-23,0.1,0.8,28.4,120.1,23.6,617.0,2.0,-1.0,-0.0
0,21.3551,73.0454,2016-05-21,0.0,0.0,0.0,0.1,0.0,39.0,0.91,0.5,-0.866
0,27.6756,76.4954,2023-01-06,0.0,0.0,0.0,0.0,0.0,383.0,0.64,0.5,0.866
0,33.7335,86.3525,2014-09-28,0.3,2.2,7.3,15.0,3.3,5000.0,5.86,-1.0,-0.0
0,11.607,88.1026,2021-04-11,2.3,3.8,6.1,8.6,2.3,0.0,0.0,0.866,-0.5
0,10.755,68.3757,2007-07-11,0.0,0.5,0.6,7.9,0.5,0.0,0.0,-0.5,-0.866
0,11.8255,75.783,2007-03-22,0.0,1.4,2.9,4.8,1.1,525.0,15.91,1.0,0.0
0,24.3202,96.6015,2014-08-16,1.8,31.9,57.2,94.5,20.9,93.0,0.0,-0.866,-0.5
0,20.677,69.3327,2016-01-22,0.0,0.0,0.0,0.0,0.0,0.0,0.0,0.5,0.866
0,31.5608,83.4954,2010-05-05,0.0,4.3,7.1,14.5,4.3,5943.0,35.25,0.5,-0.866
0,9.4998,91.7148,2018-06-16,11.0,22.1,37.6,133.4,11.0,0.0,0.0,0.0,-1.0
0,36.1938,75.5915,2021-07-12,0.2,0.2,1.1,3.7,0.9,5273.0,27.73,-0.5,-0.866
0,6.9068,78.4025,2022-08-17,0.3,0.3,0.4,17.2,0.3,0.0,0.0,-0.866,-0.5
0,9.8828,88.2306,2011-08-01,1.4,20.0,93.8,202.8,25.3,0.0,0.0,-0.866,-0.5
0,35.8591,93.2598,2018-08-05,0.4,2.0,18.1,43.3,13.2,4822.0,11.67,-0.866,-0.5
0,21.435,75.2089,2018-09-14,2.0,5.3,5.6,14.6,2.1,289.0,1.03,-1.0,-0.0
0,12.6892,70.6336,2010-10-13,1.5,6.6,14.8,95.6,8.2,0.0,0.0,-0.866,0.5
0,35.4636,93.8757,2023-08-15,3.8,15.0,20.5,50.5,11.2,4549.0,0.29,-0.866,-0.5
0,11.7486,94.8547,2019-06-11,22.3,66.0,103.0,155.4,29.2,0.0,0.0,0.0,-1.0
0,24.1744,95.8854,2008-06-07,24.8,62.1,154.9,273.9,45.0,223.0,2.45,0.0,-1.0
0,23.8855,88.7042,2020-09-04,1.0,5.4,38.9,159.6,23.9,12.0,0.0,-1.0,-0.0
0,30.36,84.7165,2016-09-12,0.6,4.9,5.2,11.7,3.1,5217.0,8.05,-1.0,-0.0
0,9.8057,68.2459,2021-10-05,4.5,21.5,37.5,94.2,11.4,0.0,0.0,-0.866,0.5
0,26.9277,83.434,2012-06-18,2.3,2.3,2.3,2.4,2.3,82.0,0.57,0.0,-1.0
0,15.6094,76.5037,2021-09-01,7.8,17.7,46.3,70.4,11.0,466.0,0.64,-1.0,-0.0
0,7.7286,76.349,2022-08-02,37.4,76.9,86.5,158.6,37.4,0.0,0.0,-0.866,-0.5
0,15.6746,80.6945,2008-08-01,4.2,5.2,19.7,92.4,8.5,0.0,0.0,-0.866,-0.5
0,14.043,78.3314,2023-06-28,0.8,2.1,10.4,41.8,3.2,553.0,3.2,0.0,-1.0
0,26.4598,90.6821,2015-04-03,1.9,50.7,55.7,66.4,36.5,47.0,0.29,0.866,-0.5
0,10.7793,89.6251,2016-07-03,0.0,0.6,42.0,172.8,21.7,0.0,0.0,-0.5,-0.866
0,13.0657,81.9587,2019-06-26,27.7,52.3,54.7,54.7,27.7,0.0,0.0,0.0,-1.0
0,19.1769,96.5238,2016-03-09,0.0,0.0,0.0,3.4,0.0,354.0,11.09,1.0,0.0
0,24.4112,73.1124,2011-07-11,1.5,38.7,74.9,83.0,22.6,311.0,2.36,-0.5,-0.866
0,26.9996,73.8854,2013-04-18,0.0,0.0,0.0,0.8,0.0,329.0,0.29,0.866,-0.5
0,15.5319,70.5251,2021-07-21,6.9,13.8,71.1,179.2,37.8,0.0,0.0,-0.5,-0.866
0,22.8749,79.091,2010-10-14,0.0,0.1,2.7,3.3,2.0,363.0,0.29,-0.866,0.5
0,10.6583,81.0361,2018-06-22,1.1,1.6,1.6,2.3,1.1,0.0,0.0,0.0,-1.0
0,20.5514,80.6162,2021-07-14,2.8,7.1,43.3,71.9,20.7,384.0,0.91,-0.5,-0.866
0,7.3302,84.4878,2009-11-14,28.8,67.4,106.9,258.0,28.8,0.0,0.0,-0.5,0.866
0,29.1757,86.1487,2023-06-08,0.0,0.0,0.0,1.3,0.0,4607.0,8.67,0.0,-1.0
0,17.6933,86.3162,2008-10-10,0.0,4.7,27.2,27.8,11.2,0.0,0.0,-0.866,0.5
0,18.5883,68.1756,2023-09-28,0.0,0.0,1.9,39.3,0.9,0.0,0.0,-1.0,-0.0
0,20.3066,69.6032,2010-02-27,0.0,0.0,0.0,0.0,0.0,0.0,0.0,0.866,0.5
0,16.5045,70.8733,2017-06-16,10.9,25.1,75.4,135.3,18.3,0.0,0.0,0.0,-1.0
0,32.4294,71.5826,2008-08-17,10.8,27.6,42.5,117.0,10.8,201.0,0.29,-0.866,-0.5
0,27.5472,83.2298,2011-07-16,6.3,22.6,77.4,157.8,17.8,103.0,0.29,-0.5,-0.866
0,13.2063,87.9326,2016-09-10,0.4,1.3,19.0,72.7,11.3,0.0,0.0,-1.0,-0.0
0,28.0743,95.6277,2013-09-20,0.4,0.4,1.9,15.6,0.7,178.0,0.29,-1.0,-0.0
0,9.9413,68.0011,2023-08-04,0.0,0.6,3.5,15.2,1.3,0.0,0.0,-0.866,-0.5
0,9.4059,74.0267,2023-07-27,14.3,27.9,64.2,91.2,26.3,0.0,0.0,-0.5,-0.866
0,19.8145,69.6418,2022-04-13,0.0,0.0,0.0,0.0,0.0,0.0,0.0,0.866,-0.5
0,35.9809,92.198,2015-09-18,1.6,10.7,12.1,38.5,5.1,4448.0,25.04,-1.0,-0.0
0,31.1506,88.099,2010-09-20,2.6,10.7,31.1,51.4,6.7,5683.0,25.7,-1.0,-0.0
0,19.4706,86.7678,2014-05-27,17.1,74.4,82.5,82.5,39.7,0.0,0.0,0.5,-0.866
0,11.6233,89.8791,2022-07-16,12.5,19.9,31.8,143.0,12.5,0.0,0.0,-0.5,-0.866
0,15.2011,87.6923,2018-11-16,0.0,11.5,160.2,162.3,71.4,0.0,0.0,-0.5,0.866
0,26.531,79.5401,2021-08-04,1.2,3.6,106.5,172.7,43.9,133.0,1.83,-0.866,-0.5
0,19.0069,80.5326,2010-01-15,0.0,21.1,21.8,21.8,20.6,258.0,11.8,0.5,0.866
0,23.4263,68.3251,2021-06-21,0.2,0.6,1.6,3.7,0.5,0.0,0.0,0.0,-1.0
0,7.779,94.7582,2021-11-15,15.2,28.2,77.3,167.1,22.4,0.0,0.0,-0.5,0.866
0,14.8071,96.9617,2023-06-28,14.1,32.5,90.1,229.6,23.8,0.0,0.0,0.0,-1.0
0,12.8234,94.6252,2009-07-17,31.1,56.0,145.1,206.4,34.9,0.0,0.0,-0.5,-0.866
0,11.7349,72.4664,2017-08-19,4.2,19.4,38.6,80.1,12.5,0.0,0.0,-0.866,-0.5
0,20.2845,93.3306,2016-04-26,0.0,4.2,6.9,6.9,4.0,13.0,11.54,0.866,-0.5
0,34.2043,70.0122,2019-09-16,0.0,0.0,1.2,16.7,1.2,1704.0,6.05,-1.0,-0.0
0,35.3767,85.8723,2023-05-23,0.0,0.3,9.6,14.9,6.7,4979.0,2.02,0.5,-0.866
0,29.7619,83.5003,2018-04-11,0.6,1.2,1.7,3.3,0.6,4736.0,4.37,0.866,-0.5
0,24.0348,92.4816,2012-03-01,2.3,16.9,16.9,16.9,14.6,349.0,27.81,1.0,0.0
0,13.4511,87.6252,2022-07-22,0.6,1.0,36.4,134.0,18.1,0.0,0.0,-0.5,-0.866
0,16.2098,74.8303,2014-09-24,4.3,4.5,6.7,22.8,4.3,555.0,0.86,-1.0,-0.0
0,9.663,93.9823,2020-08-13,1.9,16.9,64.9,178.2,17.2,0.0,0.0,-0.866,-0.5
0,34.1713,69.8268,2009-05-02,15.9,18.3,21.6,29.3,15.9,3408.0,33.4,0.5,-0.866
0,19.7459,79.0425,2012-08-01,7.2,42.6,92.5,166.8,17.7,215.0,0.29,-0.866,-0.5
0,16.1348,88.6124,2013-06-21,33.0,80.6,125.2,287.4,33.0,0.0,0.0,0.0,-1.0
0,12.3715,82.4875,2013-08-08,2.7,5.5,22.2,31.2,11.7,0.0,0.0,-0.866,-0.5
0,22.3559,91.3051,2010-03-01,0.0,0.0,21.4,22.4,21.4,0.0,0.0,1.0,0.0
0,12.6062,91.8953,2020-10-12,16.4,51.4,84.1,190.7,19.3,0.0,0.0,-0.866,0.5
0,23.5489,93.5025,2023-06-22,9.9,21.1,34.0,100.8,9.9,1333.0,19.47,0.0,-1.0
0,21.3853,92.5559,2023-08-16,17.8,31.8,78.6,447.9,21.9,506.0,23.12,-0.866,-0.5
0,17.0632,86.2451,2009-07-05,23.5,57.7,76.8,112.8,23.5,0.0,0.0,-0.5,-0.866
0,19.6663,86.4514,2009-10-19,0.0,0.0,0.0,88.5,0.0,0.0,0.0,-0.866,0.5
0,10.3158,83.2588,2014-04-16,0.0,0.0,0.0,0.4,0.0,0.0,0.0,0.866,-0.5
0,8.0444,83.9459,2016-01-27,0.0,1.2,8.8,12.5,5.8,0.0,0.0,0.5,0.866
0,27.5982,70.0046,2009-10-10,0.0,0.0,0.0,0.0,0.0,90.0,2.29,-0.866,0.5
0,22.5327,75.1213,2023-07-20,10.4,70.4,105.1,261.3,30.7,502.0,13.46,-0.5,-0.866
0,15.8672,86.25,2022-07-04,5.6,20.9,24.4,104.7,7.7,0.0,0.0,-0.5,-0.866
0,34.6078,97.0556,2017-08-02,0.0,11.4,12.4,43.5,9.6,4508.0,2.24,-0.866,-0.5
0,19.1422,73.9151,2011-10-02,2.6,13.1,13.3,18.6,6.3,679.0,0.57,-0.866,0.5
0,12.627,92.0945,2008-06-25,8.2,54.5,128.0,269.7,25.7,0.0,0.0,0.0,-1.0
0,13.5685,70.1509,2008-11-20,1.0,1.0,1.0,1.0,1.0,0.0,0.0,-0.5,0.866
0,16.8754,70.0875,2009-07-24,2.9,7.3,11.8,68.7,3.8,0.0,0.0,-0.5,-0.866
0,33.1256,82.1238,2008-04-24,0.0,0.0,0.0,3.2,0.0,4470.0,1.22,0.866,-0.5
0,9.6218,82.6496,2020-05-12,2.3,15.0,15.9,17.4,7.8,0.0,0.0,0.5,-0.866
0,20.8278,91.0555,2007-10-08,23.0,112.5,128.6,212.8,62.3,0.0,0.0,-0.866,0.5
0,34.4374,68.7774,2019-09-07,0.0,0.0,0.2,0.5,0.1,2397.0,33.29,-1.0,-0.0
0,26.9582,89.7687,2019-07-02,7.7,19.9,411.0,594.1,201.9,1713.0,32.19,-0.5,-0.866
0,29.4704,88.5155,2011-07-14,12.0,26.8,44.7,100.1,12.0,4202.0,22.67,-0.5,-0.866
0,9.9675,71.4808,2018-08-12,2.4,6.0,7.6,13.9,2.6,0.0,0.0,-0.866,-0.5
0,12.3094,80.8775,2009-02-08,0.0,0.0,0.0,0.0,0.0,0.0,0.0,0.866,0.5
0,24.1585,74.7002,2008-09-26,0.0,0.5,1.0,35.2,0.5,415.0,3.2,-1.0,-0.0
0,36.2282,68.4395,2008-08-27,0.0,0.0,0.0,0.0,0.0,1774.0,3.76,-0.866,-0.5
0,8.7984,71.7381,2017-05-02,0.3,0.7,0.7,2.3,0.4,0.0,0.0,0.5,-0.866
0,16.99,87.3287,2011-05-10,0.0,3.7,4.1,7.1,3.4,0.0,0.0,0.5,-0.866
0,24.6837,82.1217,2009-04-03,0.0,0.0,0.2,1.8,0.2,386.0,0.29,0.866,-0.5
0,14.006,84.0376,2018-07-24,1.4,5.2,17.6,105.3,7.6,0.0,0.0,-0.5,-0.866
0,33.4292,93.3334,2018-07-10,0.2,8.2,22.4,69.5,5.1,4780.0,13.04,-0.5,-0.866
0,29.9063,76.6342,2015-08-17,0.9,17.0,42.8,125.9,13.5,244.0,0.29,-0.866,-0.5
0,16.0658,83.9719,2020-04-12,0.0,0.0,0.0,0.0,0.0,0.0,0.0,0.866,-0.5
0,27.6651,86.3452,2011-06-07,1.6,4.2,11.7,81.5,4.6,2532.0,29.12,0.0,-1.0
0,31.7428,83.3694,2013-06-18,4.3,8.6,11.7,11.7,4.3,5004.0,5.89,0.0,-1.0
0,10.1824,89.3849,2014-09-02,5.4,13.4,16.4,50.6,7.5,0.0,0.0,-1.0,-0.0
0,20.1129,71.37,2015-07-02,0.1,0.1,2.1,203.4,1.3,0.0,0.0,-0.5,-0.866
0,14.839,79.3332,2008-09-03,2.9,6.4,8.4,25.4,2.9,154.0,0.57,-1.0,-0.0
0,14.8728,85.9876,2019-07-28,34.3,63.7,82.4,127.0,34.3,0.0,0.0,-0.5,-0.866
0,18.0399,69.3103,2020-05-06,0.0,0.0,0.0,0.0,0.0,0.0,0.0,0.5,-0.866
0,22.4748,87.4819,2018-01-25,0.0,0.0,0.0,0.0,0.0,17.0,1.28,0.5,0.866
0,34.6167,94.8466,2015-09-11,1.5,5.6,24.8,68.1,8.8,4371.0,4.61,-1.0,-0.0
0,30.8073,85.4333,2020-09-11,0.0,1.6,2.0,14.3,1.3,5187.0,14.47,-1.0,-0.0
0,32.4723,91.0871,2008-10-25,0.0,2.3,5.3,12.7,1.8,4984.0,4.89,-0.866,0.5
0,30.7219,84.3222,2016-11-22,0.0,0.0,0.0,0.0,0.0,4756.0,0.57,-0.5,0.866
0,32.2554,95.6703,2023-07-19,0.6,5.8,30.9,101.8,10.9,4478.0,23.76,-0.5,-0.866
0,14.303,96.329,2011-07-08,0.7,2.7,58.9,125.9,26.0,0.0,0.0,-0.5,-0.866
0,33.7314,76.2807,2009-08-09,0.2,2.3,2.3,11.6,1.8,5165.0,31.69,-0.866,-0.5
0,36.4642,90.7545,2019-06-19,8.7,20.0,25.5,33.8,8.7,4890.0,2.18,0.0,-1.0
0,7.6582,76.091,2007-06-09,11.0,32.6,58.0,147.4,14.9,0.0,0.0,0.0,-1.0
0,10.2292,84.769,2012-06-09,1.1,3.2,3.4,3.8,1.1,0.0,0.0,0.0,-1.0
0,19.8143,68.5094,2018-01-02,0.0,0.0,0.0,0.0,0.0,0.0,0.0,0.5,0.866
0,20.9062,92.9076,2009-05-02,0.9,0.9,2.0,32.6,1.1,4.0,0.64,0.5,-0.866
0,14.7934,86.0047,2021-06-03,0.9,1.5,1.7,269.2,0.9,0.0,0.0,0.0,-1.0
0,11.8941,90.5963,2022-06-28,0.1,13.2,62.5,76.4,18.3,0.0,0.0,0.0,-1.0
0,10.3167,86.595,2008-04-20,0.0,0.0,0.7,30.2,0.4,0.0,0.0,0.866,-0.5
0,13.4802,87.3107,2021-05-17,0.1,0.7,8.9,16.6,5.2,0.0,0.0,0.5,-0.866
0,23.8967,69.2377,2015-08-02,0.0,0.4,128.2,184.5,93.6,2.0,0.0,-0.866,-0.5
0,35.7585,68.4755,2018-09-28,0.0,0.0,0.0,0.0,0.0,1625.0,34.05,-1.0,-0.0
0,22.7132,69.3196,2009-05-04,0.0,0.0,0.0,0.0,0.0,0.0,0.0,0.5,-0.866
0,21.7081,71.3389,2017-03-07,0.0,0.0,0.0,0.0,0.0,128.0,0.29,1.0,0.0
0,23.611,92.4596,2020-08-03,29.2,43.6,65.2,151.5,29.2,816.0,14.1,-0.866,-0.5
0,32.7756,72.2208,2018-06-26,0.0,0.0,5.7,16.9,2.4,602.0,2.95,0.0,-1.0
0,16.5496,80.0401,2016-08-16,0.0,0.0,0.0,20.3,0.0,79.0,0.29,-0.866,-0.5
0,25.1575,72.7292,2007-02-05,0.0,0.0,0.0,0.9,0.0,185.0,0.29,0.866,0.5
0,9.687,74.2386,2023-06-23,0.2,3.9,43.7,123.9,15.5,0.0,0.0,0.0,-1.0
0,30.004,89.0288,2008-11-13,0.0,0.0,0.0,6.7,0.0,5406.0,25.16,-0.5,0.866
0,26.2118,72.4272,2009-09-21,0.0,0.0,0.0,1.6,0.0,171.0,0.64,-1.0,-0.0
0,35.1554,96.2794,2023-12-19,0.0,0.1,1.2,1.5,1.1,4417.0,0.86,-0.0,1.0
0,36.4344,86.5946,2010-09-18,4.2,4.9,10.9,13.7,4.2,4945.0,0.57,-1.0,-0.0
0,31.9279,83.5688,2023-02-16,0.0,0.0,0.0,0.1,0.0,5132.0,22.3,0.866,0.5
0,22.1101,77.3497,2016-05-19,0.0,0.0,0.0,3.4,0.0,499.0,3.89,0.5,-0.866
0,30.4702,96.8355,2010-05-11,9.1,14.9,15.3,27.3,9.1,5388.0,24.09,0.5,-0.866
0,27.2922,81.1277,2018-11-14,0.0,0.0,0.0,0.0,0.0,127.0,0.91,-0.5,0.866
0,8.8907,84.5335,2022-03-12,0.7,5.3,6.3,131.0,3.7,0.0,0.0,1.0,0.0
0,24.6566,81.2446,2011-07-19,5.6,21.5,66.4,122.2,14.9,300.0,0.29,-0.5,-0.866
0,33.778,87.8861,2015-08-20,0.0,4.5,23.2,44.1,7.0,5288.0,5.42,-0.866,-0.5
0,10.0389,80.0508,2022-07-05,0.6,6.8,13.0,15.0,6.2,0.0,0.0,-0.5,-0.866
0,25.4789,90.793,2007-10-15,5.6,20.8,83.6,197.5,57.7,230.0,7.66,-0.866,0.5
0,11.5031,80.3495,2022-09-23,0.0,0.0,1.8,3.0,1.3,0.0,0.0,-1.0,-0.0
0,28.7856,71.7287,2007-02-14,0.1,4.7,29.0,29.0,16.0,115.0,0.29,0.866,0.5
0,27.2014,97.203,2023-04-28,8.0,12.7,50.2,84.3,15.9,1663.0,28.01,0.866,-0.5
0,34.0587,94.6757,2014-06-13,2.1,15.8,42.7,54.1,8.9,4826.0,6.87,0.0,-1.0
0,27.8595,71.5114,2010-10-11,0.1,0.1,0.1,0.1,0.1,111.0,0.29,-0.866,0.5
0,36.324,69.3345,2021-09-12,0.0,0.0,0.0,0.0,0.0,1251.0,6.15,-1.0,-0.0
0,33.8202,86.6095,2016-09-14,0.9,1.8,10.4,30.5,5.8,4882.0,2.31,-1.0,-0.0
0,29.2298,88.6534,2023-09-24,0.7,17.6,39.0,45.9,15.0,4203.0,27.48,-1.0,-0.0
0,9.0137,94.4202,2021-08-12,11.9,91.3,110.8,151.0,49.9,0.0,0.0,-0.866,-0.5
0,17.8812,80.9383,2015-07-19,2.4,7.4,31.3,33.1,14.6,79.0,2.06,-0.5,-0.866
0,34.843,70.8585,2008-06-11,1.0,7.5,8.0,9.3,4.8,2467.0,21.8,0.0,-1.0
0,23.4239,94.4704,2020-08-28,0.0,8.4,59.3,167.3,30.1,200.0,4.76,-0.866,-0.5
0,15.0577,79.33,2008-09-05,16.5,20.7,24.3,39.2,16.5,132.0,0.64,-1.0,-0.0
0,30.9196,89.6715,2020-12-07,0.0,0.0,0.0,0.0,0.0,4660.0,0.0,-0.0,1.0
0,22.074,84.9666,2018-08-04,2.8,18.0,111.5,362.4,34.1,279.0,8.33,-0.866,-0.5
0,15.0437,71.4973,2014-06-15,2.2,3.5,22.6,29.7,7.2,0.0,0.0,0.0,-1.0
0,33.0605,76.5101,2010-10-20,1.0,1.6,2.1,7.2,1.0,5054.0,53.49,-0.866,0.5
0,34.2355,87.6598,2023-04-07,0.0,0.6,9.2,12.4,6.8,5112.0,1.92,0.866,-0.5
0,29.1459,68.8068,2013-10-18,0.0,0.0,3.1,6.8,3.1,518.0,2.83,-0.866,0.5
0,6.7,92.5589,2016-01-07,0.0,1.2,18.0,18.0,9.2,0.0,0.0,0.5,0.866
0,34.7542,84.8494,2011-08-17,1.6,13.5,43.5,48.3,17.8,5150.0,1.83,-0.866,-0.5
0,9.7884,88.8365,2020-09-15,13.9,45.1,138.1,203.4,27.5,0.0,0.0,-1.0,-0.0
0,21.2977,70.5625,2010-04-09,0.0,0.0,0.0,0.0,0.0,135.0,0.57,0.866,-0.5
0,35.5532,91.7074,2009-09-08,8.0,15.7,47.6,63.8,13.9,4856.0,5.06,-1.0,-0.0
0,16.3135,82.9583,2023-06-21,3.2,7.1,7.2,35.9,3.9,0.0,0.0,0.0,-1.0
0,26.6624,70.1856,2020-08-02,0.0,0.2,0.2,6.5,0.2,98.0,0.64,-0.866,-0.5
0,9.5132,88.8006,2008-07-07,1.6,9.1,18.8,49.0,5.6,0.0,0.0,-0.5,-0.866
0,34.9755,86.5049,2019-05-19,0.4,7.3,10.8,14.7,5.9,4841.0,0.29,0.5,-0.866
0,32.6634,74.4962,2011-05-16,0.0,0.0,4.7,14.5,3.5,246.0,0.0,0.5,-0.866
0,21.0352,73.5196,2013-07-05,4.1,59.3,69.2,128.6,37.3,123.0,2.59,-0.5,-0.866
0,25.5432,70.617,2013-07-24,0.1,0.1,0.4,6.2,0.3,138.0,0.29,-0.5,-0.866
0,6.5959,69.9842,2012-07-07,3.1,12.0,42.7,76.4,14.7,0.0,0.0,-0.5,-0.866
0,7.6644,88.2955,2014-08-21,7.5,15.7,70.4,96.0,16.7,0.0,0.0,-0.866,-0.5
0,25.6314,82.2849,2016-08-06,1.8,2.9,41.3,129.8,17.8,86.0,0.0,-0.866,-0.5
0,31.7208,93.8137,2019-08-16,0.2,0.2,16.5,75.9,13.5,3943.0,24.24,-0.866,-0.5
0,24.4353,84.0307,2010-06-08,0.0,0.0,0.0,1.6,0.0,196.0,2.06,0.0,-1.0
0,35.3876,94.4561,2021-09-14,3.0,20.4,21.3,39.1,13.7,4908.0,6.13,-1.0,-0.0
0,16.2619,87.5413,2017-04-15,1.1,1.8,1.8,1.9,1.1,0.0,0.0,0.866,-0.5
0,26.3184,78.2536,2022-06-05,0.0,0.0,0.0,5.5,0.0,183.0,0.57,0.0,-1.0
0,31.7036,93.4883,2014-08-22,7.6,36.8,70.4,141.8,15.1,5338.0,33.73,-0.866,-0.5
0,7.3689,75.9038,2020-05-28,16.0,42.4,46.8,154.5,21.3,0.0,0.0,0.5,-0.866
0,8.3241,90.7681,2020-05-11,4.0,6.6,43.4,91.5,16.4,0.0,0.0,0.5,-0.866
0,18.2414,81.0376,2015-06-02,9.1,9.3,9.9,9.9,9.1,142.0,1.74,0.0,-1.0
0,21.0652,74.459,2016-08-02,7.0,22.3,46.4,71.5,17.0,370.0,1.03,-0.866,-0.5
0,19.9291,74.5286,2013-10-18,0.0,0.3,4.2,45.1,1.5,522.0,0.64,-0.866,0.5
0,29.8866,71.2543,2017-12-20,0.6,0.6,0.6,16.8,0.6,115.0,0.29,-0.0,1.0
0,10.3765,83.9231,2019-11-01,4.4,12.7,81.4,208.1,26.9,0.0,0.0,-0.5,0.866
0,9.2076,88.7896,2009-10-25,8.8,14.1,20.2,31.8,8.8,0.0,0.0,-0.866,0.5
0,26.1479,83.3001,2012-06-07,0.0,0.0,0.0,0.0,0.0,77.0,2.18,0.0,-1.0
0,31.6445,79.668,2012-08-10,7.0,7.6,13.5,22.1,7.0,4165.0,5.99,-0.866,-0.5
0,12.9685,89.6334,2007-11-02,1.2,2.5,53.2,96.6,27.2,0.0,0.0,-0.5,0.866
0,29.1537,83.5334,2022-07-26,5.6,13.6,32.3,62.6,6.9,5335.0,32.98,-0.5,-0.866
0,7.7686,76.3511,2014-01-21,0.0,0.0,0.9,2.5,0.7,0.0,0.0,0.5,0.866
0,7.5133,90.1225,2019-09-13,0.9,5.9,36.4,53.8,9.5,0.0,0.0,-1.0,-0.0
0,10.4358,89.8455,2009-06-03,3.2,4.9,108.2,229.5,45.6,0.0,0.0,0.0,-1.0
0,8.7167,89.3023,2007-09-14,27.6,61.8,82.9,129.6,27.6,0.0,0.0,-1.0,-0.0
0,6.9423,92.4924,2010-08-05,0.0,6.0,64.7,127.0,22.7,0.0,0.0,-0.866,-0.5
0,28.5762,91.3823,2016-05-20,0.3,7.7,17.7,25.9,7.4,5133.0,3.16,0.5,-0.866
0,30.0432,80.542,2015-09-10,0.0,0.9,12.9,37.2,3.4,2863.0,13.94,-1.0,-0.0
0,20.2672,70.9405,2022-12-19,0.0,0.0,0.0,0.0,0.0,0.0,0.0,-0.0,1.0
0,17.7974,80.6713,2015-05-14,0.0,2.0,2.6,3.3,1.9,164.0,0.64,0.5,-0.866
0,21.0005,94.7761,2019-07-08,2.1,19.8,37.8,69.4,15.8,75.0,0.91,-0.5,-0.866
0,7.0164,82.6625,2010-06-12,0.0,3.5,11.6,12.9,3.8,0.0,0.0,0.0,-1.0
0,20.0681,85.0474,2014-01-25,0.0,0.0,0.0,0.9,0.0,161.0,4.52,0.5,0.866
0,19.9126,82.0658,2017-04-10,0.0,0.0,3.0,9.9,2.3,662.0,1.03,0.866,-0.5
0,10.8131,86.5825,2012-03-18,0.0,0.0,1.7,3.8,1.7,0.0,0.0,1.0,0.0
0,12.7305,95.7918,2011-08-03,0.3,32.5,167.6,369.2,45.2,0.0,0.0,-0.866,-0.5
0,18.5959,92.7231,2014-07-27,22.2,40.3,118.0,438.2,26.9,0.0,0.0,-0.5,-0.866
0,8.268,82.5558,2017-07-24,0.0,0.0,2.5,2.9,1.4,0.0,0.0,-0.5,-0.866
0,31.5297,69.077,2020-08-20,0.2,0.2,0.6,6.8,0.2,1894.0,5.09,-0.866,-0.5
0,12.7767,84.5911,2017-07-16,6.3,18.0,33.3,50.8,8.8,0.0,0.0,-0.5,-0.866
0,20.3412,82.2484,2009-07-24,0.0,0.7,138.4,416.3,69.1,456.0,0.64,-0.5,-0.866
0,34.1369,80.5582,2007-03-05,0.0,0.0,5.4,5.8,3.2,5094.0,10.48,1.0,0.0
0,11.3628,90.0704,2010-04-15,0.0,0.0,0.0,0.7,0.0,0.0,0.0,0.866,-0.5
0,7.6719,80.5134,2023-05-26,1.1,1.3,12.3,22.5,4.7,162.0,1.43,0.5,-0.866
0,21.1158,90.0953,2007-07-13,3.5,16.6,51.3,402.3,21.0,0.0,0.0,-0.5,-0.866
0,15.4025,80.8466,2015-06-22,0.0,34.1,228.2,242.6,88.8,0.0,0.0,0.0,-1.0
0,22.1744,86.1455,2012-06-21,28.1,97.2,102.9,105.3,42.7,270.0,0.64,0.0,-1.0
0,10.7455,83.4359,2018-05-20,2.7,9.3,26.5,61.9,8.3,0.0,0.0,0.5,-0.866
0,22.0814,75.4116,2011-07-11,37.6,64.0,119.0,136.8,37.6,178.0,0.91,-0.5,-0.866
0,11.4271,89.0949,2020-07-11,6.4,17.8,37.1,137.8,8.8,0.0,0.0,-0.5,-0.866
0,11.8768,81.8796,2016-12-01,0.8,11.3,11.3,16.8,10.5,0.0,0.0,-0.0,1.0
0,27.5439,73.8784,2017-03-15,0.0,0.0,0.1,1.0,0.1,305.0,0.64,1.0,0.0
0,9.3414,86.4367,2018-08-03,0.5,2.0,11.0,14.1,3.1,0.0,0.0,-0.866,-0.5
0,16.8487,68.4168,2020-05-10,0.0,0.0,0.0,0.0,0.0,0.0,0.0,0.5,-0.866
0,24.0341,77.0196,2015-08-13,29.7,50.0,128.0,268.8,29.9,456.0,7.46,-0.866,-0.5
0,23.3334,86.9272,2011-05-19,13.3,21.5,23.6,64.7,13.3,144.0,1.67,0.5,-0.866
0,9.5893,74.385,2010-05-19,5.7,9.1,11.3,45.0,5.7,0.0,0.0,0.5,-0.866
0,10.3011,83.4084,2017-08-13,8.4,15.6,35.8,64.0,8.4,0.0,0.0,-0.866,-0.5
0,23.7697,93.1753,2022-08-26,3.8,8.4,43.3,92.7,13.3,758.3,0.69,-0.866,-0.5
0,12.7792,68.0788,2009-05-07,0.0,0.0,0.0,0.0,0.0,0.0,0.0,0.5,-0.866
0,34.3864,86.1402,2007-04-16,0.5,0.6,0.8,6.3,0.5,5265.1,0.07,0.866,-0.5
0,16.2001,94.4306,2021-02-17,0.0,0.0,0.0,0.6,0.0,11.5,0.02,0.866,0.5
0,19.2622,81.9148,2010-06-25,12.9,27.6,93.0,130.1,46.0,600.6,0.08,0.0,-1.0
0,13.7232,79.6008,2022-09-23,0.0,0.6,2.0,11.0,0.6,302.8,0.29,-1.0,-0.0
0,17.1497,92.7402,2013-06-03,4.8,11.0,79.3,211.4,42.6,0.0,0.0,0.0,-1.0
0,35.1608,95.892,2011-09-23,3.6,11.3,22.6,30.4,8.2,4622.6,0.3,-1.0,-0.0
0,31.6963,84.5343,2015-07-26,0.0,0.0,0.3,8.9,0.2,4810.4,0.28,-0.5,-0.866
0,27.061,84.4582,2012-07-12,15.4,59.8,139.7,176.9,48.7,116.4,0.27,-0.5,-0.866
0,7.2589,78.7878,2018-07-22,0.0,0.0,0.8,20.9,0.8,0.0,0.0,-0.5,-0.866
0,28.3547,74.3065,2019-07-07,0.3,3.4,3.8,3.9,3.1,240.8,0.08,-0.5,-0.866
0,17.7262,95.5292,2021-12-07,0.0,0.0,0.0,40.2,0.0,13.7,0.03,-0.0,1.0
0,17.3297,73.7492,2010-08-11,10.9,26.7,77.8,352.4,18.4,518.2,0.56,-0.866,-0.5
0,33.8312,95.0163,2015-07-01,3.6,11.2,19.3,69.7,6.4,4840.3,0.04,-0.5,-0.866
0,7.5058,76.1111,2015-07-02,5.9,16.8,58.4,71.2,14.8,0.0,0.0,-0.5,-0.866
0,14.7252,69.6882,2022-08-01,0.2,1.2,2.2,8.2,0.7,0.0,0.0,-0.866,-0.5
0,36.4169,86.6511,2010-07-16,1.4,12.5,23.0,49.6,8.4,5047.8,0.21,-0.5,-0.866
0,7.6458,68.8507,2012-10-05,1.2,1.6,2.4,7.2,1.2,0.0,0.0,-0.866,0.5
0,32.6274,71.8836,2010-07-28,24.2,41.2,46.7,130.8,24.2,417.0,2.59,-0.5,-0.866
0,8.1814,86.8056,2015-02-04,0.0,5.8,14.0,17.2,4.8,0.0,0.0,0.866,0.5
0,36.0021,73.7284,2017-08-01,3.9,5.5,19.4,91.1,8.1,4541.0,29.99,-0.866,-0.5
0,31.6182,93.0228,2012-06-23,5.2,11.8,33.1,70.6,9.5,4940.0,6.63,0.0,-1.0
0,33.6717,85.312,2007-11-17,0.0,0.0,0.2,0.7,0.2,5265.0,5.43,-0.5,0.866
0,34.7164,79.8936,2008-09-22,0.1,1.9,7.6,14.9,5.2,5418.0,1.92,-1.0,-0.0
0,8.4486,92.3389,2015-07-24,0.0,2.2,32.6,91.6,9.7,0.0,0.0,-0.5,-0.866
0,9.0191,81.0803,2023-06-07,0.0,0.0,0.0,5.8,0.0,0.0,0.0,0.0,-1.0
0,18.7775,86.7413,2016-09-01,13.3,39.3,59.2,80.2,13.8,0.0,0.0,-1.0,-0.0
0,14.7129,78.3452,2009-06-19,2.1,5.7,10.5,41.2,3.6,205.0,0.57,0.0,-1.0
0,23.4857,81.6587,2012-04-03,0.0,0.0,0.0,0.0,0.0,503.0,1.22,0.866,-0.5
0,28.3865,73.4769,2012-08-01,0.0,1.9,8.8,10.1,5.4,209.0,1.03,-0.866,-0.5
0,30.1621,74.417,2014-06-03,0.0,0.0,5.0,5.9,5.0,192.0,0.41,0.0,-1.0
0,15.7335,88.0863,2013-11-28,1.7,32.2,35.8,197.9,27.3,0.0,0.0,-0.5,0.866
0,28.9223,89.7743,2016-06-13,2.9,14.0,22.7,36.5,6.9,4497.0,16.62,0.0,-1.0
0,11.8401,72.1426,2013-06-08,4.6,17.1,102.9,212.4,44.2,0.0,0.0,0.0,-1.0
0,14.684,73.8771,2021-12-09,0.0,0.0,24.6,78.5,20.1,0.0,0.0,-0.0,1.0
0,14.4364,82.4516,2023-08-12,0.5,24.3,31.4,42.0,15.9,0.0,0.0,-0.866,-0.5
0,19.9902,86.6153,2019-09-02,13.1,33.2,113.6,211.7,38.5,0.0,0.0,-1.0,-0.0
0,11.1711,84.777,2018-12-14,47.5,55.4,59.0,70.6,47.5,0.0,0.0,-0.0,1.0
0,25.8802,88.1195,2023-06-11,25.7,31.0,32.1,33.9,25.7,38.0,0.29,0.0,-1.0
0,23.0483,89.9224,2013-06-17,0.2,2.0,33.8,91.4,10.6,2.0,0.0,0.0,-1.0
0,14.2464,81.7968,2023-01-04,0.0,0.2,0.2,0.2,0.2,0.0,0.0,0.5,0.866
0,26.25,73.4996,2017-04-19,0.0,0.0,0.0,0.0,0.0,251.0,0.57,0.866,-0.5
0,17.6685,79.1483,2017-08-02,0.3,1.1,4.7,16.6,2.2,364.0,0.41,-0.866,-0.5
0,32.5799,68.233,2017-07-11,0.1,0.1,0.9,3.3,0.8,2005.0,0.29,-0.5,-0.866
0,25.9364,70.9561,2012-10-10,0.0,0.0,0.0,0.0,0.0,229.0,0.29,-0.866,0.5
0,20.5052,73.4917,2021-01-26,0.0,0.0,0.0,0.4,0.0,331.0,5.89,0.5,0.866
0,24.3072,88.4877,2014-08-16,19.5,81.5,108.8,169.2,34.3,16.0,0.86,-0.866,-0.5
0,14.0772,79.0098,2019-06-22,11.5,11.9,12.0,15.0,11.5,507.0,2.0,0.0,-1.0
0,15.5052,96.6376,2023-10-25,1.0,16.9,35.0,72.0,15.0,0.0,0.0,-0.866,0.5
0,9.7357,80.5639,2019-06-19,0.0,0.0,0.0,2.7,0.0,0.0,0.0,0.0,-1.0
0,24.2923,72.8388,2023-04-10,0.0,0.0,0.0,19.8,0.0,448.0,1.67,0.866,-0.5
0,12.4539,96.6866,2017-09-05,10.0,26.8,34.9,174.0,12.9,0.0,0.0,-1.0,-0.0
0,30.1571,69.5871,2011-03-26,0.0,0.0,0.0,0.0,0.0,1565.0,17.32,1.0,0.0
0,30.5447,81.532,2011-04-01,0.0,0.0,0.0,1.4,0.0,4696.0,3.66,0.866,-0.5
0,12.5122,73.076,2014-06-06,14.5,32.7,54.2,54.2,14.5,0.0,0.0,0.0,-1.0
0,32.2329,80.8782,2018-08-05,10.0,15.1,30.1,84.4,10.0,4498.0,0.29,-0.866,-0.5
0,6.6483,72.7002,2019-03-18,0.3,0.7,2.8,4.3,1.3,0.0,0.0,1.0,0.0
0,27.4634,94.9286,2021-08-27,8.8,37.9,123.5,260.7,30.1,104.0,0.41,-0.866,-0.5
0,27.6867,90.5102,2017-03-05,4.7,18.6,56.6,140.3,19.7,3708.0,15.17,1.0,0.0
0,29.3913,71.939,2020-09-10,0.0,0.0,23.5,154.9,21.0,128.0,0.86,-1.0,-0.0
0,24.4082,83.7564,2007-06-22,2.1,11.0,51.4,118.7,23.2,196.0,1.15,0.0,-1.0
0,13.1508,85.9514,2018-09-12,0.0,1.1,2.9,27.3,0.9,0.0,0.0,-1.0,-0.0
0,16.6955,92.2855,2019-08-25,27.0,58.7,111.5,152.5,27.0,0.0,0.0,-0.866,-0.5
0,33.9376,87.0445,2008-04-07,0.5,0.8,1.4,2.8,0.5,4892.0,2.08,0.866,-0.5
0,12.837,80.8443,2012-06-21,0.0,0.1,0.6,2.6,0.5,0.0,0.0,0.0,-1.0
0,19.2713,76.4064,2022-06-27,22.9,40.4,73.2,108.7,22.9,417.0,0.86,0.0,-1.0
0,7.5448,96.2761,2019-07-06,0.0,0.3,0.6,30.3,0.3,0.0,0.0,-0.5,-0.866
0,20.4477,70.4379,2019-08-04,9.1,77.1,126.0,162.2,50.4,0.0,0.0,-0.866,-0.5
0,30.6065,68.3606,2023-06-19,0.0,0.3,0.7,1.6,0.3,1824.0,7.13,0.0,-1.0
0,18.0197,81.4134,2019-07-22,1.4,14.1,46.1,74.5,28.4,108.0,1.15,-0.5,-0.866
0,19.1737,69.6081,2010-07-24,1.9,29.1,118.5,166.4,37.5,0.0,0.0,-0.5,-0.866
0,20.0081,78.9983,2018-07-11,7.8,77.1,228.7,284.9,89.3,205.0,0.29,-0.5,-0.866
0,9.8502,73.2758,2019-07-25,16.4,28.4,79.6,277.9,25.0,0.0,0.0,-0.5,-0.866
0,32.6094,70.3603,2015-01-23,0.0,21.4,23.0,43.7,20.8,928.0,3.62,0.5,0.866
0,12.4284,91.9786,2020-08-15,1.7,9.8,50.1,227.6,14.8,0.0,0.0,-0.866,-0.5
0,7.9563,76.3106,2021-04-16,14.8,24.8,35.8,45.8,14.8,0.0,0.0,0.866,-0.5
0,17.5131,94.2304,2020-08-09,12.4,40.8,234.7,347.9,63.6,0.0,0.0,-0.866,-0.5
0,16.6239,76.7363,2015-09-18,0.4,14.5,44.6,136.2,13.7,439.0,1.03,-1.0,-0.0
0,11.8618,78.5281,2016-01-11,0.0,0.0,0.0,0.0,0.0,865.0,14.76,0.5,0.866
0,25.5795,85.5755,2019-06-02,0.8,1.5,1.5,1.9,0.8,46.0,0.0,0.0,-1.0
0,13.9588,70.4794,2011-03-24,0.0,0.0,0.0,0.0,0.0,0.0,0.0,1.0,0.0
0,25.4876,80.7175,2014-06-15,0.3,0.3,0.3,2.6,0.3,119.0,0.0,0.0,-1.0
0,34.0633,94.6556,2023-10-27,0.0,0.6,6.1,10.8,4.5,4796.0,12.13,-0.866,0.5
0,23.572,69.1989,2011-06-02,0.0,0.0,0.0,0.0,0.0,27.0,2.64,0.0,-1.0
0,24.7806,89.3524,2019-09-04,4.0,17.6,26.9,64.6,10.2,18.0,0.41,-1.0,-0.0
0,21.879,89.3993,2016-06-21,0.5,4.9,30.3,127.8,8.0,6.0,0.57,0.0,-1.0
0,19.1759,68.6603,2009-11-09,0.0,0.0,0.0,0.0,0.0,0.0,0.0,-0.5,0.866
0,31.6056,80.7863,2015-04-07,0.0,0.0,10.1,17.4,6.2,5688.0,16.17,0.866,-0.5
0,36.3476,86.1597,2014-07-26,1.5,1.5,8.0,29.2,5.5,5031.0,0.41,-0.5,-0.866
0,27.3277,69.4405,2020-08-07,46.1,46.3,46.3,46.8,46.1,52.0,0.57,-0.866,-0.5
0,14.7436,88.3215,2008-05-17,0.0,0.0,11.0,17.1,8.5,0.0,0.0,0.5,-0.866
0,24.6387,94.8375,2007-08-09,0.3,12.8,103.8,217.7,71.4,170.0,1.03,-0.866,-0.5
0,18.7155,68.5522,2015-07-05,0.0,0.0,0.0,467.4,0.0,0.0,0.0,-0.5,-0.866
0,14.5116,85.6728,2010-12-11,0.5,12.0,122.6,183.3,53.1,0.0,0.0,-0.0,1.0
0,13.1397,68.5332,2016-06-03,10.2,33.5,53.2,83.4,12.1,0.0,0.0,0.0,-1.0
0,28.3449,85.9748,2017-07-14,1.3,4.9,39.0,68.5,14.2,4965.0,30.93,-0.5,-0.866
0,22.7437,82.0303,2017-07-11,24.8,87.6,105.7,225.4,38.0,604.0,2.18,-0.5,-0.866
0,16.0893,92.2675,2022-04-28,0.0,0.0,0.0,0.0,0.0,0.0,0.0,0.866,-0.5
0,12.8191,88.5829,2019-08-09,1.5,9.4,36.7,86.5,14.8,0.0,0.0,-0.866,-0.5
0,7.468,93.1426,2022-12-21,15.9,112.2,241.0,317.0,82.8,0.0,0.0,-0.0,1.0
0,23.3398,78.1863,2018-05-17,0.0,0.1,0.1,2.2,0.1,550.0,0.64,0.5,-0.866
0,15.621,90.1503,2007-07-15,12.9,45.8,130.6,214.8,23.9,0.0,0.0,-0.5,-0.866
0,11.177,85.2556,2020-08-19,4.7,9.5,10.4,63.6,4.7,0.0,0.0,-0.866,-0.5
0,18.9618,90.5657,2022-09-10,34.1,47.2,66.3,79.7,34.1,0.0,0.0,-1.0,-0.0
0,36.1904,79.0709,2010-07-13,3.6,17.5,34.3,76.0,9.6,5581.0,24.15,-0.5,-0.866
0,9.4094,74.44,2016-12-19,0.7,0.9,1.6,5.9,0.7,0.0,0.0,-0.0,1.0
0,11.8587,72.694,2019-09-24,5.5,9.7,16.2,44.0,5.5,0.0,0.0,-1.0,-0.0
0,23.0021,78.3847,2015-05-20,0.0,0.0,1.8,1.9,1.8,323.0,0.41,0.5,-0.866
0,16.0821,78.7137,2017-04-22,0.0,0.7,2.5,3.4,1.8,551.0,5.46,0.866,-0.5
0,21.5691,83.709,2022-05-13,0.0,5.8,6.3,6.3,3.1,340.0,12.9,0.5,-0.866
0,29.2048,76.4454,2012-10-06,0.0,0.0,0.0,0.0,0.0,226.0,0.64,-0.866,0.5
0,18.5016,68.0985,2021-09-25,0.2,1.7,7.0,45.2,1.8,0.0,0.0,-1.0,-0.0
0,26.1857,88.1589,2020-03-19,0.0,0.0,7.9,16.1,7.9,58.0,1.03,1.0,0.0
0,35.7274,80.1037,2014-08-20,3.5,3.9,10.3,32.6,3.5,4980.0,34.5,-0.866,-0.5
0,10.6572,86.2876,2020-12-20,0.3,24.4,69.4,77.3,22.3,0.0,0.0,-0.0,1.0
0,34.8647,77.5881,2022-05-19,0.6,1.1,14.8,15.0,6.8,5108.0,17.28,0.5,-0.866
0,27.0309,96.0795,2019-01-20,0.0,0.1,1.8,10.7,1.5,1507.0,7.74,0.5,0.866
0,23.0617,93.4714,2021-09-06,0.3,5.4,23.7,67.1,6.9,1463.0,19.66,-1.0,-0.0
0,17.5719,93.8022,2013-05-23,22.7,38.1,39.3,74.6,22.7,0.0,0.0,0.5,-0.866
0,16.1817,76.643,2021-10-07,9.4,23.0,52.3,89.0,17.7,525.0,1.03,-0.866,0.5
0,20.2758,88.1683,2012-07-08,17.7,49.3,69.0,112.5,24.2,0.0,0.0,-0.5,-0.866
0,35.6842,82.7563,2017-04-20,0.4,0.8,4.4,8.0,2.1,5389.0,3.2,0.866,-0.5
0,32.6626,94.8119,2009-05-24,5.9,23.6,29.1,48.4,9.9,4680.0,14.08,0.5,-0.866
0,6.7065,68.9535,2023-08-28,40.3,74.7,75.1,75.2,40.3,0.0,0.0,-0.866,-0.5
0,36.366,93.434,2015-03-14,0.0,0.0,0.4,1.3,0.4,3663.0,25.97,1.0,0.0
0,33.0007,83.8516,2007-08-20,0.5,1.1,10.4,43.3,6.6,4570.0,0.64,-0.866,-0.5
0,19.6556,92.4187,2019-02-26,0.0,0.0,0.0,0.6,0.0,0.0,0.0,0.866,0.5
0,31.3492,89.3919,2023-02-13,0.0,0.6,1.0,1.0,0.6,4972.0,12.68,0.866,0.5
0,25.378,80.9814,2011-09-04,17.7,39.6,40.2,79.5,17.8,110.0,0.0,-1.0,-0.0
0,31.9121,90.3592,2010-08-26,2.2,15.1,36.8,73.1,7.8,4621.0,0.91,-0.866,-0.5
0,28.1598,78.8107,2014-08-05,3.7,50.5,78.2,130.8,39.8,178.0,0.0,-0.866,-0.5
0,30.3666,74.1975,2009-03-21,0.0,0.4,0.4,0.4,0.2,189.0,1.03,1.0,0.0
0,20.2473,88.9179,2015-09-25,0.6,10.1,59.8,96.9,26.9,0.0,0.0,-1.0,-0.0
0,16.7733,88.3312,2015-06-15,9.0,27.3,52.2,111.4,17.4,0.0,0.0,0.0,-1.0
0,23.5469,85.5356,2023-09-05,7.8,30.2,35.2,86.4,14.2,597.0,2.02,-1.0,-0.0
0,15.1529,74.5201,2016-06-12,8.8,66.7,148.9,197.4,37.3,519.0,13.72,0.0,-1.0
0,15.6999,89.1172,2022-08-10,1.3,35.7,171.7,192.8,44.3,0.0,0.0,-0.866,-0.5
0,27.8924,87.8617,2011-04-26,3.4,6.7,7.6,13.5,3.4,6006.0,47.11,0.866,-0.5
0,18.0268,86.7845,2016-01-07,0.0,0.0,0.0,0.0,0.0,0.0,0.0,0.5,0.866
0,10.9509,68.356,2023-06-17,0.1,0.3,7.0,184.1,2.9,0.0,0.0,0.0,-1.0
0,18.6753,86.2446,2011-05-12,0.0,0.0,1.4,1.5,0.8,0.0,0.0,0.5,-0.866
0,24.1141,82.7823,2022-07-13,0.7,1.4,4.2,106.5,1.3,264.0,0.0,-0.5,-0.866
0,25.9513,93.6881,2019-07-16,4.1,20.3,98.4,272.5,38.5,188.0,4.36,-0.5,-0.866
0,6.927,95.935,2013-06-10,22.3,51.6,58.6,83.4,22.3,0.0,0.0,0.0,-1.0
0,29.8404,91.2836,2022-08-12,0.0,1.3,10.0,50.1,5.3,4168.0,23.78,-0.866,-0.5
0,20.2797,94.9247,2023-10-27,0.0,1.7,53.0,71.9,39.0,41.0,0.57,-0.866,0.5
0,33.444,89.8706,2019-06-02,0.0,0.2,1.6,12.2,0.9,4937.0,0.0,0.0,-1.0
0,25.2921,96.0848,2009-07-09,8.2,14.8,78.9,221.5,29.5,345.0,16.01,-0.5,-0.866
0,35.6131,69.6513,2014-08-08,0.0,0.0,0.0,0.0,0.0,3216.0,28.76,-0.866,-0.5
0,14.1822,89.8134,2014-08-21,5.7,9.5,21.2,83.0,5.7,0.0,0.0,-0.866,-0.5
0,13.3502,89.1627,2015-05-20,11.8,58.4,148.5,160.6,31.5,0.0,0.0,0.5,-0.866
0,23.0593,70.6951,2009-05-27,0.0,0.0,0.0,0.0,0.0,11.0,0.0,0.5,-0.866
0,33.6842,71.9102,2014-06-07,0.0,0.5,2.2,8.6,1.6,401.0,19.09,0.0,-1.0
0,13.8182,90.4696,2008-07-04,1.2,21.7,50.6,160.8,13.3,0.0,0.0,-0.5,-0.866
0,16.0658,86.7002,2021-05-04,0.5,0.5,1.0,1.0,0.5,0.0,0.0,0.5,-0.866
0,9.0016,73.8232,2022-07-07,14.3,33.5,101.3,188.7,34.4,0.0,0.0,-0.5,-0.866
0,15.4988,68.2833,2021-07-04,1.5,2.6,5.2,16.1,1.7,0.0,0.0,-0.5,-0.866
0,29.8219,73.7466,2021-09-20,0.0,0.5,1.7,35.6,1.2,171.0,0.0,-1.0,-0.0
0,36.2671,75.4266,2022-07-09,2.4,3.5,4.7,4.7,2.4,4489.0,42.49,-0.5,-0.866
0,25.4338,77.6949,2016-07-10,23.0,57.8,76.3,145.4,23.0,452.0,0.91,-0.5,-0.866
0,14.426,83.6996,2023-06-22,17.8,38.0,49.8,65.0,17.8,0.0,0.0,0.0,-1.0
0,15.7641,80.9813,2022-12-06,0.0,1.5,3.3,16.7,1.0,4.0,0.57,-0.0,1.0
0,6.6955,94.3543,2012-07-16,5.1,24.0,67.4,137.7,16.3,0.0,0.0,-0.5,-0.866
0,11.8639,90.4329,2021-08-04,5.6,22.6,29.2,72.0,15.4,0.0,0.0,-0.866,-0.5
0,16.773,88.2653,2010-09-07,29.7,74.5,122.0,241.6,35.2,0.0,0.0,-1.0,-0.0
0,29.3856,74.2899,2023-07-11,0.0,0.3,8.9,31.2,8.3,184.0,0.0,-0.5,-0.866
0,20.6563,88.2,2011-10-07,13.3,22.6,22.9,39.8,13.3,0.0,0.0,-0.866,0.5
0,16.213,73.6612,2012-06-06,13.4,37.2,40.4,41.5,16.5,67.0,3.72,0.0,-1.0
0,24.8037,72.6354,2020-11-16,0.0,0.0,0.0,0.0,0.0,328.0,1.18,-0.5,0.866
0,29.8926,75.9468,2016-10-16,0.0,0.0,0.0,1.1,0.0,228.0,0.41,-0.866,0.5
0,17.6237,77.0339,2017-08-27,26.9,49.4,63.4,169.1,26.9,602.0,11.78,-0.866,-0.5
0,19.9912,80.5463,2007-06-14,4.3,20.8,39.1,44.2,16.7,336.0,0.81,0.0,-1.0
0,29.3667,79.9204,2011-12-12,0.0,0.5,0.5,0.9,0.4,1747.0,17.18,-0.0,1.0
0,35.7496,90.6279,2013-01-23,0.0,0.0,0.0,0.0,0.0,5091.0,1.74,0.5,0.866
0,12.7583,89.1418,2007-06-12,4.7,19.2,58.3,75.5,18.7,0.0,0.0,0.0,-1.0
0,16.1554,91.3321,2013-06-18,2.5,12.8,119.7,206.7,41.8,0.0,0.0,0.0,-1.0
0,30.4242,86.2179,2010-07-09,3.4,4.9,10.6,13.1,3.8,5105.0,1.28,-0.5,-0.866
0,8.7328,72.7323,2022-08-24,31.4,89.5,111.6,114.7,32.2,0.0,0.0,-0.866,-0.5
0,35.0614,95.9279,2022-09-13,3.0,3.2,3.5,20.6,3.0,4542.0,1.03,-1.0,-0.0
0,13.9954,97.1144,2010-08-02,32.9,69.7,136.0,313.9,32.9,0.0,0.0,-0.866,-0.5
0,8.1834,78.1094,2016-07-15,0.0,0.0,0.1,0.1,0.1,0.0,0.0,-0.5,-0.866
0,9.8309,71.9614,2020-09-11,7.9,30.0,135.6,212.3,65.4,0.0,0.0,-1.0,-0.0
0,31.2293,93.7815,2013-08-19,0.7,5.1,8.5,41.2,3.2,5241.0,22.89,-0.866,-0.5
0,23.3551,80.9287,2015-06-18,19.6,31.4,82.5,87.5,26.5,478.0,0.41,0.0,-1.0
0,23.2002,92.1106,2009-08-05,13.7,26.1,73.3,198.5,24.3,86.0,7.71,-0.866,-0.5
0,32.6218,88.6279,2018-09-28,3.0,4.4,8.9,13.8,3.0,4934.0,3.84,-1.0,-0.0
0,33.6531,81.1523,2017-10-06,0.0,0.0,0.0,6.2,0.0,5739.0,32.73,-0.866,0.5
0,20.5498,81.5937,2015-06-22,39.1,106.5,177.8,226.4,39.1,412.0,2.88,0.0,-1.0
0,14.1607,90.0557,2020-01-04,0.3,0.7,0.8,0.8,0.4,0.0,0.0,0.5,0.866
0,19.3199,91.7789,2023-09-27,1.5,2.0,13.4,84.2,7.1,0.0,0.0,-1.0,-0.0
0,8.3086,97.1945,2020-06-19,6.0,30.2,58.6,123.4,13.7,0.0,0.0,0.0,-1.0
0,36.3696,96.3138,2022-10-11,0.3,0.3,0.3,1.0,0.3,2845.0,0.91,-0.866,0.5
0,14.9794,77.8457,2009-03-03,0.0,0.0,0.0,0.0,0.0,262.0,0.29,1.0,0.0
0,35.7268,91.0274,2023-07-26,3.7,12.6,25.6,45.6,12.1,5055.0,2.24,-0.5,-0.866
0,31.889,70.588,2013-10-20,0.0,0.0,0.0,2.9,0.0,202.0,0.0,-0.866,0.5
0,29.0572,90.6299,2021-07-09,12.0,32.2,68.0,128.0,17.0,4551.0,23.35,-0.5,-0.866
0,20.0387,93.9759,2017-09-21,8.1,43.0,145.1,264.1,37.4,405.0,10.27,-1.0,-0.0
0,8.6908,87.1113,2020-06-17,5.5,10.8,28.9,116.0,15.4,0.0,0.0,0.0,-1.0
0,33.1819,79.8432,2019-06-20,0.0,1.9,3.9,4.0,1.9,4333.0,4.37,0.0,-1.0
0,7.0661,74.6443,2014-07-09,12.0,31.3,56.1,91.3,15.3,0.0,0.0,-0.5,-0.866
0,24.0313,90.6495,2013-07-21,0.6,9.3,21.9,53.8,6.1,10.0,1.46,-0.5,-0.866
0,29.5978,84.9459,2011-06-23,1.4,10.5,27.6,48.3,7.0,4841.0,14.48,0.0,-1.0
0,12.1654,72.3744,2007-06-04,1.4,16.3,128.9,202.7,37.2,0.0,0.0,0.0,-1.0
0,22.5027,95.8626,2018-02-05,0.0,0.0,0.0,0.0,0.0,116.0,1.67,0.866,0.5
0,35.1398,77.6601,2013-06-08,0.0,0.0,0.0,27.0,0.0,5460.0,3.08,0.0,-1.0
0,12.551,72.817,2013-12-08,0.0,0.0,9.0,20.3,7.1,0.0,0.0,-0.0,1.0
0,29.6704,68.8052,2010-10-15,0.0,0.0,0.0,0.0,0.0,891.0,2.58,-0.866,0.5
0,31.5247,79.0659,2013-07-24,0.2,3.9,8.9,12.7,2.4,4429.0,17.39,-0.5,-0.866
0,17.9125,81.181,2019-06-07,0.4,2.6,30.8,32.9,22.1,164.0,1.18,0.0,-1.0
0,24.2065,71.6772,2023-12-17,0.0,0.0,0.0,0.6,0.0,53.0,0.57,-0.0,1.0
0,10.1511,90.3199,2018-04-16,0.0,0.0,13.0,56.1,7.0,0.0,0.0,0.866,-0.5
0,28.9905,77.3479,2023-05-03,9.8,26.1,29.7,29.9,12.8,225.0,0.0,0.5,-0.866
0,17.2958,75.5309,2007-04-15,0.0,0.0,0.2,1.6,0.2,485.0,0.64,0.866,-0.5
0,6.7177,91.7006,2010-07-28,27.2,43.4,58.6,160.6,27.2,0.0,0.0,-0.5,-0.866
0,17.1404,95.8991,2016-09-14,10.8,16.3,66.0,181.2,17.0,4.0,0.86,-1.0,-0.0
0,13.3808,88.6858,2019-08-26,3.1,24.6,114.2,148.8,59.6,0.0,0.0,-0.866,-0.5
0,32.7783,68.4676,2017-11-24,0.4,0.4,0.4,44.7,0.4,2065.0,0.41,-0.5,0.866
0,7.8611,92.9987,2011-05-01,4.4,49.7,72.8,111.5,39.9,0.0,0.0,0.5,-0.866
0,22.0587,72.1365,2008-07-02,68.2,523.3,531.5,531.9,387.5,7.0,0.0,-0.5,-0.866
0,24.3861,74.1899,2018-09-10,4.2,29.9,54.5,89.1,20.5,389.0,4.16,-1.0,-0.0
0,19.0772,73.1518,2012-07-05,9.0,39.6,73.5,103.0,20.6,22.0,0.41,-0.5,-0.866
0,17.452,95.2862,2022-09-01,0.3,10.8,45.2,215.7,18.3,9.0,0.64,-1.0,-0.0
0,12.6223,79.9078,2015-06-27,0.6,2.6,3.0,17.7,1.5,28.0,0.0,0.0,-1.0
0,25.1574,68.8401,2022-01-01,0.0,0.0,0.0,0.0,0.0,14.0,0.0,0.5,0.866
0,7.5267,93.7248,2019-10-02,3.9,11.0,26.7,95.7,5.5,0.0,0.0,-0.866,0.5
0,29.3751,89.3144,2007-05-04,0.0,0.1,0.1,19.4,0.1,3793.0,0.57,0.5,-0.866
0,16.96,74.5696,2010-07-03,13.3,56.3,58.2,140.4,30.5,560.0,0.81,-0.5,-0.866
0,35.5619,81.7008,2021-07-18,1.1,5.1,8.7,23.8,3.7,5471.0,26.02,-0.5,-0.866
0,10.5322,85.7965,2022-08-10,0.0,0.3,17.9,163.4,11.5,0.0,0.0,-0.866,-0.5
0,20.5846,94.635,2018-04-22,0.0,0.1,0.2,4.6,0.1,70.0,1.74,0.866,-0.5
0,35.2072,87.7187,2013-03-16,0.0,0.0,0.0,0.0,0.0,4863.0,0.64,1.0,0.0
0,10.275,83.1847,2014-09-05,4.4,23.2,28.2,43.1,10.7,0.0,0.0,-1.0,-0.0
0,26.2763,89.924,2010-08-10,6.8,15.9,74.3,194.6,42.7,50.0,0.57,-0.866,-0.5
0,28.4009,76.8827,2023-08-15,0.0,0.5,0.7,30.1,0.5,229.0,1.03,-0.866,-0.5
0,22.0071,97.1355,2017-06-05,2.3,4.6,10.7,58.0,2.7,728.0,3.15,0.0,-1.0
0,19.1606,87.5055,2008-08-28,0.0,0.2,24.5,144.3,10.1,0.0,0.0,-0.866,-0.5
0,28.9381,91.5933,2013-08-26,5.3,13.8,25.4,39.2,5.6,4616.0,26.71,-0.866,-0.5
0,35.8859,68.4225,2014-08-27,0.0,0.0,0.1,0.1,0.1,1349.0,12.48,-0.866,-0.5
0,11.3566,77.5147,2018-08-16,17.6,41.7,46.9,52.6,17.6,253.0,1.03,-0.866,-0.5
0,12.1324,93.651,2021-12-13,0.0,0.2,0.9,77.6,0.5,0.0,0.0,-0.0,1.0
0,36.281,81.3692,2010-05-15,0.5,10.7,29.3,29.9,5.8,2387.0,22.24,0.5,-0.866
0,28.8488,87.3361,2017-07-11,10.5,30.5,45.4,75.2,14.0,4910.0,11.62,-0.5,-0.866
0,16.7295,93.7231,2010-09-15,18.2,55.3,118.9,250.8,24.1,0.0,0.0,-1.0,-0.0
0,26.5404,78.1001,2018-07-03,0.9,1.6,88.8,98.8,38.8,173.0,0.0,-0.5,-0.866
0,19.2954,68.7497,2014-07-04,0.1,1.3,2.0,2.3,0.7,0.0,0.0,-0.5,-0.866
0,35.7526,92.4873,2016-04-23,0.2,0.4,1.0,6.2,0.3,4807.0,3.16,0.866,-0.5
0,10.289,78.2549,2009-07-18,1.7,52.9,55.6,86.1,42.8,322.0,2.24,-0.5,-0.866
0,35.4888,96.6646,2023-05-27,10.2,44.1,49.4,55.3,17.3,4514.0,1.28,0.5,-0.866
0,12.3463,92.7804,2013-05-01,1.2,8.7,38.6,40.3,12.3,49.0,7.69,0.5,-0.866
0,28.5024,78.4411,2023-08-05,11.3,32.6,38.3,99.6,13.0,194.0,0.0,-0.866,-0.5
0,22.2514,91.6077,2023-06-08,63.6,84.2,85.2,93.3,63.6,0.0,0.0,0.0,-1.0
0,11.5026,72.6831,2014-08-21,11.6,39.8,64.4,139.6,21.3,0.0,0.0,-0.866,-0.5
0,31.7972,90.1576,2020-04-20,0.0,1.2,3.2,3.6,1.4,4758.0,3.54,0.866,-0.5
0,35.2717,95.9925,2020-06-17,0.1,6.7,24.8,41.1,6.9,4436.0,1.46,0.0,-1.0
0,33.3123,81.8061,2007-04-10,0.0,0.0,0.3,0.3,0.3,4826.0,21.17,0.866,-0.5
0,8.7461,88.8961,2009-08-07,3.5,5.1,8.6,31.1,3.5,0.0,0.0,-0.866,-0.5
0,8.2767,80.1061,2012-04-27,1.9,5.4,35.1,62.8,17.7,68.0,2.99,0.866,-0.5
0,29.4378,91.8062,2019-11-08,0.0,0.0,4.6,25.5,2.4,4597.0,30.57,-0.5,0.866
0,30.0894,87.0595,2014-06-07,0.0,0.0,0.0,7.8,0.0,5043.0,0.41,0.0,-1.0
0,31.5299,70.0807,2011-11-09,19.8,40.1,48.7,57.2,20.3,1097.0,14.91,-0.5,0.866
0,33.2792,71.6424,2011-09-22,0.0,0.0,1.5,48.2,1.2,272.0,2.06,-1.0,-0.0
0,12.6749,72.201,2007-06-11,58.3,69.9,87.4,233.8,58.3,0.0,0.0,0.0,-1.0
0,25.6027,83.3583,2022-07-25,14.7,22.4,93.9,102.1,37.1,74.0,0.91,-0.5,-0.866
0,13.4654,80.929,2021-09-18,0.0,1.5,3.7,24.0,1.5,0.0,0.0,-1.0,-0.0
0,11.1103,93.9667,2017-09-24,21.2,59.7,94.4,205.8,24.0,0.0,0.0,-1.0,-0.0
0,32.7571,96.0099,2015-02-27,0.3,0.6,0.8,0.8,0.3,4766.0,37.51,0.866,0.5
0,9.8851,81.7625,2022-08-23,0.0,1.6,3.5,3.6,1.6,0.0,0.0,-0.866,-0.5
0,29.2538,74.6267,2018-04-24,0.0,0.0,0.0,2.6,0.0,198.0,0.91,0.866,-0.5
0,13.7388,93.074,2020-07-23,4.8,16.9,28.7,117.9,6.5,0.0,0.0,-0.5,-0.866
0,19.1502,86.8228,2015-09-09,0.4,8.1,35.3,141.0,14.7,0.0,0.0,-1.0,-0.0
0,33.6419,86.8878,2015-06-22,1.8,7.9,15.3,28.5,6.1,4772.0,0.41,0.0,-1.0
0,35.9926,70.4513,2022-04-26,0.0,1.6,3.9,15.6,2.2,4803.0,19.4,0.866,-0.5
0,13.7823,82.6018,2015-08-22,32.4,48.5,53.0,125.0,32.4,0.0,0.0,-0.866,-0.5
0,9.619,91.0372,2019-08-18,1.0,38.2,70.2,119.3,20.1,0.0,0.0,-0.866,-0.5
0,26.5267,69.242,2010-04-27,0.0,0.4,0.4,0.4,0.2,83.0,4.93,0.866,-0.5
0,23.7688,71.4655,2020-09-12,2.6,3.2,3.3,97.0,2.6,16.0,0.41,-1.0,-0.0
0,30.9585,89.1895,2021-02-21,0.0,0.4,3.3,3.7,1.3,4687.0,0.0,0.866,0.5
0,32.067,84.9137,2020-07-13,0.0,1.5,11.4,11.6,4.0,4605.0,3.58,-0.5,-0.866
0,26.5721,68.7564,2017-08-01,0.0,6.8,7.9,36.0,6.8,54.0,3.85,-0.866,-0.5
0,9.4641,95.1598,2021-09-24,9.1,23.4,66.7,101.9,23.8,0.0,0.0,-1.0,-0.0
0,31.9829,75.4787,2018-09-12,6.9,13.8,24.9,38.6,6.9,245.0,0.29,-1.0,-0.0
0,35.7074,75.3367,2017-07-02,8.7,21.2,53.4,84.9,11.4,4301.0,40.57,-0.5,-0.866
0,20.2461,97.2338,2012-05-26,21.9,27.5,40.1,59.9,21.9,1021.0,4.52,0.5,-0.866
0,12.7814,90.7389,2019-07-11,1.5,4.5,8.4,71.8,2.4,0.0,0.0,-0.5,-0.866
0,29.0996,91.0386,2009-05-16,0.0,6.4,8.2,11.8,6.4,4884.0,14.88,0.5,-0.866
0,16.5129,86.1839,2014-09-27,0.0,8.1,20.4,109.9,6.6,0.0,0.0,-1.0,-0.0
0,15.996,77.0221,2019-10-03,2.2,6.7,25.6,118.5,6.4,366.0,0.64,-0.866,0.5
0,15.8877,82.6672,2013-05-13,0.0,0.0,0.0,0.0,0.0,0.0,0.0,0.5,-0.866
0,14.4404,88.8682,2021-06-26,5.1,16.8,53.8,150.0,15.2,0.0,0.0,0.0,-1.0
0,33.3734,90.2657,2007-11-11,1.1,3.0,3.6,3.6,1.5,4937.0,0.0,-0.5,0.866
0,9.8444,85.1645,2016-10-23,4.1,13.1,36.2,41.4,11.1,0.0,0.0,-0.866,0.5
0,29.2031,83.8785,2009-06-23,0.0,0.0,0.0,0.0,0.0,4888.0,21.81,0.0,-1.0
0,12.4586,70.671,2019-08-22,7.0,14.2,21.2,95.5,7.0,0.0,0.0,-0.866,-0.5
0,32.0663,72.3001,2019-06-12,0.0,0.0,0.0,0.0,0.0,175.0,0.0,0.0,-1.0
0,10.491,79.3646,2016-09-24,0.0,1.6,3.7,7.3,2.1,16.0,0.57,-1.0,-0.0
0,24.9026,96.637,2021-06-08,7.9,21.6,51.5,108.1,10.9,541.0,20.3,0.0,-1.0
0,31.284,75.2542,2007-04-09,0.0,0.2,0.2,1.9,0.2,217.0,0.0,0.866,-0.5
0,21.3348,92.5808,2014-12-08,0.0,0.0,0.0,0.0,0.0,404.0,25.89,-0.0,1.0
0,19.7107,91.94,2014-04-10,0.0,0.0,0.5,0.5,0.5,0.0,0.0,0.866,-0.5
0,35.4377,93.2972,2020-07-15,8.4,14.4,31.7,49.7,13.3,4517.0,0.29,-0.5,-0.866
0,23.1897,97.452,2023-05-06,0.4,2.2,8.1,18.6,2.4,651.0,3.85,0.5,-0.866
0,23.9269,86.504,2015-10-13,4.1,4.9,7.5,10.2,4.1,246.0,1.28,-0.866,0.5
0,27.7024,96.9665,2020-09-09,17.1,73.1,134.4,261.2,29.6,4008.0,46.86,-1.0,-0.0
0,17.6069,94.5516,2018-11-11,8.2,19.2,19.2,23.5,10.7,0.0,0.0,-0.5,0.866
0,8.8112,88.4494,2014-06-27,0.9,3.7,5.8,34.9,2.3,0.0,0.0,0.0,-1.0
0,30.3667,85.0793,2023-03-26,0.0,0.2,0.3,2.1,0.2,5265.0,12.02,1.0,0.0
0,9.6442,92.3757,2014-05-12,12.9,30.4,51.9,92.4,14.2,0.0,0.0,0.5,-0.866
0,20.4586,84.9406,2021-02-20,0.0,0.1,0.1,0.1,0.1,197.0,15.23,0.866,0.5
0,21.414,80.8674,2007-11-06,0.0,0.0,21.1,21.1,13.6,346.0,0.91,-0.5,0.866
0,23.2988,84.4904,2022-02-12,0.0,1.6,7.6,19.1,6.0,661.0,2.24,0.866,0.5
0,32.5273,72.3625,2015-08-03,7.9,22.2,45.2,76.5,17.9,410.0,14.07,-0.866,-0.5
0,23.5926,95.9469,2022-08-23,7.7,39.8,62.7,107.4,23.2,567.0,17.88,-0.866,-0.5
0,19.4249,90.5488,2013-04-13,0.0,0.0,0.0,0.0,0.0,0.0,0.0,0.866,-0.5
0,26.354,77.1398,2017-08-10,5.6,40.4,67.7,87.7,22.9,362.0,2.45,-0.866,-0.5
0,13.4769,91.5533,2011-07-14,4.8,51.8,150.9,247.4,58.1,0.0,0.0,-0.5,-0.866
0,29.489,96.9153,2007-08-28,2.9,11.7,30.2,74.6,6.2,4450.0,39.26,-0.866,-0.5
0,35.6267,69.5626,2010-09-19,0.0,4.5,8.3,9.6,4.5,2632.0,39.22,-1.0,-0.0
0,29.7386,70.0949,2012-02-14,0.0,0.0,1.8,3.8,1.8,292.0,5.71,0.866,0.5
0,28.4767,75.3396,2012-08-25,16.9,64.7,113.0,155.1,37.6,265.0,1.18,-0.866,-0.5
0,31.5722,68.8699,2010-10-24,0.0,0.0,0.0,0.0,0.0,1707.0,2.45,-0.866,0.5
0,16.4537,70.7778,2019-07-23,27.1,116.8,159.8,190.1,52.9,0.0,0.0,-0.5,-0.866
0,30.6474,79.2481,2017-07-28,10.7,43.5,109.7,289.6,33.1,4043.0,35.53,-0.5,-0.866
0,11.9897,77.1803,2015-05-14,41.2,58.3,63.1,91.3,41.2,1031.0,7.26,0.5,-0.866
0,21.4905,73.4447,2018-07-08,14.3,22.1,80.9,271.5,29.8,218.0,3.49,-0.5,-0.866
0,36.0691,86.6737,2010-06-25,4.8,6.9,15.4,33.3,4.8,5129.0,3.54,0.0,-1.0
0,22.216,68.6018,2008-08-18,0.0,0.0,28.9,34.9,23.9,0.0,0.0,-0.866,-0.5
0,26.9813,70.817,2007-01-17,0.0,0.0,0.0,0.0,0.0,174.0,0.29,0.5,0.866
0,6.6398,79.3502,2018-01-19,0.0,0.0,5.5,9.8,3.2,0.0,0.0,0.5,0.866
0,32.2808,96.1935,2022-05-20,8.9,35.8,78.2,116.0,26.9,4504.0,17.29,0.5,-0.866
0,11.9536,74.442,2011-06-28,2.5,27.2,76.1,152.1,22.7,0.0,0.0,0.0,-1.0
0,24.4915,84.9326,2012-10-23,0.0,0.1,0.1,24.3,0.1,166.0,0.91,-0.866,0.5
0,21.7199,92.0237,2008-07-20,4.1,37.5,117.5,344.3,31.7,2.0,0.41,-0.5,-0.866
0,34.5588,94.2029,2016-09-04,3.9,15.8,38.1,71.3,9.1,4337.0,4.65,-1.0,-0.0
0,26.991,85.4081,2022-05-04,0.3,4.4,22.4,24.2,12.2,91.0,0.29,0.5,-0.866
0,12.2948,72.58,2021-08-11,0.4,15.5,45.7,54.6,12.8,0.0,0.0,-0.866,-0.5
0,34.3582,84.1654,2010-06-15,2.4,8.1,13.4,22.4,4.6,4846.0,1.28,0.0,-1.0
0,26.5612,69.9312,2014-05-05,0.3,1.8,2.3,4.4,1.3,69.0,2.45,0.5,-0.866
0,35.3116,82.4777,2018-09-02,1.6,1.7,1.7,22.5,1.6,5146.0,1.46,-1.0,-0.0
0,8.2587,96.9792,2010-07-27,6.4,29.0,42.9,118.9,20.5,0.0,0.0,-0.5,-0.866
0,31.9332,70.6831,2023-08-17,0.0,0.1,1.7,21.0,1.6,196.0,0.0,-0.866,-0.5
0,18.3255,84.1182,2011-05-11,0.0,0.0,2.5,11.6,2.3,3.0,0.57,0.5,-0.866
0,34.8274,80.5764,2022-07-03,0.2,0.5,2.2,11.1,1.6,5437.0,30.95,-0.5,-0.866
0,7.215,71.0774,2019-07-20,1.2,28.2,83.6,104.2,23.0,0.0,0.0,-0.5,-0.866
0,15.6769,97.2725,2008-09-25,50.6,85.8,235.0,525.9,65.9,0.0,0.0,-1.0,-0.0
0,22.3265,69.2282,2012-11-10,0.0,0.0,0.0,0.0,0.0,0.0,0.0,-0.5,0.866
0,22.5288,69.3926,2018-06-07,0.1,0.1,0.3,0.3,0.2,0.0,0.0,0.0,-1.0
0,35.4256,69.5468,2020-09-28,5.1,6.0,6.0,6.0,5.1,3711.0,24.1,-1.0,-0.0
0,11.8487,78.9393,2010-08-07,2.6,2.7,3.9,6.9,2.6,143.0,0.0,-0.866,-0.5
0,20.217,73.4783,2009-05-11,0.0,0.0,0.0,0.0,0.0,331.0,12.39,0.5,-0.866
0,23.6344,86.084,2013-02-13,0.0,0.0,4.1,4.1,3.1,229.0,1.54,0.866,0.5
0,33.5096,71.4318,2017-06-08,2.9,4.1,6.9,7.4,2.9,444.0,0.81,0.0,-1.0
0,36.0321,97.119,2019-09-12,0.0,1.0,8.5,8.9,6.1,3392.0,23.77,-1.0,-0.0
0,7.8427,72.1792,2015-05-22,2.6,10.5,53.0,123.6,13.1,0.0,0.0,0.5,-0.866
0,32.9583,80.4738,2016-08-28,0.9,9.8,13.0,30.8,4.5,4700.0,17.38,-0.866,-0.5
0,12.6463,93.9211,2020-09-09,11.7,17.5,29.4,46.5,11.7,0.0,0.0,-1.0,-0.0
0,27.2084,80.2687,2013-07-09,5.1,28.4,33.5,246.5,12.9,139.0,1.18,-0.5,-0.866
0,31.0017,82.4024,2019-08-21,3.9,6.6,15.1,47.4,3.9,5750.0,30.44,-0.866,-0.5
0,7.754,90.6302,2014-04-23,0.2,0.7,6.4,8.1,4.5,0.0,0.0,0.866,-0.5
0,8.6157,71.3742,2022-04-26,0.6,1.9,7.2,60.9,2.5,0.0,0.0,0.866,-0.5
0,8.495,83.8397,2015-05-24,0.2,1.8,19.8,107.2,14.2,0.0,0.0,0.5,-0.866
0,35.1595,89.0932,2016-08-10,12.6,18.3,27.1,61.5,12.6,4941.0,0.64,-0.866,-0.5
0,15.0411,84.8182,2019-04-04,0.0,0.0,0.0,0.0,0.0,0.0,0.0,0.866,-0.5
0,31.1863,94.0788,2022-11-18,0.0,1.0,6.8,13.1,2.7,3990.0,9.7,-0.5,0.866
0,12.5236,83.2877,2010-02-16,0.0,0.0,0.0,0.0,0.0,0.0,0.0,0.866,0.5
0,9.8422,69.1219,2009-06-03,0.9,6.8,16.9,189.5,8.6,0.0,0.0,0.0,-1.0
0,13.7526,86.152,2021-07-05,0.0,1.4,4.3,40.8,1.9,0.0,0.0,-0.5,-0.866
0,24.41,69.211,2013-11-25,0.0,0.0,0.0,0.0,0.0,16.0,2.86,-0.5,0.866
0,29.5565,89.3848,2011-02-01,0.0,0.0,0.0,0.0,0.0,5261.0,13.23,0.866,0.5
0,16.7404,96.0372,2021-10-12,12.4,26.9,54.2,101.5,21.4,3.0,0.0,-0.866,0.5
0,12.5195,87.002,2016-06-05,4.9,13.8,47.8,52.6,21.9,0.0,0.0,0.0,-1.0
0,21.6678,74.6445,2021-08-11,2.0,5.2,9.5,51.2,2.0,213.0,1.43,-0.866,-0.5
0,31.8027,85.749,2011-06-06,4.5,5.2,9.4,29.6,4.5,5193.0,19.4,0.0,-1.0
0,22.9137,77.3678,2020-04-03,0.0,0.0,0.0,4.5,0.0,501.0,3.89,0.866,-0.5
0,22.0414,68.5151,2017-08-24,0.9,107.1,121.5,131.5,104.7,0.0,0.0,-0.866,-0.5
0,17.6112,72.2329,2007-04-08,0.0,0.0,0.0,0.0,0.0,0.0,0.0,0.866,-0.5
0,17.9364,84.6,2010-09-25,2.8,8.9,32.0,117.4,12.3,0.0,0.0,-1.0,-0.0
0,32.2101,90.4842,2009-02-18,0.0,0.0,0.0,0.0,0.0,4664.0,0.41,0.866,0.5
0,7.0938,92.308,2019-07-19,24.6,52.8,62.4,63.1,24.6,0.0,0.0,-0.5,-0.866
0,14.9741,86.1734,2014-07-24,13.7,28.4,65.5,186.9,14.9,0.0,0.0,-0.5,-0.866
0,26.9864,86.072,2021-06-21,4.1,42.2,67.5,135.8,31.7,677.8,1.15,0.0,-1.0
0,20.8739,94.508,2014-07-12,11.1,21.2,35.8,64.5,11.1,424.4,0.23,-0.5,-0.866
0,10.8322,86.7942,2015-05-13,13.9,38.6,62.3,71.4,14.1,0.0,0.0,0.5,-0.866
0,32.9581,78.8583,2016-01-26,0.3,0.3,0.3,0.3,0.3,5011.5,0.26,0.5,0.866
0,10.8195,81.568,2014-08-18,1.6,3.8,16.8,62.0,6.2,0.0,0.0,-0.866,-0.5
0,25.295,74.139,2021-07-14,5.5,22.1,30.1,33.2,8.5,478.0,0.17,-0.5,-0.866
0,28.5035,81.0948,2017-06-12,0.0,0.4,19.3,36.7,15.7,402.9,0.87,0.0,-1.0
0,16.2803,79.7671,2014-08-07,0.0,1.5,4.9,108.6,3.2,85.5,0.06,-0.866,-0.5
0,13.0088,73.6335,2018-05-28,254.7,307.5,308.3,334.6,254.7,0.0,0.0,0.5,-0.866
0,33.5106,84.1721,2018-09-14,2.4,4.9,28.4,43.2,6.7,4884.9,0.31,-1.0,-0.0
0,25.82,74.2987,2021-04-04,0.0,0.0,0.0,0.8,0.0,441.1,0.1,0.866,-0.5
0,15.5096,92.5702,2020-09-20,37.2,68.8,103.9,158.4,37.2,0.0,0.0,-1.0,-0.0
0,8.0266,74.4068,2019-07-06,0.7,1.6,4.3,9.9,1.6,0.0,0.0,-0.5,-0.866
0,34.6137,80.7376,2013-11-01,0.0,0.2,0.2,0.2,0.2,5310.4,0.12,-0.5,0.866
0,18.0791,87.6763,2011-06-24,8.5,17.4,27.5,321.2,9.6,0.0,0.0,0.0,-1.0
0,25.7371,84.9645,2020-09-05,2.4,4.7,32.5,118.8,21.7,59.4,0.01,-1.0,-0.0
0,15.9947,75.2481,2022-09-25,15.0,16.5,16.6,38.3,15.0,642.1,0.08,-1.0,-0.0
0,15.9864,95.5241,2008-08-24,3.6,34.2,93.0,217.7,20.3,2.3,0.0,-0.866,-0.5
0,26.7857,91.2154,2008-03-01,0.0,0.0,6.9,11.6,4.9,1176.7,1.08,1.0,0.0
0,16.4453,70.6534,2013-10-12,1.0,1.7,3.4,44.9,1.5,0.0,0.0,-0.866,0.5
0,28.8075,96.2597,2018-06-03,15.5,25.0,62.6,174.9,15.5,3639.7,0.84,0.0,-1.0
0,25.197,77.3073,2022-10-15,0.0,0.0,21.2,72.5,13.4,440.5,0.23,-0.866,0.5
0,16.6586,73.1689,2012-06-26,20.8,37.8,59.2,304.1,20.8,14.8,0.06,0.0,-1.0
0,33.5245,72.4845,2020-07-18,0.0,2.5,12.2,38.2,9.7,447.5,0.12,-0.5,-0.866
0,11.2484,84.2935,2014-07-09,23.7,59.2,71.2,76.0,23.7,0.0,0.0,-0.5,-0.866
0,35.7837,87.5841,2010-04-15,0.0,0.2,1.1,1.7,0.4,5079.6,0.09,0.866,-0.5
0,29.1702,72.0002,2022-06-13,0.0,0.0,0.0,0.0,0.0,118.6,0.01,0.0,-1.0
0,11.6137,68.5886,2018-08-27,2.6,6.5,11.4,24.0,3.4,0.0,0.0,-0.866,-0.5
0,34.4283,85.2543,2022-05-01,0.7,0.7,3.4,16.0,1.2,5233.3,0.05,0.5,-0.866
0,34.8981,84.7201,2018-10-03,0.0,2.5,4.8,22.1,2.4,5058.1,0.21,-0.866,0.5
0,8.5667,71.9808,2011-06-13,5.3,7.8,14.6,191.0,5.3,0.0,0.0,0.0,-1.0
0,9.8292,95.5834,2017-11-07,8.4,10.3,18.3,52.8,8.4,0.0,0.0,-0.5,0.866
0,15.2705,91.3871,2022-09-12,2.1,14.3,102.3,127.2,35.6,0.0,0.0,-1.0,-0.0
0,6.9787,94.2859,2018-07-06,1.4,18.0,33.5,81.3,11.5,4.4,0.03,-0.5,-0.866
0,32.0376,73.6647,2007-06-17,6.4,17.3,39.2,39.5,21.4,205.9,0.02,0.0,-1.0
0,21.1883,94.7216,2016-02-08,0.0,0.0,0.0,0.0,0.0,221.6,0.31,0.866,0.5
0,14.3934,97.3865,2021-06-09,24.3,123.1,166.9,276.5,63.9,6.7,0.0,0.0,-1.0
0,26.2823,77.8211,2007-01-28,0.0,0.0,0.0,0.0,0.0,177.6,0.1,0.5,0.866
0,28.5392,68.5668,2019-06-16,0.0,0.0,0.0,0.0,0.0,108.4,0.35,0.0,-1.0
0,18.1519,88.511,2017-06-13,17.6,133.6,172.0,192.1,108.7,0.0,0.0,0.0,-1.0
0,17.5038,83.1212,2020-12-14,0.0,0.0,0.0,0.0,0.0,34.9,0.42,-0.0,1.0
0,27.7184,71.904,2013-06-09,0.0,0.0,0.0,0.2,0.0,177.4,0.06,0.0,-1.0
0,21.1649,75.8668,2009-10-22,0.0,0.0,0.0,0.0,0.0,322.3,0.12,-0.866,0.5
0,30.6643,94.9436,2007-09-04,7.0,13.6,44.0,68.8,9.1,4650.2,0.67,-1.0,-0.0
0,30.8227,91.7837,2012-04-03,0.0,0.0,1.5,1.6,0.9,4933.5,0.17,0.866,-0.5
0,17.7016,72.5432,2009-09-25,3.0,20.9,32.2,64.9,12.4,0.0,0.01,-1.0,-0.0
0,32.4107,68.2845,2017-01-26,0.2,12.5,26.5,42.6,14.0,2131.6,0.33,0.5,0.866
0,32.6048,86.2151,2021-04-21,0.0,0.1,1.0,1.5,0.6,4898.8,0.58,0.866,-0.5
0,25.4301,77.7616,2010-08-20,2.5,37.8,79.6,118.2,18.8,408.0,0.03,-0.866,-0.5
0,8.185,72.0921,2012-10-03,0.1,1.1,1.4,3.9,0.7,0.0,0.0,-0.866,0.5
0,9.2511,96.0661,2014-01-26,0.0,0.0,0.3,3.2,0.2,0.0,0.0,0.5,0.866
0,12.8066,89.1509,2023-06-21,9.2,33.3,154.7,282.1,65.8,0.0,0.0,0.0,-1.0
0,12.2792,92.1178,2012-08-16,6.4,19.6,37.0,54.9,9.7,0.1,0.0,-0.866,-0.5
0,20.5763,89.5812,2008-08-28,0.9,1.0,14.7,146.1,9.6,0.0,0.0,-0.866,-0.5
0,19.7755,82.9737,2015-03-07,0.0,0.0,1.1,1.1,1.0,353.5,0.33,1.0,0.0
0,10.8168,83.989,2010-12-23,2.8,26.6,47.8,69.0,22.0,0.0,0.0,-0.0,1.0
0,27.586,70.2355,2014-05-11,0.2,0.6,1.1,2.2,0.5,90.5,0.05,0.5,-0.866
0,11.3727,86.7413,2020-08-20,0.8,5.9,6.3,106.8,3.1,0.0,0.0,-0.866,-0.5
0,21.6996,76.4194,2018-07-27,1.5,10.4,48.8,92.8,24.0,362.5,0.18,-0.5,-0.866
0,26.1453,96.5601,2012-05-25,0.0,3.0,17.8,32.9,7.8,546.6,0.5,0.5,-0.866
0,8.4396,69.8521,2008-06-24,1.1,4.7,22.1,23.6,7.5,0.0,0.0,0.0,-1.0
0,25.0954,92.1223,2021-03-25,0.0,0.0,0.0,0.0,0.0,103.5,0.54,1.0,0.0
0,6.86,89.9559,2018-03-19,7.3,8.9,11.3,50.1,7.3,0.0,0.0,1.0,0.0
0,27.4423,85.8625,2015-11-19,0.0,1.6,8.3,11.7,4.1,1269.4,1.68,-0.5,0.866
0,28.3145,77.4124,2022-06-26,0.0,0.0,8.6,32.2,7.8,206.4,0.02,0.0,-1.0
0,17.6133,76.8573,2013-07-18,10.8,62.5,86.9,171.9,27.1,521.2,0.09,-0.5,-0.866
0,13.3433,73.0313,2021-08-14,1.0,2.7,46.0,79.0,14.8,0.0,0.0,-0.866,-0.5
0,32.8992,77.5688,2021-09-13,8.3,16.7,24.7,27.6,8.3,4984.9,0.56,-1.0,-0.0
0,32.5605,81.6996,2019-04-24,0.0,0.1,3.2,4.8,2.0,4758.6,0.12,0.866,-0.5
0,19.0879,68.7222,2019-04-11,0.0,0.0,0.0,0.0,0.0,0.0,0.0,0.866,-0.5
0,36.1929,86.6497,2020-06-01,0.0,0.5,0.5,5.0,0.4,5016.5,0.2,0.0,-1.0
0,30.2413,87.5223,2012-05-19,0.0,0.0,0.2,7.0,0.2,5198.8,0.36,0.5,-0.866
0,13.0098,68.4835,2017-07-09,3.0,5.3,8.4,19.4,3.0,0.0,0.0,-0.5,-0.866
0,12.4327,82.671,2015-04-27,1.4,4.5,5.2,31.4,2.2,0.0,0.0,0.866,-0.5
0,13.3322,82.3528,2020-08-14,6.6,15.9,43.1,113.6,11.0,0.0,0.0,-0.866,-0.5
0,35.573,69.7629,2017-11-03,0.0,0.0,0.2,0.4,0.2,3733.2,2.28,-0.5,0.866
0,10.7443,83.3035,2020-07-07,0.2,2.8,39.0,80.8,20.7,0.0,0.0,-0.5,-0.866
0,21.2152,96.2273,2016-08-11,1.6,7.1,25.1,159.4,11.8,490.5,0.72,-0.866,-0.5
0,27.0217,80.6554,2023-04-05,0.0,0.3,12.4,14.1,8.5,127.6,0.01,0.866,-0.5
0,14.9569,89.3803,2011-09-28,6.3,10.7,17.8,115.8,6.3,0.0,0.0,-1.0,-0.0
0,17.587,96.6277,2018-02-15,0.0,0.0,0.0,0.0,0.0,74.3,0.11,0.866,0.5
0,19.01,74.179,2017-06-08,2.6,15.3,31.8,44.1,10.9,648.2,0.81,0.0,-1.0
0,20.7856,76.2757,2017-06-26,7.3,12.3,20.1,40.1,7.3,327.7,0.3,0.0,-1.0
0,27.4499,94.6047,2014-11-26,0.0,0.0,2.1,2.4,1.1,513.3,0.96,-0.5,0.866
0,30.8997,75.3484,2017-07-01,2.4,26.4,50.6,87.3,15.1,240.3,0.03,-0.5,-0.866
0,21.8288,70.8197,2017-09-20,0.0,11.2,62.7,70.9,26.7,133.5,0.05,-1.0,-0.0
0,8.9392,82.4827,2015-08-24,0.6,2.7,8.6,24.4,2.9,0.0,0.0,-0.866,-0.5
0,8.5078,79.4925,2015-05-25,0.0,0.0,5.9,122.1,5.5,2.2,0.04,0.5,-0.866
0,27.8572,78.7316,2014-09-16,0.3,1.0,33.3,112.3,17.8,172.6,0.02,-1.0,-0.0
0,13.2,68.0901,2022-06-20,0.2,1.9,21.3,107.3,6.5,0.0,0.0,0.0,-1.0
0,35.2,82.2986,2013-06-18,0.0,18.4,30.3,33.1,10.8,5232.0,0.34,0.0,-1.0
0,31.2241,87.0523,2010-11-20,0.1,0.9,0.9,0.9,0.8,4991.8,0.12,-0.5,0.866
0,15.3686,69.7866,2023-10-17,8.7,13.2,23.1,23.6,9.5,0.0,0.0,-0.866,0.5
0,14.9737,91.3259,2007-07-27,3.1,16.3,45.7,91.6,16.7,0.0,0.0,-0.5,-0.866
0,15.3831,68.8502,2009-08-14,0.1,0.9,2.8,4.1,1.4,0.0,0.0,-0.866,-0.5
0,17.5589,90.886,2019-12-15,0.0,0.6,0.6,1.3,0.6,0.0,0.0,-0.0,1.0
0,23.1579,85.5184,2015-09-04,11.5,27.4,60.2,110.0,15.7,373.3,0.16,-1.0,-0.0
0,20.1783,73.8345,2012-08-10,6.9,20.2,47.3,174.1,9.3,590.5,0.33,-0.866,-0.5
0,24.0944,77.5227,2017-01-02,0.0,0.0,0.0,0.0,0.0,477.7,0.01,0.5,0.866
0,23.0773,78.8802,2019-06-24,7.6,11.4,11.9,21.8,7.6,340.0,0.86,0.0,-1.0
0,23.0038,86.5523,2012-08-13,22.1,56.5,88.6,171.1,24.9,196.0,1.43,-0.866,-0.5
0,16.2983,92.6642,2017-02-10,0.0,0.0,0.0,0.0,0.0,0.0,0.0,0.866,0.5
0,23.4685,84.7716,2011-10-02,0.1,0.3,2.7,124.7,1.4,653.0,1.28,-0.866,0.5
0,21.4003,95.345,2023-04-04,0.0,0.0,0.0,0.1,0.0,75.0,0.57,0.866,-0.5
0,11.4015,89.0587,2018-03-12,0.4,0.4,0.4,0.5,0.4,0.0,0.0,1.0,0.0
0,16.6447,80.1729,2019-09-16,4.2,21.5,26.6,53.5,14.6,27.0,0.41,-1.0,-0.0
0,22.8533,83.478,2011-08-13,42.4,146.1,264.9,379.2,69.8,605.0,1.43,-0.866,-0.5
0,22.9429,70.6395,2010-05-06,0.0,0.0,0.0,0.0,0.0,15.0,0.0,0.5,-0.866
0,29.3829,93.6256,2007-05-02,0.5,0.5,3.2,25.4,2.7,5009.0,32.23,0.5,-0.866
0,8.0745,92.8653,2008-05-02,0.2,5.6,82.9,193.1,37.1,0.0,0.0,0.5,-0.866
0,13.07,74.8636,2011-04-28,4.6,6.8,50.9,81.3,22.6,56.0,6.0,0.866,-0.5
0,21.5175,77.527,2019-09-22,3.9,11.7,86.1,213.9,42.0,962.0,3.34,-1.0,-0.0
0,7.0777,90.5833,2020-07-22,1.9,10.7,36.2,71.7,13.0,0.0,0.0,-0.5,-0.866
0,23.0009,69.1838,2014-08-07,20.9,26.2,64.1,114.4,20.9,53.0,0.64,-0.866,-0.5
0,23.9822,68.211,2018-08-19,0.0,8.5,8.6,16.6,5.8,2.0,0.29,-0.866,-0.5
0,18.4154,72.4915,2016-01-21,0.0,0.0,0.0,0.0,0.0,0.0,0.0,0.5,0.866
0,14.4694,79.0419,2013-06-27,0.0,0.0,4.5,10.0,2.4,231.0,9.99,0.0,-1.0
0,29.1251,75.5602,2019-05-09,0.0,0.0,0.0,0.0,0.0,209.0,0.29,0.5,-0.866
0,7.3645,85.7994,2019-08-17,19.9,39.3,71.2,98.6,19.9,0.0,0.0,-0.866,-0.5
0,12.6377,71.3245,2013-06-04,6.3,65.9,110.5,146.9,40.0,0.0,0.0,0.0,-1.0
0,12.5043,84.8211,2013-09-27,1.2,5.7,16.2,94.5,6.0,0.0,0.0,-1.0,-0.0
0,33.0996,92.1269,2014-06-02,0.0,0.0,25.1,31.5,12.2,5234.0,3.35,0.0,-1.0
0,23.5054,94.0892,2007-05-17,20.8,81.3,226.7,288.2,49.8,168.0,5.06,0.5,-0.866
0,15.797,74.3845,2013-05-11,1.6,4.1,4.3,8.5,1.7,772.0,2.06,0.5,-0.866
0,21.4878,89.2383,2019-08-15,5.3,43.9,80.2,190.9,24.7,0.0,0.0,-0.866,-0.5
0,24.5544,72.8751,2016-07-18,3.0,12.9,80.1,88.7,49.5,296.0,2.95,-0.5,-0.866
0,30.3501,87.6772,2010-11-03,0.0,0.4,8.9,8.9,8.5,5851.0,26.94,-0.5,0.866
0,33.0324,93.1541,2007-08-28,4.4,20.5,43.8,107.2,11.1,4738.0,0.41,-0.866,-0.5
0,34.9036,95.4397,2012-06-13,0.7,6.5,17.9,46.5,5.4,4824.0,8.37,0.0,-1.0
0,9.417,78.8575,2018-08-14,5.1,7.0,9.0,11.0,5.1,5.0,0.0,-0.866,-0.5
0,8.783,80.3159,2008-01-25,0.0,0.0,2.7,4.0,2.0,77.0,0.57,0.5,0.866
0,33.4557,76.9105,2013-05-26,9.8,9.8,9.8,11.9,9.8,4362.0,31.33,0.5,-0.866
0,10.1098,86.7829,2007-11-26,1.8,3.7,14.9,43.5,6.0,0.0,0.0,-0.5,0.866
0,32.9087,95.4953,2009-05-04,3.8,4.0,6.6,10.3,3.8,4346.0,5.42,0.5,-0.866
0,28.2443,81.4297,2015-10-23,0.0,0.0,0.2,20.5,0.2,159.0,1.28,-0.866,0.5
0,14.602,88.7349,2011-07-24,15.1,51.7,110.3,307.6,24.5,0.0,0.0,-0.5,-0.866
0,12.9643,79.7274,2022-06-02,0.0,0.1,2.4,5.5,1.9,79.0,0.41,0.0,-1.0
0,19.4746,81.7382,2008-05-01,0.0,0.6,1.0,1.0,0.6,576.0,1.22,0.5,-0.866
0,26.1983,96.3032,2016-10-23,1.0,3.5,3.8,101.1,2.2,293.0,4.65,-0.866,0.5
0,28.0661,73.9796,2015-06-22,0.0,0.4,5.0,8.3,4.6,279.0,2.02,0.0,-1.0
0,35.3957,73.5481,2007-08-26,1.0,1.9,3.3,11.1,1.0,4084.0,24.53,-0.866,-0.5
0,36.3751,69.3016,2020-07-28,0.0,0.0,0.0,0.0,0.0,1127.0,0.29,-0.5,-0.866
0,23.2683,88.7369,2008-09-23,7.2,20.8,49.2,116.7,10.6,7.0,0.91,-1.0,-0.0
0,15.0955,70.6083,2022-06-27,4.6,16.3,81.3,106.2,33.4,0.0,0.0,0.0,-1.0
0,22.8377,79.0114,2011-10-24,0.0,0.0,0.0,0.0,0.0,376.0,0.29,-0.866,0.5
0,16.1213,86.8598,2019-07-19,4.5,38.6,40.3,107.0,26.3,0.0,0.0,-0.5,-0.866
0,17.6633,97.0136,2022-09-05,14.9,31.0,43.8,169.6,14.9,531.0,19.59,-1.0,-0.0
0,26.7713,80.0309,2015-11-03,0.0,0.0,21.0,22.0,10.9,136.0,0.29,-0.5,0.866
0,33.0432,77.8177,2021-06-15,0.1,0.5,1.7,6.9,0.9,4652.0,25.23,0.0,-1.0
0,29.1111,93.4231,2017-04-02,5.3,8.2,12.5,18.4,5.3,3034.0,0.86,0.866,-0.5
0,21.6906,93.3615,2017-08-20,10.7,26.3,96.8,254.8,24.4,438.0,11.21,-0.866,-0.5
0,22.7063,92.5444,2011-04-26,6.7,9.1,12.4,14.9,6.7,100.0,7.53,0.866,-0.5
0,35.817,91.3722,2009-09-13,0.6,13.4,39.6,71.3,10.4,5089.0,3.84,-1.0,-0.0
0,31.2033,93.9813,2008-12-18,0.0,0.0,0.0,0.1,0.0,4047.0,18.79,-0.0,1.0
0,22.0871,84.9762,2012-05-18,0.0,0.0,1.2,7.9,1.2,315.0,11.4,0.5,-0.866
0,28.6913,88.1783,2010-09-16,5.3,22.3,58.1,123.6,24.5,5313.0,30.54,-1.0,-0.0
0,16.2646,92.6758,2023-06-13,41.1,89.1,132.0,219.3,42.5,0.0,0.0,0.0,-1.0
0,26.2068,79.5876,2020-08-24,0.4,18.3,42.3,170.4,10.9,134.0,0.0,-0.866,-0.5
0,27.134,97.1445,2021-05-21,9.5,36.2,57.7,115.4,16.8,2237.0,32.62,0.5,-0.866
0,11.171,88.4713,2007-09-23,1.2,7.0,64.6,152.2,36.8,0.0,0.0,-1.0,-0.0
0,33.2955,96.5938,2011-09-16,12.7,13.6,32.1,54.5,13.4,4618.0,6.62,-1.0,-0.0
0,33.9753,88.5007,2019-06-25,1.1,6.7,14.5,29.7,5.1,5246.0,10.99,0.0,-1.0
0,25.6475,96.0707,2007-05-01,0.0,0.0,10.8,25.2,8.6,302.0,13.24,0.5,-0.866
0,31.3297,88.0742,2010-03-15,0.0,0.0,0.0,0.2,0.0,4985.0,14.04,1.0,0.0
0,19.1575,78.5467,2016-07-23,0.6,28.8,43.3,195.1,14.1,337.0,6.16,-0.5,-0.866
0,16.7951,79.06,2022-06-20,3.9,7.0,62.2,65.5,19.2,253.0,0.64,0.0,-1.0
0,25.5566,85.5034,2022-08-02,8.2,55.6,121.4,224.5,30.9,46.0,0.41,-0.866,-0.5
0,16.089,68.9157,2019-08-28,2.6,7.9,16.4,27.4,4.0,0.0,0.0,-0.866,-0.5
0,29.0875,90.7087,2018-07-19,12.5,21.3,78.6,200.5,23.9,4438.0,0.0,-0.5,-0.866
0,34.9737,88.203,2008-12-13,0.0,0.0,0.0,0.0,0.0,4889.0,2.64,-0.0,1.0
0,35.383,90.392,2009-03-09,0.1,0.8,1.3,3.4,0.7,4920.0,2.7,1.0,0.0
0,8.9889,89.3662,2021-08-04,0.2,6.0,8.1,16.3,5.1,0.0,0.0,-0.866,-0.5
0,17.8955,77.9528,2008-08-16,3.0,12.7,52.2,237.8,26.9,541.0,0.81,-0.866,-0.5
0,16.1862,84.3025,2013-08-15,16.3,29.2,68.9,140.1,19.7,0.0,0.0,-0.866,-0.5
0,24.9115,70.8011,2007-08-19,0.0,0.1,1.4,83.8,0.4,124.0,2.0,-0.866,-0.5
0,34.5661,81.1107,2015-07-15,0.0,2.8,25.1,43.4,9.5,5256.0,6.0,-0.5,-0.866
0,27.4139,79.4513,2008-10-21,0.0,0.0,0.0,0.2,0.0,152.0,0.29,-0.866,0.5
0,14.0961,71.4712,2021-07-06,7.6,32.1,34.8,45.1,19.0,0.0,0.0,-0.5,-0.866
0,15.3017,72.801,2020-06-11,33.6,47.4,65.3,285.7,33.6,0.0,0.0,0.0,-1.0
0,9.7902,72.5665,2022-09-07,13.2,105.0,232.9,335.3,54.9,0.0,0.0,-1.0,-0.0
0,21.0874,68.1679,2012-09-26,0.0,0.0,0.0,15.8,0.0,0.0,0.0,-1.0,-0.0
0,29.6739,69.2943,2022-05-11,0.0,0.0,0.0,0.1,0.0,949.0,0.86,0.5,-0.866
0,13.362,81.1177,2010-08-04,0.3,3.1,4.8,13.4,2.8,0.0,0.0,-0.866,-0.5
0,11.433,71.894,2007-12-20,55.4,71.7,71.7,71.9,55.4,0.0,0.0,-0.0,1.0
0,19.6429,78.8169,2023-08-01,2.4,5.5,86.3,324.7,45.7,564.0,0.64,-0.866,-0.5
0,33.4307,78.8645,2022-07-14,0.2,0.2,11.5,24.9,4.1,5028.0,17.56,-0.5,-0.866
0,7.5061,80.8706,2009-08-03,0.9,9.5,12.4,15.7,6.9,280.0,15.53,-0.866,-0.5
0,9.1173,93.8945,2019-08-16,20.7,42.0,82.9,128.3,20.7,0.0,0.0,-0.866,-0.5
0,21.7134,75.1753,2010-10-05,0.0,0.0,14.5,22.1,14.5,428.0,0.91,-0.866,0.5
0,7.2233,70.5481,2021-05-07,1.9,6.7,33.4,54.9,17.5,0.0,0.0,0.5,-0.866
0,26.2959,84.1046,2009-07-16,0.7,1.8,4.1,79.1,1.2,67.0,0.0,-0.5,-0.866
0,35.626,87.3597,2008-08-04,6.8,6.8,10.6,34.6,6.8,5019.0,15.52,-0.866,-0.5
0,13.4674,72.3479,2019-04-23,0.0,0.0,0.0,0.0,0.0,0.0,0.0,0.866,-0.5
0,6.8358,69.7698,2023-09-04,2.6,19.7,76.1,145.7,23.9,0.0,0.0,-1.0,-0.0
0,26.4773,85.2744,2011-01-26,0.3,0.3,0.3,1.0,0.3,62.0,0.29,0.5,0.866
0,16.0859,75.1884,2013-07-07,10.9,24.5,36.7,48.5,12.5,639.0,0.91,-0.5,-0.866
0,26.4211,82.1091,2019-05-06,0.0,0.0,0.8,0.8,0.7,99.0,1.22,0.5,-0.866
0,23.091,86.4974,2011-09-03,7.1,70.9,102.7,158.7,46.1,188.0,1.43,-1.0,-0.0
0,26.5125,93.3064,2009-04-25,0.0,7.4,46.6,66.2,17.2,266.0,3.16,0.866,-0.5
0,20.8307,97.2011,2014-03-06,0.0,0.0,0.0,0.0,0.0,1218.0,2.43,1.0,0.0
0,25.3082,80.1985,2015-08-08,6.9,10.8,33.7,35.9,18.9,139.0,0.29,-0.866,-0.5
0,18.6917,90.1949,2019-02-11,0.0,0.0,0.0,0.0,0.0,0.0,0.0,0.866,0.5
0,7.33,87.8139,2021-10-13,2.7,17.5,36.7,114.4,15.9,0.0,0.0,-0.866,0.5
0,28.9583,71.7561,2023-08-26,0.2,0.2,1.5,1.5,1.3,122.0,0.0,-0.866,-0.5
0,33.1623,87.0582,2014-09-06,0.1,0.4,13.6,43.2,4.0,4942.0,4.87,-1.0,-0.0
0,24.4694,76.485,2007-09-14,0.2,0.3,2.0,78.3,1.5,309.0,0.41,-1.0,-0.0
0,19.0195,84.5698,2011-08-25,5.2,28.2,62.1,143.5,18.4,32.0,0.0,-0.866,-0.5
0,29.6875,69.1785,2021-06-09,0.0,0.0,24.3,25.5,22.3,976.0,3.1,0.0,-1.0
0,26.005,97.107,2017-06-27,21.2,52.3,101.7,306.5,24.2,1165.0,22.81,0.0,-1.0
0,34.0798,93.2337,2019-07-16,3.8,13.5,16.5,39.5,9.3,4560.0,0.64,-0.5,-0.866
0,29.2225,92.7655,2011-08-18,4.3,16.0,36.7,85.5,12.3,4936.0,14.16,-0.866,-0.5
0,20.5798,70.6841,2023-07-11,3.5,30.3,97.0,311.4,23.8,0.0,0.0,-0.5,-0.866
0,24.991,69.8566,2016-08-09,0.1,18.3,100.8,101.2,33.0,60.0,2.31,-0.866,-0.5
0,24.333,74.7213,2014-10-11,0.0,0.4,1.6,2.2,0.7,483.0,0.57,-0.866,0.5
0,23.4804,78.2811,2017-06-27,16.8,62.6,81.1,87.5,24.3,512.0,0.29,0.0,-1.0
0,22.0302,80.1404,2013-05-14,0.0,0.0,0.0,0.0,0.0,324.0,1.46,0.5,-0.866
0,10.6783,90.7123,2018-06-22,1.7,4.7,81.1,122.1,31.4,0.0,0.0,0.0,-1.0
0,12.6339,81.6494,2016-07-04,2.8,2.8,30.7,117.4,17.7,0.0,0.0,-0.5,-0.866
0,25.6579,74.0691,2017-09-27,0.0,0.0,0.2,9.0,0.2,598.0,1.18,-1.0,-0.0
0,11.9923,87.1006,2019-07-08,0.2,2.9,5.6,53.0,2.7,0.0,0.0,-0.5,-0.866
0,21.0303,75.9868,2017-08-18,6.5,8.4,13.0,18.9,6.5,284.0,0.29,-0.866,-0.5
0,10.8902,85.8765,2019-05-13,0.0,0.1,0.2,179.0,0.1,0.0,0.0,0.5,-0.866
0,6.598,73.5734,2021-11-16,19.9,34.8,49.9,123.8,19.9,0.0,0.0,-0.5,0.866
0,34.5425,84.244,2020-09-17,0.0,0.0,0.0,17.2,0.0,4862.0,1.54,-1.0,-0.0
0,12.4757,69.5043,2010-07-16,1.7,20.7,22.6,59.8,12.2,0.0,0.0,-0.5,-0.866
0,20.791,79.4131,2010-04-06,0.0,0.0,0.0,4.3,0.0,268.0,1.22,0.866,-0.5
0,17.34,91.6383,2009-02-28,0.0,0.0,0.0,0.0,0.0,0.0,0.0,0.866,0.5
0,14.8207,84.1805,2010-06-26,0.6,7.5,51.4,102.6,29.3,0.0,0.0,0.0,-1.0
0,34.2724,88.2584,2008-05-22,0.0,1.8,13.0,27.4,7.3,5064.0,2.08,0.5,-0.866
0,6.7957,77.9594,2016-08-09,0.0,0.1,1.6,20.8,0.7,0.0,0.0,-0.866,-0.5
0,19.3941,74.7994,2015-08-19,0.0,0.7,10.7,47.1,8.8,518.0,0.64,-0.866,-0.5
0,34.3355,78.4298,2017-05-01,0.2,5.2,5.3,14.4,3.7,5713.0,34.65,0.5,-0.866
0,29.3705,73.0693,2013-11-13,0.0,0.0,1.0,1.2,1.0,152.0,0.29,-0.5,0.866
0,22.7513,68.5145,2015-04-19,0.0,0.0,0.0,0.0,0.0,0.0,0.0,0.866,-0.5
0,30.7865,71.6746,2014-05-14,0.0,10.2,10.6,13.5,10.0,141.0,0.0,0.5,-0.866
0,13.7607,85.9834,2015-10-08,5.9,13.0,70.6,116.6,23.2,0.0,0.0,-0.866,0.5
0,9.7216,75.0437,2019-06-19,16.0,20.1,40.1,165.6,16.0,0.0,0.0,0.0,-1.0
0,19.885,74.8493,2021-09-14,2.6,69.8,85.0,231.2,51.3,524.0,0.29,-1.0,-0.0
0,19.7758,89.8053,2019-06-20,47.3,92.8,104.6,290.8,47.3,0.0,0.0,0.0,-1.0
0,7.1908,90.5691,2022-05-22,0.0,0.1,0.9,59.8,0.6,0.0,0.0,0.5,-0.866
0,19.5995,93.8168,2022-06-01,22.5,55.4,104.7,297.8,22.5,0.0,0.0,0.0,-1.0
0,21.7268,79.4431,2018-07-07,23.6,181.3,231.3,314.3,121.6,392.0,1.03,-0.5,-0.866
0,10.8355,70.282,2019-09-22,9.7,13.5,18.0,30.4,9.7,0.0,0.0,-1.0,-0.0
0,11.5514,79.9182,2019-05-12,0.0,0.0,0.0,1.8,0.0,0.0,0.0,0.5,-0.866
0,14.7243,89.0905,2022-10-13,1.3,16.6,55.2,139.6,11.6,0.0,0.0,-0.866,0.5
0,35.3197,88.2515,2009-07-21,1.9,8.2,28.7,62.3,8.7,4874.0,3.24,-0.5,-0.866
0,20.0674,91.603,2018-06-12,46.5,133.8,312.5,386.1,136.9,0.0,0.0,0.0,-1.0
0,17.9291,82.4832,2009-08-14,8.1,14.0,27.0,36.1,8.1,895.0,12.44,-0.866,-0.5
0,19.6209,78.2728,2022-06-09,0.0,0.0,0.2,2.4,0.2,402.0,2.18,0.0,-1.0
0,11.2429,74.4645,2023-08-17,1.5,3.3,7.8,31.2,3.2,0.0,0.0,-0.866,-0.5
0,30.8043,92.9541,2008-12-12,0.0,0.0,0.0,0.0,0.0,4961.0,15.35,-0.0,1.0
0,29.3213,70.6542,2008-10-03,0.0,0.0,0.0,1.5,0.0,101.0,0.41,-0.866,0.5
0,14.0117,83.495,2016-05-05,0.0,0.0,0.0,0.0,0.0,0.0,0.0,0.5,-0.866
0,10.749,80.8589,2014-10-06,8.9,10.0,12.2,24.4,8.9,0.0,0.0,-0.866,0.5
0,18.7839,72.9155,2009-03-28,0.0,0.0,0.0,0.0,0.0,6.0,1.28,1.0,0.0
0,25.1283,84.892,2012-09-28,0.0,0.0,0.0,104.8,0.0,73.0,0.57,-1.0,-0.0
0,15.1473,81.8723,2014-07-06,6.0,7.4,7.4,17.9,6.0,0.0,0.0,-0.5,-0.866
0,7.0155,96.3596,2009-08-03,0.0,1.4,1.4,9.0,1.2,0.0,0.0,-0.866,-0.5
0,29.6851,75.9368,2010-09-18,0.0,0.1,26.7,97.4,17.6,226.0,0.0,-1.0,-0.0
0,29.8718,84.3264,2011-06-06,1.0,1.0,2.4,6.4,1.4,5209.0,16.24,0.0,-1.0
0,22.5097,73.5108,2012-09-11,22.6,56.3,434.3,500.7,241.2,123.0,0.41,-1.0,-0.0
0,29.4905,83.1408,2008-01-17,9.7,9.7,9.8,15.4,9.7,4063.0,43.12,0.5,0.866
0,18.3142,72.9265,2011-07-28,26.4,77.1,132.8,396.9,28.4,0.0,0.0,-0.5,-0.866
0,13.7578,85.9646,2015-06-26,5.8,6.4,37.9,193.5,22.3,0.0,0.0,0.0,-1.0
0,20.3722,81.4209,2014-08-23,6.1,11.4,21.3,34.7,6.1,387.0,1.18,-0.866,-0.5
0,11.3626,85.8773,2011-02-13,0.0,0.0,3.1,104.4,2.9,0.0,0.0,0.866,0.5
0,6.5172,81.5928,2019-09-22,7.9,16.1,21.3,48.7,7.9,26.0,0.91,-1.0,-0.0
0,23.0095,89.4239,2023-10-15,0.0,0.0,3.0,191.0,2.8,10.0,0.29,-0.866,0.5
0,17.1181,85.8628,2019-08-24,34.1,47.3,66.3,83.2,34.1,0.0,0.0,-0.866,-0.5
0,29.0489,83.4424,2022-07-17,1.3,1.8,44.3,90.5,13.4,5440.0,38.16,-0.5,-0.866
0,10.2872,69.0743,2016-03-12,0.0,0.0,0.1,0.1,0.1,0.0,0.0,1.0,0.0
0,9.9661,94.6729,2018-06-10,3.3,12.1,59.9,96.0,22.2,0.0,0.0,0.0,-1.0
0,7.2163,82.373,2020-09-07,0.1,18.1,21.5,22.0,17.3,0.0,0.0,-1.0,-0.0
0,29.7522,90.1353,2011-07-19,9.9,23.8,53.4,105.4,9.9,5228.0,8.44,-0.5,-0.866
0,25.9721,76.9082,2014-05-01,0.0,0.0,0.0,7.5,0.0,229.0,0.57,0.5,-0.866
0,33.6099,75.4611,2021-06-23,0.2,1.9,12.2,31.4,5.8,2657.0,18.52,0.0,-1.0
0,17.647,74.0384,2014-04-02,0.0,0.1,0.1,0.1,0.1,718.0,9.85,0.866,-0.5
0,34.9318,94.4626,2018-10-10,0.0,1.6,6.3,15.1,4.4,4597.0,11.03,-0.866,0.5
0,8.0936,81.7201,2020-06-21,0.0,4.4,4.6,5.1,4.4,0.0,0.0,0.0,-1.0
0,8.8437,76.6716,2022-09-18,1.3,2.9,11.7,73.1,3.7,1.0,1.28,-1.0,-0.0
0,7.7157,96.95,2018-09-03,3.7,9.5,10.5,37.7,5.1,0.0,0.0,-1.0,-0.0
0,16.4436,77.1551,2010-07-01,11.2,15.0,22.0,55.8,11.2,348.0,1.15,-0.5,-0.866
0,10.8782,88.9776,2023-06-01,0.4,0.9,16.9,21.5,10.7,0.0,0.0,0.0,-1.0
0,13.0608,83.3722,2017-01-13,0.2,0.2,0.2,0.9,0.2,0.0,0.0,0.5,0.866
0,30.4553,81.5786,2018-08-10,5.5,15.9,43.8,60.1,11.2,4839.0,6.52,-0.866,-0.5
0,8.0275,83.2514,2022-04-15,2.6,15.9,59.6,88.6,19.8,0.0,0.0,0.866,-0.5
0,26.4896,84.1657,2009-09-17,1.9,5.5,12.8,133.2,4.5,73.0,0.64,-1.0,-0.0
0,36.4593,72.5232,2021-09-11,7.0,9.2,9.2,16.5,7.0,4072.0,14.58,-1.0,-0.0
0,28.4435,86.7385,2013-04-25,0.0,0.0,6.7,6.9,3.5,5124.0,25.82,0.866,-0.5
0,9.2957,79.3247,2008-06-02,0.8,1.3,1.3,7.4,0.8,6.0,1.03,0.0,-1.0
0,15.5873,96.13,2013-05-19,16.3,29.3,85.8,101.3,16.9,0.0,0.0,0.5,-0.866
0,19.0277,92.3647,2015-04-18,0.3,0.3,0.3,0.3,0.3,0.0,0.0,0.866,-0.5
0,36.2308,72.82,2022-02-24,2.9,10.4,10.6,13.4,6.4,5013.0,48.75,0.866,0.5
0,30.1104,74.4633,2022-10-06,0.0,0.0,0.0,35.3,0.0,193.0,0.29,-0.866,0.5
0,9.9271,87.7478,2018-09-11,0.0,0.3,0.6,42.1,0.3,0.0,0.0,-1.0,-0.0
0,32.0178,96.1922,2017-05-18,0.0,4.3,6.6,19.9,4.3,3964.0,1.54,0.5,-0.866
0,25.4457,77.6327,2023-04-22,0.0,0.0,0.0,0.9,0.0,479.0,0.41,0.866,-0.5
0,26.978,91.7826,2014-09-08,3.3,34.5,76.1,223.3,19.0,1828.0,19.62,-1.0,-0.0
0,30.948,80.7993,2016-06-17,0.0,0.6,1.2,2.3,0.6,4893.0,12.98,0.0,-1.0
0,21.4662,89.3662,2016-07-19,12.9,53.9,155.4,351.3,44.5,0.0,0.0,-0.5,-0.866
0,30.5502,75.6004,2014-09-18,0.0,0.3,2.7,48.1,1.3,235.0,0.29,-1.0,-0.0
0,31.8346,74.4591,2011-11-15,0.0,0.0,0.0,0.0,0.0,218.0,0.86,-0.5,0.866
0,34.2815,88.5728,2019-07-14,4.3,8.1,14.9,30.3,4.6,5006.0,3.34,-0.5,-0.866
0,19.0787,77.7708,2022-03-06,0.0,0.0,0.0,0.0,0.0,478.0,0.29,1.0,0.0
0,34.9547,87.555,2020-09-02,0.0,0.2,13.7,26.1,10.8,4824.0,0.64,-1.0,-0.0
0,18.6777,80.7489,2017-07-01,8.3,20.0,68.5,117.7,21.0,185.0,1.28,-0.5,-0.866
0,34.6278,71.4877,2019-05-16,4.3,6.8,7.5,7.5,4.3,841.0,26.02,0.5,-0.866
0,24.1527,79.9569,2014-09-10,0.9,6.4,35.4,82.0,11.5,388.0,16.31,-1.0,-0.0
0,24.8172,72.8644,2019-04-11,0.0,0.0,0.0,0.0,0.0,423.0,17.23,0.866,-0.5
0,32.096,70.9695,2007-03-24,0.0,0.0,33.4,54.6,21.9,177.0,0.41,1.0,0.0
0,11.0014,80.642,2011-10-26,22.8,86.0,111.7,147.7,31.8,0.0,0.0,-0.866,0.5
0,36.2551,68.0616,2016-05-05,0.0,6.6,19.1,28.8,12.5,1025.0,4.86,0.5,-0.866
0,36.011,78.8196,2018-08-27,0.0,2.5,7.3,20.7,2.5,5704.0,27.78,-0.866,-0.5
0,26.4817,70.5818,2017-04-10,0.0,0.0,0.0,0.0,0.0,182.0,2.82,0.866,-0.5
0,9.4991,97.3913,2007-03-02,0.0,0.0,0.0,0.0,0.0,0.0,0.0,1.0,0.0
0,31.1429,73.6713,2022-05-13,0.0,0.0,0.0,0.9,0.0,184.0,0.0,0.5,-0.866
0,9.7262,85.5044,2009-08-17,1.2,16.5,21.9,24.5,11.6,0.0,0.0,-0.866,-0.5
0,31.4541,76.3911,2015-02-20,6.1,12.2,16.8,17.1,6.1,664.0,20.0,0.866,0.5
0,11.2218,90.8942,2014-07-16,3.6,25.2,71.3,144.2,14.0,0.0,0.0,-0.5,-0.866
0,27.171,68.945,2012-09-22,0.0,0.0,0.0,91.1,0.0,77.0,3.2,-1.0,-0.0
0,27.3473,91.903,2016-06-17,22.5,52.3,100.1,161.2,22.5,4065.0,20.63,0.0,-1.0
0,15.3096,88.8169,2014-07-26,26.1,91.2,120.3,249.1,36.9,0.0,0.0,-0.5,-0.866
0,30.3277,92.9901,2014-08-07,4.8,11.6,27.4,76.3,5.6,4089.0,13.57,-0.866,-0.5
0,20.3386,88.7454,2010-02-02,0.0,0.0,0.0,0.0,0.0,0.0,0.0,0.866,0.5
0,10.9304,97.4477,2009-04-24,0.9,6.7,22.3,58.8,9.5,0.0,0.0,0.866,-0.5
0,14.9743,77.8155,2022-06-08,0.1,0.3,1.4,15.4,0.7,274.0,0.57,0.0,-1.0
0,19.56,71.6172,2016-08-22,0.5,3.2,10.9,35.0,2.3,0.0,0.0,-0.866,-0.5
0,20.6968,68.9982,2018-04-07,0.0,0.0,0.0,0.0,0.0,0.0,0.0,0.866,-0.5
0,8.4817,68.9257,2019-09-09,0.2,0.5,2.8,60.8,0.8,0.0,0.0,-1.0,-0.0
0,12.0969,82.6797,2017-08-13,8.6,13.7,26.7,55.0,8.6,0.0,0.0,-0.866,-0.5
0,19.9884,92.0655,2020-09-23,6.2,59.6,101.7,174.9,28.5,0.0,0.0,-1.0,-0.0
0,26.2521,96.2629,2012-09-28,15.3,41.7,125.0,359.1,27.5,286.0,14.17,-1.0,-0.0
0,6.7232,91.1046,2009-11-14,22.0,39.7,78.0,190.2,22.0,0.0,0.0,-0.5,0.866
0,21.1068,97.1569,2014-04-05,0.6,0.6,1.8,1.9,1.2,861.0,0.57,0.866,-0.5
0,21.8835,82.6131,2012-06-07,0.0,0.0,0.0,0.0,0.0,258.0,0.57,0.0,-1.0
0,19.0361,90.7404,2017-08-23,10.0,47.7,89.0,187.9,26.8,0.0,0.0,-0.866,-0.5
0,6.5821,82.2426,2013-09-17,0.7,0.7,1.1,3.6,0.7,0.0,0.0,-1.0,-0.0
0,12.8319,77.8093,2023-08-24,0.0,0.9,3.4,14.4,1.4,890.0,1.46,-0.866,-0.5
0,14.7034,79.5254,2013-07-19,26.3,36.4,38.8,144.4,26.3,68.0,0.41,-0.5,-0.866
0,19.5481,96.0196,2016-09-15,5.5,19.5,61.0,131.5,25.9,140.0,4.01,-1.0,-0.0
0,22.6638,90.2953,2007-02-11,0.0,0.1,31.4,44.6,13.5,0.0,0.0,0.866,0.5
0,18.7201,86.4978,2020-09-16,6.0,10.3,17.1,32.5,6.0,0.0,0.0,-1.0,-0.0
0,34.3715,94.9661,2017-08-08,0.7,5.7,16.4,47.1,7.1,4927.0,16.95,-0.866,-0.5
0,31.5441,74.5755,2008-05-21,0.0,8.4,13.4,16.7,7.1,221.0,0.0,0.5,-0.866
0,31.0021,87.7188,2015-08-13,10.3,26.6,31.3,58.5,13.8,4902.0,10.3,-0.866,-0.5
0,6.6286,74.762,2021-05-27,9.1,68.3,127.9,161.9,45.2,0.0,0.0,0.5,-0.866
0,13.6694,68.0664,2015-02-03,0.0,0.0,0.0,2.3,0.0,0.0,0.0,0.866,0.5
0,22.5577,94.5351,2023-11-01,0.7,1.1,4.5,28.9,2.0,346.0,6.17,-0.5,0.866
0,32.5564,89.6161,2016-09-26,2.2,6.9,22.5,30.5,11.1,4891.0,2.36,-1.0,-0.0
0,29.567,87.5678,2013-07-19,18.2,35.9,60.8,164.0,18.2,5214.0,20.0,-0.5,-0.866
0,22.5227,84.2946,2014-09-28,0.0,0.0,0.0,45.3,0.0,357.0,1.43,-1.0,-0.0
0,34.2689,79.4763,2013-08-06,0.8,3.6,24.7,29.9,14.3,5454.0,6.02,-0.866,-0.5
0,16.3632,75.2451,2011-07-04,3.3,19.8,31.2,38.4,14.0,550.0,1.18,-0.5,-0.866
0,34.4325,89.565,2015-05-10,0.0,0.4,2.1,14.2,1.4,5035.0,1.22,0.5,-0.866
0,18.9673,94.7257,2018-05-06,1.1,1.3,18.6,29.6,10.2,859.0,24.81,0.5,-0.866
0,9.4281,95.4864,2009-06-18,11.2,42.4,65.6,81.3,19.2,0.0,0.0,0.0,-1.0
0,8.7868,72.5893,2014-04-01,0.0,0.0,0.0,7.8,0.0,0.0,0.0,0.866,-0.5
0,8.4795,90.725,2012-09-09,6.8,27.6,48.6,118.8,14.4,0.0,0.0,-1.0,-0.0
0,9.9011,81.3131,2021-04-25,0.0,1.1,2.1,25.0,0.8,0.0,0.0,0.866,-0.5
0,21.8234,82.1966,2009-08-26,24.1,56.0,100.2,187.8,28.5,241.0,1.43,-0.866,-0.5
0,17.1878,70.7149,2013-05-26,0.0,0.1,0.1,0.1,0.1,0.0,0.0,0.5,-0.866
0,22.8591,75.3831,2009-01-20,0.0,0.0,0.0,4.0,0.0,527.0,0.41,0.5,0.866
0,36.2637,72.7876,2013-06-17,0.8,2.7,3.7,3.7,1.7,4342.0,4.52,0.0,-1.0
0,20.8607,95.2791,2017-08-01,6.6,13.2,36.3,178.5,13.7,517.0,17.92,-0.866,-0.5
0,32.1052,91.3836,2023-07-26,0.2,5.4,21.2,44.0,14.4,4749.0,4.87,-0.5,-0.866
0,11.5257,86.3217,2009-07-19,1.3,20.6,34.4,65.0,18.1,0.0,0.0,-0.5,-0.866
0,35.7841,89.9672,2022-09-25,5.0,5.6,14.5,37.8,5.7,4899.0,0.41,-1.0,-0.0
0,23.2237,81.5067,2013-06-12,2.4,126.0,154.5,154.5,102.0,472.0,0.64,0.0,-1.0
0,33.4991,69.0732,2018-05-19,0.2,2.8,7.0,18.1,4.0,2178.0,0.41,0.5,-0.866
0,7.0136,87.6051,2020-06-11,4.9,20.6,45.8,58.4,15.0,0.0,0.0,0.0,-1.0
0,28.992,68.2194,2009-06-15,0.3,0.3,0.3,1.6,0.3,109.0,0.0,0.0,-1.0
0,10.5224,70.8313,2010-07-25,5.2,7.8,16.7,78.2,5.2,0.0,0.0,-0.5,-0.866
0,24.2866,81.9662,2017-07-18,0.4,34.1,83.2,317.3,19.9,343.0,5.55,-0.5,-0.866
0,10.0926,91.9195,2017-09-21,19.7,34.9,102.1,146.3,36.2,0.0,0.0,-1.0,-0.0
0,13.8811,83.8439,2010-07-02,8.3,42.7,45.8,97.4,27.6,0.0,0.0,-0.5,-0.866
0,8.1474,76.8561,2015-11-05,5.4,14.6,90.3,129.7,26.5,0.0,0.0,-0.5,0.866
0,30.9708,97.4788,2020-06-28,1.1,7.9,18.6,31.2,5.4,4838.0,27.38,0.0,-1.0
0,35.9393,96.7663,2016-06-16,0.0,0.0,1.0,2.2,0.6,4741.0,29.92,0.0,-1.0
0,28.6589,80.0027,2017-01-10,0.0,0.0,9.7,12.2,7.4,200.0,3.72,0.5,0.866
0,12.0433,70.7457,2010-04-17,0.0,0.0,0.0,0.0,0.0,0.0,0.0,0.866,-0.5
0,17.376,70.8071,2017-05-11,0.0,0.0,0.0,0.0,0.0,0.0,0.0,0.5,-0.866
0,33.1523,73.3873,2009-05-26,0.0,3.6,5.2,6.2,2.1,461.0,2.46,0.5,-0.866
0,13.4456,76.1572,2009-09-18,18.1,21.4,38.0,52.7,18.1,748.0,1.03,-1.0,-0.0
0,30.8473,84.1936,2016-08-23,0.7,2.7,34.0,69.3,17.9,4823.0,5.71,-0.866,-0.5
0,33.6896,87.408,2008-04-13,0.8,2.4,2.4,6.0,1.1,5086.0,0.41,0.866,-0.5
0,15.8568,93.8999,2015-03-11,0.0,0.0,0.0,0.0,0.0,0.0,0.0,1.0,0.0
0,28.7328,72.0383,2007-03-19,1.3,1.3,1.4,10.3,1.3,116.0,0.64,1.0,0.0
0,9.7049,82.0708,2019-07-12,0.9,5.1,6.7,6.8,4.2,0.0,0.0,-0.5,-0.866
0,22.7589,75.7963,2014-08-18,0.5,3.1,12.3,98.5,6.0,555.0,1.74,-0.866,-0.5
0,8.9603,72.9672,2010-08-19,0.0,2.6,103.6,133.7,52.8,0.0,0.0,-0.866,-0.5
0,25.4252,68.4969,2011-05-23,0.0,0.0,0.0,1.3,0.0,21.0,0.29,0.5,-0.866
0,11.5811,96.2401,2014-09-17,35.6,94.2,108.0,232.6,35.6,0.0,0.0,-1.0,-0.0
0,36.1894,68.156,2013-07-09,0.0,0.0,0.0,3.4,0.0,1208.0,1.67,-0.5,-0.866
0,21.2796,75.0184,2019-07-20,22.7,23.6,29.1,71.9,22.7,188.0,0.64,-0.5,-0.866
0,12.2742,83.5695,2020-06-13,0.2,8.9,35.6,71.7,22.7,0.0,0.0,0.0,-1.0
0,33.8224,76.4861,2010-05-28,13.9,17.7,25.2,95.1,13.9,5499.0,29.82,0.5,-0.866
0,27.7071,75.5225,2010-08-01,3.1,27.9,75.6,152.1,25.4,456.0,0.64,-0.866,-0.5
0,18.6663,73.6394,2012-05-05,0.0,0.0,0.0,3.3,0.0,626.0,0.64,0.5,-0.866
0,30.9334,85.116,2011-12-08,0.0,0.0,0.0,0.0,0.0,4675.0,1.72,-0.0,1.0
0,27.832,74.8102,2009-05-02,0.1,0.1,0.1,0.1,0.1,337.0,0.41,0.5,-0.866
0,27.022,71.9224,2007-05-04,0.0,0.0,0.0,0.1,0.0,221.0,0.41,0.5,-0.866
0,26.0556,89.1585,2020-09-01,9.1,44.3,72.9,136.4,27.3,45.0,0.64,-1.0,-0.0
0,9.7086,74.0868,2010-04-24,5.8,11.2,34.1,39.2,12.1,0.0,0.0,0.866,-0.5
0,32.564,77.5908,2023-07-22,2.9,8.5,16.4,150.7,7.0,5477.0,23.47,-0.5,-0.866
0,26.9094,81.0806,2011-05-21,0.0,2.7,5.2,5.6,2.7,119.0,0.29,0.5,-0.866
0,12.7034,78.4188,2014-10-28,7.6,44.4,73.6,123.9,28.0,649.0,0.91,-0.866,0.5
0,21.1974,95.9997,2007-07-09,1.5,1.9,45.7,149.5,19.1,142.0,1.72,-0.5,-0.866
0,19.4988,72.6789,2008-09-27,0.5,0.5,2.9,177.8,1.6,0.0,0.0,-1.0,-0.0
0,28.9497,83.4663,2016-05-04,1.6,2.1,2.3,10.5,1.6,5603.0,18.24,0.5,-0.866
0,10.7209,76.2402,2022-07-01,16.6,51.9,103.7,240.0,19.1,126.0,21.58,-0.5,-0.866
0,30.0709,83.623,2016-08-12,0.7,14.7,42.1,101.0,13.8,5277.0,27.01,-0.866,-0.5
0,25.8275,81.2556,2022-08-09,0.1,14.7,51.9,164.9,23.5,109.0,0.29,-0.866,-0.5
0,35.4052,75.9544,2011-07-15,2.9,2.9,24.3,49.4,11.5,5039.0,21.5,-0.5,-0.866
0,7.0144,74.9154,2023-07-08,1.6,20.2,93.7,212.3,23.7,0.0,0.0,-0.5,-0.866
0,25.7567,72.2684,2023-06-12,0.0,0.0,0.6,14.8,0.6,126.0,2.02,0.0,-1.0
0,14.1443,70.9156,2016-09-17,0.7,1.1,2.9,7.3,0.9,0.0,0.0,-1.0,-0.0
0,28.8921,68.5988,2014-08-04,0.0,1.3,1.5,4.1,1.3,240.0,2.31,-0.866,-0.5
0,33.4633,75.4369,2023-05-22,0.2,0.2,10.4,39.2,8.7,3112.0,34.09,0.5,-0.866
0,34.1548,86.5118,2011-12-01,0.0,0.0,0.0,0.0,0.0,5163.0,1.03,-0.0,1.0
0,35.2586,77.6576,2020-08-18,0.0,0.0,0.0,10.4,0.0,5790.0,36.13,-0.866,-0.5
0,23.5385,68.0431,2016-05-04,0.0,0.0,0.0,0.0,0.0,0.0,0.0,0.5,-0.866
0,28.1264,80.533,2013-08-09,15.7,65.9,122.8,170.7,32.2,149.0,0.29,-0.866,-0.5
0,25.3654,87.7602,2018-11-19,0.0,0.0,0.0,0.0,0.0,28.0,0.81,-0.5,0.866
0,9.3827,81.9197,2017-05-08,0.7,4.0,7.3,9.4,2.0,0.0,0.0,0.5,-0.866
0,7.8741,77.9164,2017-07-08,0.0,0.0,0.0,9.6,0.0,0.0,0.0,-0.5,-0.866
0,21.2945,80.7093,2009-07-23,0.5,235.4,324.3,471.8,186.1,606.0,4.22,-0.5,-0.866
0,9.5958,94.4298,2008-05-28,0.2,12.7,43.0,70.2,14.1,0.0,0.0,0.5,-0.866
0,12.6488,80.1646,2010-12-03,0.2,16.2,22.8,54.2,13.4,6.0,0.41,-0.0,1.0
0,26.9288,96.7899,2014-07-05,8.5,36.2,72.9,364.8,13.9,1266.0,21.95,-0.5,-0.866
0,28.6407,74.4449,2007-03-09,1.8,1.8,1.8,22.1,1.8,228.0,0.81,1.0,0.0
0,34.0461,80.0696,2021-12-21,0.1,0.1,0.3,0.9,0.2,5096.0,1.54,-0.0,1.0
0,34.207,86.0473,2014-03-09,0.0,0.0,0.0,0.6,0.0,5390.0,9.6,1.0,0.0
0,7.8251,88.3254,2007-07-22,19.8,26.4,39.6,57.9,19.8,0.0,0.0,-0.5,-0.866
0,34.2868,82.4417,2020-12-26,0.0,0.0,0.0,0.0,0.0,5257.0,4.76,-0.0,1.0
0,33.124,70.9528,2015-07-08,0.9,13.7,13.7,28.1,9.7,666.0,16.17,-0.5,-0.866
0,6.5028,88.5432,2021-11-25,11.4,30.3,75.4,159.9,21.5,0.0,0.0,-0.5,0.866
0,23.1886,72.8467,2007-09-21,19.2,25.3,25.3,25.7,19.2,79.0,0.29,-1.0,-0.0
0,26.519,73.6801,2008-09-08,0.0,1.1,1.1,2.0,0.7,302.0,1.03,-1.0,-0.0
0,28.4732,73.7778,2016-05-05,1.9,1.9,2.0,2.0,1.9,204.0,0.0,0.5,-0.866
0,20.3257,87.519,2008-05-05,0.0,0.0,0.0,0.0,0.0,0.0,0.0,0.5,-0.866
0,10.0363,94.9111,2016-05-21,21.5,35.9,44.6,47.1,21.5,0.0,0.0,0.5,-0.866
0,31.5424,80.7388,2012-08-27,3.2,10.1,44.5,94.7,14.5,5658.0,18.2,-0.866,-0.5
0,20.7119,68.2249,2012-06-18,0.0,21.4,90.1,92.1,34.4,0.0,0.0,0.0,-1.0
0,27.0332,94.3406,2012-04-25,24.0,63.7,93.2,199.9,28.0,87.0,0.29,0.866,-0.5
0,12.8536,72.5353,2012-04-08,0.0,0.0,0.0,0.0,0.0,0.0,0.0,0.866,-0.5
0,14.4842,83.3477,2023-07-22,25.2,48.7,91.2,190.6,25.2,0.0,0.0,-0.5,-0.866
0,34.999,95.4955,2017-10-19,0.0,0.7,20.6,25.9,8.0,4456.0,0.91,-0.866,0.5
0,33.0916,72.6432,2013-12-18,0.0,0.0,0.0,0.7,0.0,396.0,9.83,-0.0,1.0
0,35.1085,80.5341,2021-08-26,0.0,0.4,10.8,24.9,5.7,5128.0,14.94,-0.866,-0.5
0,14.8753,75.6767,2007-05-24,2.8,2.8,2.8,2.9,2.8,530.0,0.29,0.5,-0.866
0,12.3881,76.7183,2009-09-15,7.0,33.5,33.7,60.7,21.1,693.0,2.36,-1.0,-0.0
0,32.7417,71.4028,2014-08-02,4.9,25.5,31.0,56.8,11.8,202.0,0.41,-0.866,-0.5
0,32.2153,84.5219,2011-06-21,0.7,5.3,9.0,24.4,3.3,4430.0,1.18,0.0,-1.0
0,8.085,73.3039,2011-10-26,40.1,64.1,85.1,87.6,40.1,0.0,0.0,-0.866,0.5
0,13.7145,69.4974,2009-09-18,0.0,1.6,2.1,12.7,1.6,0.0,0.0,-1.0,-0.0
0,13.7448,84.2922,2009-06-18,0.0,0.0,4.1,17.2,2.7,0.0,0.0,0.0,-1.0
0,14.2897,77.7962,2008-04-06,0.0,3.5,6.3,89.2,3.5,463.0,20.46,0.866,-0.5
0,19.3316,93.0822,2014-05-26,0.8,26.4,105.4,113.3,29.1,0.0,0.0,0.5,-0.866
0,27.4633,70.6368,2009-04-15,0.0,0.0,0.0,0.7,0.0,140.0,0.0,0.866,-0.5
0,19.1637,86.6987,2017-03-25,0.0,0.0,7.0,14.8,6.2,0.0,0.0,1.0,0.0
0,20.327,88.0995,2007-12-11,0.0,0.0,0.0,0.0,0.0,0.0,0.0,-0.0,1.0
0,7.4932,68.3401,2007-01-22,0.0,0.0,0.1,2.5,0.1,0.0,0.0,0.5,0.866
0,32.3866,89.3312,2009-03-06,0.0,0.0,0.0,0.1,0.0,4908.0,7.83,1.0,0.0
0,8.979,73.6174,2021-11-04,13.4,16.8,73.1,116.6,18.3,0.0,0.0,-0.5,0.866
0,30.0095,83.9014,2007-06-26,0.6,1.0,11.1,16.4,5.8,4639.0,2.08,0.0,-1.0
0,28.0768,97.1579,2010-06-22,21.5,55.0,90.3,126.9,26.8,4141.0,13.24,0.0,-1.0
0,30.3407,82.8686,2015-06-10,0.0,0.0,0.0,1.5,0.0,4664.0,0.0,0.0,-1.0
0,11.2782,84.1004,2022-04-22,11.8,11.8,21.1,98.2,11.8,0.0,0.0,0.866,-0.5
0,15.1155,83.4056,2012-09-05,0.7,45.1,76.1,147.4,34.7,0.0,0.0,-1.0,-0.0
0,31.2307,76.5248,2017-08-02,13.4,40.3,60.7,102.3,19.1,317.0,2.92,-0.866,-0.5
0,17.8834,69.1913,2008-07-01,1.5,7.6,14.6,16.2,3.2,0.0,0.0,-0.5,-0.866
0,24.4763,68.0825,2019-05-08,0.0,0.0,0.0,0.0,0.0,7.0,0.29,0.5,-0.866
0,16.8606,78.0739,2015-06-17,4.0,15.9,46.1,53.2,14.1,598.0,2.24,0.0,-1.0
0,22.4011,79.9529,2020-07-08,0.8,21.7,120.4,186.3,39.7,454.0,5.67,-0.5,-0.866
0,10.9782,75.9476,2018-05-11,26.5,70.4,180.4,214.9,40.7,16.0,1.22,0.5,-0.866
0,26.3397,78.8032,2019-09-26,7.3,21.8,98.7,175.5,31.5,150.0,0.81,-1.0,-0.0
0,7.6813,81.8582,2020-07-08,0.7,0.7,1.9,25.4,0.8,0.0,0.0,-0.5,-0.866
0,24.5631,86.1192,2007-07-12,7.4,22.6,41.2,176.3,14.8,362.0,3.48,-0.5,-0.866
0,29.671,90.9691,2023-11-28,0.0,0.0,0.2,0.2,0.2,3682.0,1.03,-0.5,0.866
0,12.043,69.9032,2010-06-02,0.1,29.1,75.3,80.3,27.9,0.0,0.0,0.0,-1.0
0,22.3573,94.261,2007-10-24,0.0,0.6,20.0,138.0,9.6,1078.0,24.68,-0.866,0.5
0,14.3482,89.6319,2012-11-21,0.3,0.3,135.9,174.6,62.1,0.0,0.0,-0.5,0.866
0,22.9243,81.9724,2023-10-08,0.0,0.1,41.1,54.4,26.5,581.0,3.48,-0.866,0.5
0,12.3157,89.1864,2009-05-21,34.7,91.0,108.2,108.3,34.7,0.0,0.0,0.5,-0.866
0,18.4913,75.1457,2019-08-05,9.7,36.0,76.5,129.1,21.3,548.0,0.91,-0.866,-0.5
0,25.0722,76.707,2016-05-19,0.0,0.0,0.0,1.4,0.0,280.0,0.41,0.5,-0.866
0,18.7292,72.6785,2011-05-14,0.0,0.0,0.0,0.0,0.0,0.0,0.0,0.5,-0.866
0,17.5477,89.3942,2010-07-07,1.9,26.1,60.4,255.0,21.0,0.0,0.0,-0.5,-0.866
0,15.7876,90.9597,2008-03-28,0.0,0.0,0.0,0.0,0.0,0.0,0.0,1.0,0.0
0,31.1611,76.6029,2012-12-13,6.0,10.5,10.5,11.3,6.0,320.0,0.64,-0.0,1.0
0,17.1403,90.1336,2008-09-28,0.0,0.7,49.8,201.8,21.2,0.0,0.0,-1.0,-0.0
0,12.0977,91.2654,2017-08-12,0.2,7.2,80.3,125.5,40.1,0.0,0.0,-0.866,-0.5
0,22.8041,73.5152,2007-05-28,0.0,0.0,0.0,0.0,0.0,93.0,0.64,0.5,-0.866
0,26.5599,81.86,2015-06-26,23.9,54.9,55.0,69.7,23.9,108.0,0.64,0.0,-1.0
0,32.3925,83.1329,2023-11-17,0.0,0.0,1.4,3.0,1.4,4957.0,33.55,-0.5,0.866
0,33.9882,68.6635,2018-05-04,0.0,1.1,1.4,2.2,1.1,2406.0,19.23,0.5,-0.866
0,13.7433,88.5735,2015-07-27,19.0,39.8,92.7,175.4,20.7,0.0,0.0,-0.5,-0.866
0,16.4465,96.688,2008-07-27,28.3,79.3,209.6,296.8,64.3,0.0,0.0,-0.5,-0.866
0,26.7103,78.0279,2008-06-21,3.7,9.6,136.9,234.2,47.3,159.0,1.43,0.0,-1.0
0,36.2938,76.5956,2013-05-07,0.7,3.5,4.1,12.8,2.4,4241.0,33.58,0.5,-0.866
0,35.592,92.3062,2015-05-17,0.0,4.3,6.1,10.0,3.0,4664.0,3.34,0.5,-0.866
0,10.1654,89.4893,2010-09-26,16.2,31.7,63.1,133.7,18.0,0.0,0.0,-1.0,-0.0
0,9.2017,88.9835,2010-07-15,8.2,20.2,37.2,59.1,8.8,0.0,0.0,-0.5,-0.866
0,22.8313,85.8905,2009-05-19,0.0,4.1,13.8,30.9,4.2,262.0,4.0,0.5,-0.866
0,25.4262,73.8407,2017-05-13,0.0,0.1,1.0,1.8,0.7,732.0,2.08,0.5,-0.866
0,36.4833,69.1567,2009-07-02,0.0,0.0,0.1,1.1,0.1,1169.0,15.87,-0.5,-0.866
0,35.1863,95.0848,2022-08-17,4.2,17.7,49.1,53.3,13.6,4542.0,0.41,-0.866,-0.5
0,29.252,77.6595,2023-06-15,0.0,0.2,0.3,1.9,0.2,235.0,0.0,0.0,-1.0
0,32.2514,90.9779,2007-08-17,8.3,26.3,42.5,88.7,10.0,4640.0,3.89,-0.866,-0.5
0,6.8202,73.4524,2007-09-26,1.2,8.4,44.0,79.1,11.9,0.0,0.0,-1.0,-0.0
0,24.0827,77.8704,2011-07-18,38.5,72.7,112.4,226.4,38.5,417.0,0.64,-0.5,-0.866
0,31.6279,83.4542,2019-01-23,0.7,1.9,1.9,3.0,1.1,6138.0,15.86,0.5,0.866
0,16.5156,86.7866,2016-07-24,6.9,23.3,56.4,80.2,13.4,0.0,0.0,-0.5,-0.866
0,31.1912,85.5841,2007-11-14,0.0,0.0,0.4,1.6,0.4,4673.0,0.91,-0.5,0.866
0,32.9684,88.0636,2018-06-20,0.5,3.2,17.3,36.7,6.3,5137.0,21.82,0.0,-1.0
0,10.5178,69.7094,2010-06-03,0.0,0.5,90.8,111.2,42.0,0.0,0.0,0.0,-1.0
0,32.6252,86.859,2016-08-04,2.9,10.6,39.9,64.4,10.6,5018.0,2.64,-0.866,-0.5
0,13.2753,79.7116,2007-07-27,11.4,23.9,81.3,107.9,24.0,114.0,2.64,-0.5,-0.866
0,24.0967,90.3174,2012-07-06,9.3,21.9,42.8,148.0,9.3,10.0,1.03,-0.5,-0.866
0,34.748,85.8938,2014-07-03,7.8,8.4,9.3,37.9,7.8,5219.0,7.4,-0.5,-0.866
0,20.0388,77.8881,2015-07-03,0.0,3.6,3.6,304.0,3.5,324.0,0.81,-0.5,-0.866
0,34.5133,88.5148,2011-09-10,4.0,4.7,15.9,43.8,8.6,4825.0,1.03,-1.0,-0.0
0,22.0904,80.0138,2018-09-27,0.0,0.1,40.1,52.6,30.6,504.0,9.37,-1.0,-0.0
0,25.4143,90.9515,2019-06-16,5.5,23.6,53.0,346.1,13.7,379.0,3.35,0.0,-1.0
0,19.3601,96.5055,2010-09-17,1.7,5.8,28.1,73.8,8.3,939.0,9.09,-1.0,-0.0
0,9.9954,71.7992,2008-09-01,33.4,84.6,114.0,123.8,33.4,0.0,0.0,-1.0,-0.0
0,34.8154,93.8075,2018-02-07,0.2,2.2,2.3,2.7,2.0,4478.0,0.64,0.866,0.5
0,18.2177,94.0939,2007-03-28,0.0,0.0,0.0,0.0,0.0,0.0,0.0,1.0,0.0
0,18.0885,88.2048,2013-03-24,0.0,0.0,0.0,0.0,0.0,0.0,0.0,1.0,0.0
0,9.4984,73.1775,2018-05-11,17.0,43.2,60.1,60.7,17.0,0.0,0.0,0.5,-0.866
0,8.0616,80.6789,2010-07-14,0.7,1.1,9.0,21.1,5.5,153.0,0.29,-0.5,-0.866
0,21.0616,92.9992,2011-07-18,57.8,91.8,153.4,218.6,57.8,103.0,15.07,-0.5,-0.866
0,25.1354,97.0256,2008-09-10,8.8,37.5,72.0,241.9,25.4,211.0,5.78,-1.0,-0.0
0,23.1359,91.4174,2013-12-25,0.0,0.0,0.1,0.1,0.1,6.0,0.81,-0.0,1.0
0,16.7783,75.0041,2023-09-18,1.4,3.0,6.7,32.1,1.4,542.0,0.57,-1.0,-0.0
0,10.5949,69.3606,2010-05-12,0.7,5.4,6.0,16.7,3.3,0.0,0.0,0.5,-0.866
0,8.102,87.6773,2007-07-23,28.4,52.1,64.5,82.7,28.4,0.0,0.0,-0.5,-0.866
0,24.6705,69.401,2009-06-19,0.0,0.0,1.2,1.4,1.2,42.0,7.82,0.0,-1.0
0,30.5986,76.4301,2021-05-01,0.1,0.1,0.1,30.7,0.1,266.0,0.0,0.5,-0.866
0,36.2568,85.1955,2020-04-25,0.0,0.4,4.1,9.7,3.0,5059.0,2.36,0.866,-0.5
0,29.4989,84.8951,2016-06-25,0.9,1.9,16.9,31.5,5.6,5032.0,24.9,0.0,-1.0
0,31.4085,86.9316,2021-09-24,0.3,7.6,11.9,54.3,4.3,5173.0,4.99,-1.0,-0.0
0,9.1896,83.4053,2018-04-26,1.4,2.9,3.5,21.6,1.4,0.0,0.0,0.866,-0.5
0,23.8784,86.7849,2017-08-05,12.8,47.7,76.8,222.6,25.9,160.0,2.31,-0.866,-0.5
0,23.4602,76.685,2013-09-10,0.0,0.1,1.2,7.5,0.7,440.0,0.41,-1.0,-0.0
0,35.0987,94.2709,2014-04-27,0.5,0.9,1.0,18.1,0.5,4368.0,0.0,0.866,-0.5
0,15.3329,72.1681,2008-12-13,0.0,0.0,0.0,35.2,0.0,0.0,0.0,-0.0,1.0
0,18.7346,88.6405,2011-12-16,0.0,0.0,0.0,0.0,0.0,0.0,0.0,-0.0,1.0
0,18.4398,71.4726,2021-09-01,3.6,11.8,14.7,48.4,7.4,0.0,0.0,-1.0,-0.0
0,11.7174,74.3693,2014-07-24,6.5,31.9,63.7,171.1,13.3,0.0,0.0,-0.5,-0.866
0,22.0998,74.5017,2018-08-20,3.3,79.6,206.2,225.2,72.5,217.0,5.31,-0.866,-0.5
0,22.1063,87.3891,2016-07-01,10.5,13.5,40.5,57.5,13.2,14.0,2.06,-0.5,-0.866
0,31.3404,94.4689,2010-11-22,0.0,1.8,4.9,13.4,2.0,4664.0,29.49,-0.5,0.866
0,35.9479,94.6163,2017-07-14,0.0,0.0,0.1,13.1,0.1,3830.0,14.79,-0.5,-0.866
0,7.3982,91.7353,2018-09-13,5.1,10.6,39.7,52.3,27.0,0.0,0.0,-1.0,-0.0
0,22.835,72.3251,2019-08-03,11.4,134.5,280.0,319.9,99.3,23.0,0.29,-0.866,-0.5
0,23.6874,78.1692,2013-08-27,5.6,14.0,103.9,321.7,58.8,460.0,0.57,-0.866,-0.5
0,6.948,82.2169,2011-07-22,0.0,0.0,0.0,8.4,0.0,0.0,0.0,-0.5,-0.866
0,29.4947,91.8134,2010-06-11,1.3,8.2,19.9,59.9,5.9,4143.0,22.79,0.0,-1.0
0,14.0579,73.6652,2011-06-18,0.5,28.8,104.7,262.2,23.3,0.0,0.0,0.0,-1.0
0,13.718,91.4904,2015-06-17,21.1,60.1,84.2,115.1,32.1,0.0,0.0,0.0,-1.0
0,25.2812,69.1966,2022-01-06,3.8,19.4,19.4,19.4,10.9,12.0,0.29,0.5,0.866
0,29.07,68.0289,2020-08-17,0.0,0.2,0.5,57.3,0.3,101.0,0.0,-0.866,-0.5
0,24.5118,94.7665,2010-06-02,2.5,11.8,57.0,140.8,21.1,164.0,8.67,0.0,-1.0
0,31.5113,90.516,2009-07-03,0.5,8.1,25.3,37.1,4.9,4873.0,2.18,-0.5,-0.866
0,26.5495,92.0223,2007-06-27,10.1,17.0,119.4,305.7,42.6,67.0,1.43,0.0,-1.0
0,7.9375,69.9536,2015-07-20,0.0,3.4,20.1,52.1,12.7,0.0,0.0,-0.5,-0.866
0,8.9031,86.5809,2017-03-24,0.0,0.0,0.0,3.4,0.0,0.0,0.0,1.0,0.0
0,8.1297,80.0298,2023-05-21,0.4,2.0,6.3,26.1,1.9,54.0,1.03,0.5,-0.866
0,12.377,85.1826,2011-07-14,3.7,27.4,31.7,106.5,16.8,0.0,0.0,-0.5,-0.866
0,8.009,78.8667,2007-08-09,0.0,0.0,1.7,3.8,1.2,0.0,0.0,-0.866,-0.5
0,33.3716,80.9992,2012-08-13,4.3,8.6,16.6,42.6,4.3,4988.0,28.9,-0.866,-0.5
0,8.2455,95.8165,2019-10-24,6.2,30.8,58.6,91.9,16.1,0.0,0.0,-0.866,0.5
0,10.4009,72.0472,2009-01-26,0.0,0.0,0.0,0.7,0.0,0.0,0.0,0.5,0.866
0,25.2617,81.9871,2012-06-02,0.0,0.0,0.0,0.0,0.0,89.0,0.41,0.0,-1.0
0,23.4626,95.5083,2015-03-25,5.1,5.1,5.1,5.1,5.1,172.0,0.0,1.0,0.0
0,7.1821,95.6289,2009-08-09,1.9,13.3,22.7,26.8,6.3,0.0,0.0,-0.866,-0.5
0,35.6089,73.854,2011-07-03,2.4,5.6,10.0,10.0,3.0,2216.0,37.22,-0.5,-0.866
0,35.1258,77.2689,2013-08-06,0.1,1.6,5.9,10.8,3.0,4180.0,56.86,-0.866,-0.5
0,16.8422,96.3499,2009-04-18,17.5,37.6,72.9,81.3,17.5,4.0,0.0,0.866,-0.5
0,20.4277,74.0451,2010-12-06,0.0,0.0,0.0,16.6,0.0,731.0,3.34,-0.0,1.0
0,8.8578,72.8198,2020-06-08,2.7,30.4,80.2,242.7,14.5,0.0,0.0,0.0,-1.0
0,13.6392,83.1422,2021-08-05,1.0,4.9,21.1,35.8,7.9,0.0,0.0,-0.866,-0.5
0,21.3724,84.9164,2013-06-04,0.0,0.0,0.1,3.0,0.1,156.0,2.64,0.0,-1.0
0,13.0476,70.1929,2016-08-10,0.3,0.8,7.9,8.3,6.6,0.0,0.0,-0.866,-0.5
0,14.438,69.4509,2017-11-28,0.0,0.0,0.1,2.7,0.1,0.0,0.0,-0.5,0.866
0,7.9336,93.4916,2010-06-02,2.5,3.4,32.9,57.6,12.4,0.0,0.0,0.0,-1.0
0,19.4348,76.4004,2013-02-15,0.0,0.0,0.0,0.3,0.0,423.0,0.41,0.866,0.5
0,18.4508,83.7584,2022-10-15,17.7,40.2,75.8,245.9,29.3,38.0,0.64,-0.866,0.5
0,26.5183,73.0244,2012-05-01,0.0,0.0,0.2,0.9,0.2,264.0,0.64,0.5,-0.866
0,33.328,85.3753,2013-09-04,2.6,5.4,19.5,66.1,5.0,5226.0,7.41,-1.0,-0.0
0,14.333,95.4523,2017-07-19,6.2,40.7,145.1,250.0,41.4,0.0,0.0,-0.5,-0.866
0,28.4369,85.8916,2014-05-14,0.0,0.0,0.0,2.4,0.0,5005.0,16.7,0.5,-0.866
0,32.742,83.9111,2023-10-28,0.0,0.0,1.4,3.5,1.4,4483.0,0.0,-0.866,0.5
0,11.8165,88.1052,2017-06-01,1.6,5.1,351.8,447.8,319.1,0.0,0.0,0.0,-1.0
0,13.3672,90.133,2022-11-01,0.0,1.3,19.5,67.2,12.0,0.0,0.0,-0.5,0.866
0,30.0682,85.364,2019-08-14,2.4,18.0,33.6,66.3,8.7,5725.0,2.88,-0.866,-0.5
0,26.9224,97.3368,2008-07-23,13.3,40.1,127.9,274.2,27.9,1617.0,30.46,-0.5,-0.866
0,18.5798,95.6767,2023-05-13,16.5,37.9,42.5,42.7,16.5,86.0,2.31,0.5,-0.866
0,29.8966,72.3231,2007-09-12,0.1,8.4,15.6,15.6,8.1,134.0,0.0,-1.0,-0.0
0,17.7835,72.2371,2012-08-06,12.2,19.7,52.3,112.4,17.2,0.0,0.0,-0.866,-0.5
0,13.2172,78.3045,2019-08-03,0.1,0.9,1.6,42.9,0.8,804.0,0.41,-0.866,-0.5
0,26.8624,87.4569,2021-01-11,1.5,1.5,1.5,1.5,1.5,1692.0,15.64,0.5,0.866
0,34.6118,88.2591,2009-07-05,0.1,1.1,15.5,43.0,11.2,4864.0,2.02,-0.5,-0.866
0,22.1851,90.7177,2011-05-19,16.4,24.1,30.1,68.0,16.4,6.0,2.56,0.5,-0.866
0,16.3218,79.7389,2008-07-20,8.3,26.6,41.0,43.8,13.8,202.0,3.62,-0.5,-0.866
0,23.2258,83.7607,2020-08-08,7.5,26.8,88.7,140.7,29.5,839.0,2.18,-0.866,-0.5
0,25.2031,83.9848,2007-09-28,13.3,41.3,158.0,188.0,63.6,81.0,0.0,-1.0,-0.0
0,35.0926,71.7428,2017-10-28,0.0,0.0,3.6,6.0,2.8,1887.0,16.78,-0.866,0.5
0,30.4516,96.0663,2020-08-08,10.6,17.7,22.2,49.4,10.6,5121.0,28.82,-0.866,-0.5
0,35.7503,85.6476,2016-08-17,0.7,10.6,49.7,85.5,14.2,5406.0,1.81,-0.866,-0.5
0,25.9511,76.795,2023-08-28,0.0,0.3,28.1,39.2,16.9,176.0,1.54,-0.866,-0.5
0,23.1062,69.9475,2021-03-12,0.0,0.0,0.0,0.0,0.0,84.0,0.0,1.0,0.0
0,25.282,82.9723,2008-11-25,0.0,0.0,1.1,1.1,0.9,82.0,0.57,-0.5,0.866
0,27.3584,81.0215,2014-06-06,0.0,0.0,1.8,5.1,1.3,132.0,0.64,0.0,-1.0
0,33.3559,79.8488,2012-06-07,1.4,3.9,4.0,4.0,2.1,4760.0,10.27,0.0,-1.0
0,7.2865,86.1597,2009-06-25,1.8,3.5,4.2,14.5,1.8,0.0,0.0,0.0,-1.0
0,35.4057,69.8727,2022-08-15,2.4,4.9,4.9,5.0,2.5,4151.0,52.65,-0.866,-0.5
0,24.813,82.5279,2020-07-28,12.1,18.8,48.7,135.8,12.8,239.0,1.03,-0.5,-0.866
0,21.6742,89.1969,2011-04-27,8.9,24.9,30.3,32.6,8.9,0.0,0.0,0.866,-0.5
0,16.1035,85.0157,2008-07-24,1.2,10.6,48.1,75.9,21.9,0.0,0.0,-0.5,-0.866
0,30.2158,83.6981,2019-08-01,3.2,13.4,45.8,64.1,14.1,4792.0,1.43,-0.866,-0.5
0,25.8065,88.129,2008-09-12,2.5,14.6,21.0,90.4,6.2,37.0,0.0,-1.0,-0.0
0,27.365,94.0491,2018-08-28,8.5,38.7,123.0,190.1,30.6,154.0,2.7,-0.866,-0.5
0,28.3307,77.7904,2007-07-02,4.1,4.5,42.7,57.6,26.4,200.0,0.29,-0.5,-0.866
0,26.6903,72.9536,2017-10-06,0.0,0.0,0.0,0.0,0.0,313.0,0.64,-0.866,0.5
0,32.0744,75.9155,2019-05-17,12.7,14.5,14.7,14.7,12.7,518.0,7.82,0.5,-0.866
0,20.3206,79.625,2016-04-27,0.0,0.0,0.0,0.1,0.0,202.0,0.29,0.866,-0.5
0,12.0707,75.2754,2015-11-22,13.2,30.4,51.6,84.4,13.2,46.0,2.43,-0.5,0.866
0,30.1861,92.4941,2010-05-07,0.3,2.7,26.3,37.3,12.7,4911.0,4.3,0.5,-0.866
0,16.7056,72.8504,2017-03-22,0.0,0.0,0.0,0.0,0.0,0.0,0.0,1.0,0.0
0,12.0981,90.4642,2012-08-16,5.8,16.8,34.2,41.3,9.0,0.0,0.0,-0.866,-0.5
0,33.9186,78.1288,2012-05-19,0.4,0.7,1.0,2.3,0.4,5674.0,28.71,0.5,-0.866
0,18.6095,85.3792,2017-10-08,2.5,33.7,84.2,144.6,21.3,0.0,0.0,-0.866,0.5
0,22.3922,91.0596,2023-06-08,29.5,45.8,47.2,59.1,29.5,0.0,0.0,0.0,-1.0
0,9.6863,88.9632,2022-06-01,5.4,17.3,23.6,64.5,10.3,0.0,0.0,0.0,-1.0
0,22.068,96.2096,2017-11-18,0.0,0.1,0.1,9.2,0.1,103.0,0.64,-0.5,0.866
0,6.969,77.453,2016-07-22,0.0,0.1,12.8,24.7,7.4,0.0,0.0,-0.5,-0.866
0,31.2459,74.6141,2010-05-21,0.0,0.0,0.0,4.9,0.0,214.0,0.29,0.5,-0.866
0,32.8325,94.3691,2010-09-03,13.9,13.9,30.6,64.4,13.9,4789.0,5.55,-1.0,-0.0
0,33.9164,85.6705,2023-04-07,0.0,1.1,6.9,8.8,2.6,5221.0,2.92,0.866,-0.5
0,13.5805,91.4068,2013-03-12,0.0,0.0,0.2,2.4,0.1,0.0,0.0,1.0,0.0
0,18.3359,70.6021,2017-06-04,1.9,6.7,10.9,11.0,4.0,0.0,0.0,0.0,-1.0
0,31.328,73.9678,2018-05-06,0.0,3.9,7.2,14.5,3.2,200.0,0.91,0.5,-0.866
0,25.0814,74.3268,2023-07-24,4.3,24.7,74.7,144.7,23.0,461.0,0.57,-0.5,-0.866
0,9.4213,91.5647,2008-07-11,2.1,14.6,43.1,87.5,11.9,0.0,0.0,-0.5,-0.866
0,6.9817,86.3127,2010-11-05,26.6,43.6,112.2,168.1,26.6,0.0,0.0,-0.5,0.866
0,15.0044,90.7079,2018-03-25,0.0,0.0,0.0,0.0,0.0,0.0,0.0,1.0,0.0
0,11.8197,79.2965,2023-07-04,21.1,38.5,44.3,59.5,21.1,55.0,0.41,-0.5,-0.866
0,20.6866,69.7742,2022-08-05,7.7,8.2,9.1,20.0,7.7,0.0,0.0,-0.866,-0.5
0,6.7018,78.6491,2023-05-17,0.8,1.2,8.1,33.1,4.9,0.0,0.0,0.5,-0.866
0,23.2341,90.6261,2017-07-05,13.5,70.3,106.8,148.2,37.4,0.0,0.0,-0.5,-0.866
0,23.2222,94.9303,2008-09-14,4.6,21.0,56.4,158.2,16.8,382.0,14.1,-1.0,-0.0
0,35.1664,93.489,2021-08-14,6.0,7.5,16.1,24.3,6.0,4539.0,0.41,-0.866,-0.5
0,22.6674,76.2464,2022-09-05,2.3,10.3,33.3,129.2,13.9,559.0,7.74,-1.0,-0.0
0,27.683,83.0511,2015-12-22,0.0,0.0,0.0,0.8,0.0,130.0,0.86,-0.0,1.0
0,22.7405,78.0163,2017-08-12,0.9,4.4,186.1,196.9,130.0,321.0,1.03,-0.866,-0.5
0,30.1282,92.8265,2011-06-17,0.0,17.2,35.1,70.8,16.1,5189.0,18.2,0.0,-1.0
0,15.6363,86.1243,2020-04-03,0.0,0.0,0.0,0.0,0.0,0.0,0.0,0.866,-0.5
0,36.0616,68.7492,2008-10-01,0.0,0.0,0.0,0.0,0.0,809.0,5.77,-0.866,0.5
0,7.7862,91.6478,2014-06-08,11.8,23.6,87.2,169.1,23.1,0.0,0.0,0.0,-1.0
0,8.6824,74.9744,2010-08-27,6.9,35.8,50.7,187.8,16.6,0.0,0.0,-0.866,-0.5
0,30.4794,93.6203,2017-03-01,2.9,3.1,4.6,11.9,2.9,6073.0,6.1,1.0,0.0
0,16.6979,68.9968,2020-05-21,0.0,0.3,0.3,0.3,0.3,0.0,0.0,0.5,-0.866
0,23.1664,73.3734,2016-04-10,0.0,0.0,0.0,0.0,0.0,168.0,0.57,0.866,-0.5
0,32.0337,83.4814,2022-06-19,0.2,0.9,6.7,7.2,5.4,4868.0,21.52,0.0,-1.0
0,10.8222,96.4113,2020-08-08,14.9,52.8,91.7,192.5,33.4,0.0,0.0,-0.866,-0.5
0,19.9701,86.801,2020-07-10,2.1,10.0,33.1,40.4,9.3,0.0,0.0,-0.5,-0.866
0,10.9911,68.1878,2012-06-17,0.1,3.9,7.1,39.6,2.4,0.0,0.0,0.0,-1.0
0,34.0772,76.4934,2023-11-03,0.0,0.0,0.0,0.0,0.0,4577.0,31.6,-0.5,0.866
0,13.0532,92.0002,2010-08-26,11.8,47.8,91.8,149.9,23.6,0.0,0.0,-0.866,-0.5
0,28.6114,73.6175,2011-02-07,0.0,0.0,0.0,0.1,0.0,206.0,0.64,0.866,0.5
0,32.8599,87.0319,2009-08-20,1.3,11.0,27.7,43.9,9.0,4900.0,6.16,-0.866,-0.5
0,8.2695,89.7797,2014-10-17,9.5,29.8,77.2,220.2,19.6,0.0,0.0,-0.866,0.5
0,18.961,82.4414,2021-05-18,0.0,0.0,3.6,10.6,2.5,556.0,0.29,0.5,-0.866
0,16.8502,83.7091,2023-09-13,2.2,20.4,59.4,157.6,28.2,0.0,0.0,-1.0,-0.0
0,27.685,87.6221,2018-05-06,1.2,5.3,31.3,82.9,23.6,5046.0,22.64,0.5,-0.866
0,20.9024,77.465,2015-09-12,0.7,1.6,6.6,19.1,2.3,287.0,0.91,-1.0,-0.0
0,21.015,79.1778,2017-09-02,0.3,1.0,61.0,112.8,26.5,297.0,1.67,-1.0,-0.0
0,10.7734,70.6619,2021-09-28,6.8,22.2,45.1,67.9,16.0,0.0,0.0,-1.0,-0.0
0,17.9724,87.4015,2019-05-04,0.0,38.7,41.7,41.7,37.2,0.0,0.0,0.5,-0.866
0,8.0929,93.6364,2022-08-04,1.9,44.4,79.1,169.2,28.2,0.0,0.0,-0.866,-0.5
0,11.7665,81.4864,2013-05-15,0.0,11.7,11.7,13.4,10.2,0.0,0.0,0.5,-0.866
0,34.2738,87.3342,2007-11-27,0.0,0.0,0.0,0.0,0.0,5035.0,1.72,-0.5,0.866
0,16.2747,73.09,2013-08-19,8.7,42.9,89.7,137.0,17.8,0.0,0.0,-0.866,-0.5
0,28.7298,94.006,2020-11-24,3.0,12.0,41.4,47.6,13.6,3939.0,27.48,-0.5,0.866
0,30.4821,87.3888,2016-08-21,6.9,13.4,36.0,93.0,8.0,5151.0,0.86,-0.866,-0.5
0,13.5882,84.2444,2017-05-06,0.7,0.7,0.8,0.9,0.7,0.0,0.0,0.5,-0.866
0,26.0996,88.7229,2013-05-19,10.2,27.6,47.3,66.2,15.1,56.0,0.57,0.5,-0.866
0,16.1061,95.721,2022-06-04,9.8,17.1,44.9,109.6,14.0,1.0,0.0,0.0,-1.0
0,28.2436,81.6593,2014-09-16,1.7,26.0,94.7,127.3,24.2,172.0,0.81,-1.0,-0.0
0,11.3469,79.5959,2017-05-01,0.6,0.6,1.2,1.2,0.6,9.0,0.0,0.5,-0.866
0,14.3311,75.4899,2022-09-25,1.0,4.2,9.8,29.0,3.4,620.0,2.02,-1.0,-0.0
0,24.8364,89.3884,2021-05-15,1.6,14.5,61.6,144.6,15.4,16.0,1.46,0.5,-0.866
0,6.5806,84.8458,2008-07-06,3.0,8.1,16.1,24.1,7.1,0.0,0.0,-0.5,-0.866
0,16.4333,87.6683,2023-08-25,1.0,3.9,11.4,100.6,5.5,0.0,0.0,-0.866,-0.5
0,33.8199,89.2036,2017-05-23,0.5,2.7,12.3,18.5,5.5,5487.0,4.04,0.5,-0.866
0,10.6483,96.0615,2014-11-17,2.2,5.8,20.7,129.8,8.9,0.0,0.0,-0.5,0.866
0,10.42,68.8283,2011-08-04,6.0,13.6,15.3,53.4,6.0,0.0,0.0,-0.866,-0.5
0,30.297,79.7154,2008-09-28,2.6,3.4,20.2,283.3,9.5,4206.0,41.8,-1.0,-0.0
0,22.9394,73.1114,2022-10-09,1.1,52.7,53.6,58.3,32.9,77.0,0.41,-0.866,0.5
0,24.6974,95.7219,2023-10-17,0.0,0.0,59.3,122.7,44.8,214.0,1.28,-0.866,0.5
0,21.6775,84.7832,2018-06-07,30.6,42.4,61.3,88.3,30.6,501.0,15.66,0.0,-1.0
0,26.5204,78.5422,2019-05-18,0.0,0.0,0.1,0.1,0.1,158.0,0.0,0.5,-0.866
0,34.2291,91.5614,2008-10-26,0.0,0.0,0.2,7.0,0.2,4711.0,0.64,-0.866,0.5
0,12.5599,76.2048,2009-06-13,4.4,11.3,14.6,50.2,5.9,815.0,2.31,0.0,-1.0
0,30.9402,93.228,2021-08-04,2.0,9.8,22.7,49.8,10.0,4720.0,2.92,-0.866,-0.5
0,8.4923,92.6379,2009-04-07,4.7,10.7,32.3,35.1,9.3,0.0,0.0,0.866,-0.5
0,7.1852,72.4019,2018-08-25,0.5,0.6,5.6,73.8,4.1,0.0,0.0,-0.866,-0.5
0,26.4203,70.728,2023-05-09,0.0,0.0,0.0,6.6,0.0,195.0,1.81,0.5,-0.866
0,12.2855,86.0564,2020-05-01,0.0,2.4,8.4,9.7,4.2,0.0,0.0,0.5,-0.866
0,36.2654,70.4381,2009-08-16,0.0,0.0,0.0,2.7,0.0,4865.0,9.28,-0.866,-0.5
0,24.7609,71.3975,2011-06-21,0.0,0.0,0.1,0.1,0.1,17.0,0.0,0.0,-1.0
0,28.4527,71.409,2021-04-28,0.0,0.0,0.0,0.8,0.0,103.0,0.91,0.866,-0.5
0,18.8033,90.2035,2009-04-04,0.0,0.0,0.0,0.0,0.0,0.0,0.0,0.866,-0.5
0,9.978,79.2862,2008-04-06,0.8,2.9,32.1,49.9,15.9,0.0,0.0,0.866,-0.5
0,10.1287,89.2893,2017-07-24,3.6,11.5,19.3,80.4,4.9,0.0,0.0,-0.5,-0.866
0,26.3515,95.3032,2013-09-08,15.0,40.5,149.1,263.8,38.9,2028.0,26.43,-1.0,-0.0
0,34.2645,90.0298,2013-05-10,3.1,3.3,8.0,28.0,3.1,5126.0,2.06,0.5,-0.866
0,19.4435,77.9507,2012-07-22,28.0,37.5,53.3,75.7,28.0,385.0,1.03,-0.5,-0.866
0,20.1603,93.8677,2023-09-25,1.6,6.8,70.5,285.0,25.7,115.0,14.47,-1.0,-0.0
0,9.6089,90.5486,2009-06-04,16.8,18.8,106.8,266.8,57.1,0.0,0.0,0.0,-1.0
0,15.0335,91.3002,2023-08-21,4.0,5.2,53.1,90.8,21.9,0.0,0.0,-0.866,-0.5
0,10.7183,77.9461,2017-01-22,1.7,8.8,9.1,10.7,6.1,192.0,1.15,0.5,0.866
0,35.9595,72.4288,2007-06-05,5.3,12.5,19.6,34.1,5.3,3263.0,10.89,0.0,-1.0
0,31.6997,85.4463,2018-08-12,1.7,10.5,36.9,89.7,11.7,5280.0,13.34,-0.866,-0.5
0,28.1472,92.7696,2007-02-24,1.1,1.3,1.3,25.3,1.1,5188.0,27.34,0.866,0.5
0,30.6609,74.3312,2018-08-20,0.2,4.9,11.4,26.2,4.7,187.0,0.0,-0.866,-0.5
0,10.3461,88.4895,2010-07-01,6.9,46.4,55.8,124.7,23.4,0.0,0.0,-0.5,-0.866
0,13.3659,81.3852,2020-04-07,0.0,0.0,0.0,0.0,0.0,0.0,0.0,0.866,-0.5
0,34.5551,84.216,2016-07-13,0.0,5.5,8.9,34.5,4.4,4954.0,5.27,-0.5,-0.866
0,29.3772,71.8448,2009-09-09,0.0,0.0,1.7,9.4,1.5,125.0,1.67,-1.0,-0.0
0,33.1431,90.9664,2008-01-16,0.0,0.0,0.2,1.6,0.1,5349.0,13.78,0.5,0.866
0,19.1738,78.6738,2022-04-08,0.0,0.0,0.0,0.0,0.0,236.0,1.81,0.866,-0.5
0,14.8379,72.9074,2009-08-15,0.1,1.8,7.0,11.9,2.7,0.0,0.0,-0.866,-0.5
0,19.4367,93.4279,2011-01-08,2.1,2.1,2.1,2.1,2.1,0.0,0.0,0.5,0.866
0,10.2945,76.3013,2017-08-04,14.1,49.5,84.3,154.0,28.9,18.0,1.81,-0.866,-0.5
0,16.0831,96.111,2007-04-22,0.0,0.0,0.0,0.0,0.0,0.0,0.0,0.866,-0.5
0,13.1551,88.9548,2008-06-08,5.3,46.5,53.4,68.6,24.1,0.0,0.0,0.0,-1.0
0,10.2408,86.176,2022-10-13,3.3,6.4,24.6,115.9,6.6,0.0,0.0,-0.866,0.5
0,23.4328,90.6682,2016-07-14,8.8,20.0,41.3,160.0,8.8,4.0,1.46,-0.5,-0.866
0,25.1872,78.9412,2018-08-25,6.5,40.7,120.8,190.5,32.7,253.0,0.29,-0.866,-0.5
0,17.6591,80.5425,2015-05-08,0.0,2.8,6.7,18.8,2.8,143.0,1.46,0.5,-0.866
0,20.8871,71.1395,2021-09-09,2.2,110.9,120.6,259.7,89.3,33.0,0.41,-1.0,-0.0
0,19.5255,71.2615,2010-07-25,13.5,28.1,176.5,248.0,40.6,0.0,0.0,-0.5,-0.866
0,30.4178,83.1684,2020-02-01,0.0,0.0,6.3,8.7,3.4,5060.0,16.17,0.866,0.5
0,23.1153,70.9611,2009-06-25,1.2,27.9,27.9,27.9,23.5,11.0,0.29,0.0,-1.0
0,21.1695,80.5023,2023-02-01,0.0,0.0,0.0,0.0,0.0,374.0,6.23,0.866,0.5
0,9.4228,89.4395,2011-06-04,11.9,39.6,57.3,60.8,27.5,0.0,0.0,0.0,-1.0
0,9.7454,78.1102,2013-02-03,0.0,0.0,0.0,0.0,0.0,105.0,0.41,0.866,0.5
0,21.7509,80.0533,2021-04-02,0.0,0.0,0.0,1.9,0.0,294.0,1.03,0.866,-0.5
0,27.8786,77.7981,2016-12-27,0.0,0.0,0.0,0.0,0.0,186.0,0.41,-0.0,1.0
0,17.3336,83.6555,2013-06-10,2.8,9.8,31.3,35.3,9.9,0.0,0.0,0.0,-1.0
0,30.5308,73.1619,2007-08-01,0.6,1.6,6.0,16.3,2.4,160.0,0.41,-0.866,-0.5
0,23.4539,73.3609,2018-07-17,2.5,34.0,95.7,137.8,27.1,161.0,0.86,-0.5,-0.866
0,19.9046,88.7505,2007-08-16,0.6,2.6,100.8,211.4,36.0,0.0,0.0,-0.866,-0.5
0,12.6369,84.5571,2013-06-22,9.5,27.7,40.1,78.3,9.5,0.0,0.0,0.0,-1.0
0,24.7089,72.6192,2015-09-15,0.0,0.0,0.0,0.5,0.0,285.0,1.15,-1.0,-0.0
0,31.6499,94.2443,2009-07-05,5.3,14.8,41.4,84.4,9.2,4651.0,22.46,-0.5,-0.866
0,17.097,69.8902,2022-05-05,0.0,0.0,0.0,0.0,0.0,0.0,0.0,0.5,-0.866
0,7.0694,69.6986,2020-05-14,16.9,18.8,32.7,40.8,16.9,0.0,0.0,0.5,-0.866
0,9.505,96.4699,2009-08-01,0.0,0.0,3.7,51.1,2.4,0.0,0.0,-0.866,-0.5
0,30.3531,69.492,2021-08-22,0.0,0.0,26.6,28.1,25.7,1295.0,2.64,-0.866,-0.5
0,10.2297,75.4433,2015-01-21,0.2,1.2,1.2,2.1,0.7,0.0,0.0,0.5,0.866
0,34.7443,70.0044,2015-08-25,0.4,5.0,5.5,11.2,4.2,1797.0,22.54,-0.866,-0.5
0,23.7251,77.2939,2009-08-23,0.0,0.8,3.1,174.7,1.4,459.0,2.08,-0.866,-0.5
0,16.0,73.0776,2023-05-20,0.0,0.0,0.1,15.8,0.1,0.0,0.0,0.5,-0.866
0,7.6369,85.3945,2022-08-20,0.2,0.5,3.2,3.2,1.3,0.0,0.0,-0.866,-0.5
0,34.3778,79.6525,2014-08-16,0.1,2.1,4.8,6.3,1.9,5700.0,21.33,-0.866,-0.5
0,25.9408,73.8606,2010-08-22,0.1,14.9,39.9,114.0,14.4,306.0,0.64,-0.866,-0.5
0,30.91,79.2755,2010-07-10,0.0,1.3,21.2,22.9,7.4,6148.0,11.53,-0.5,-0.866
0,18.8266,79.2691,2022-03-07,0.0,0.0,0.0,0.0,0.0,135.0,0.0,1.0,0.0
0,15.0997,69.4486,2014-07-09,3.1,6.1,18.9,23.0,4.6,0.0,0.0,-0.5,-0.866
0,13.499,73.1388,2013-06-06,30.8,56.7,177.3,254.5,51.1,0.0,0.0,0.0,-1.0
0,28.609,96.5277,2016-08-20,4.9,7.4,31.5,82.0,6.5,4003.0,18.78,-0.866,-0.5
0,23.9859,94.9031,2007-12-15,0.0,0.0,0.0,7.9,0.0,206.0,3.98,-0.0,1.0
0,8.5099,92.2651,2011-05-14,0.1,0.1,23.9,112.1,14.7,0.0,0.0,0.5,-0.866
0,7.2892,81.7844,2012-07-27,0.0,0.6,3.2,25.8,2.6,12.0,0.29,-0.5,-0.866
0,9.6707,80.1169,2007-09-22,0.0,0.0,8.6,50.9,5.9,6.0,0.64,-1.0,-0.0
0,25.4247,87.483,2009-05-28,0.1,52.3,180.3,317.1,104.5,27.0,0.0,0.5,-0.866
0,13.5563,88.1882,2023-09-19,12.2,72.9,118.6,264.5,39.2,0.0,0.0,-1.0,-0.0
0,10.8982,71.3027,2023-12-01,0.8,5.3,17.6,41.4,4.7,0.0,0.0,-0.0,1.0
0,25.2788,96.4552,2007-10-17,7.0,55.1,98.4,188.9,24.4,172.0,0.29,-0.866,0.5
0,30.9596,93.1163,2015-12-13,0.4,0.4,0.4,4.1,0.4,5421.0,29.5,-0.0,1.0
0,15.6234,72.0781,2018-09-15,0.4,0.5,0.6,7.0,0.4,0.0,0.0,-1.0,-0.0
0,22.1584,89.7546,2023-05-15,0.2,4.0,7.5,29.0,3.6,10.0,0.29,0.5,-0.866
0,17.714,95.509,2007-07-02,30.7,76.2,157.2,194.9,30.7,11.0,0.0,-0.5,-0.866
0,14.285,69.3813,2009-07-16,2.9,6.9,7.5,93.6,3.3,0.0,0.0,-0.5,-0.866
0,31.3643,73.305,2009-05-19,0.6,0.6,0.6,7.7,0.6,187.0,0.0,0.5,-0.866
0,15.4867,79.8953,2009-09-22,2.3,16.1,16.1,27.0,9.0,28.0,0.57,-1.0,-0.0
0,34.5245,83.0715,2015-07-27,0.0,0.3,4.5,5.3,3.1,5409.0,14.85,-0.5,-0.866
0,30.2439,85.6971,2011-07-17,3.0,13.5,33.6,70.0,8.8,5414.0,12.45,-0.5,-0.866
0,20.4008,90.1886,2022-08-22,9.9,13.1,247.4,621.9,177.0,0.0,0.0,-0.866,-0.5
0,26.4375,69.4757,2014-02-12,0.0,0.0,0.0,0.2,0.0,48.0,2.36,0.866,0.5
0,27.9015,75.6302,2020-09-26,0.1,0.1,0.5,0.9,0.2,397.0,4.44,-1.0,-0.0
0,9.8748,80.6009,2014-07-18,0.0,0.0,1.1,6.9,0.3,0.0,0.0,-0.5,-0.866
0,11.8109,76.3815,2014-10-23,9.5,31.7,77.0,112.8,15.2,801.0,1.28,-0.866,0.5
0,16.4992,79.1329,2019-04-15,0.0,0.0,0.1,0.5,0.1,217.0,12.78,0.866,-0.5
0,11.9518,86.88,2016-10-14,0.6,15.7,20.5,60.7,8.7,0.0,0.0,-0.866,0.5
0,31.5526,79.1013,2015-07-24,2.6,20.4,66.0,115.3,15.9,4412.0,22.34,-0.5,-0.866
0,34.5667,80.6646,2016-05-17,0.0,3.0,6.5,7.5,2.7,5318.0,10.16,0.5,-0.866
0,11.0507,81.0964,2010-04-11,0.0,0.0,0.0,3.5,0.0,0.0,0.0,0.866,-0.5
0,18.0781,72.7143,2014-11-19,0.0,0.0,38.4,38.8,33.6,0.0,0.0,-0.5,0.866
0,31.2656,79.9956,2007-07-05,1.8,2.5,4.5,15.3,1.8,4110.0,9.54,-0.5,-0.866
0,21.576,84.9292,2015-09-08,0.8,2.0,16.1,95.0,7.8,606.0,20.57,-1.0,-0.0
0,22.5387,83.7148,2008-07-20,8.6,20.3,71.7,205.4,21.1,465.0,0.29,-0.5,-0.866
0,32.91,72.0551,2011-05-16,0.0,0.0,0.0,5.2,0.0,409.0,1.03,0.5,-0.866
0,36.2179,90.2104,2009-07-19,14.3,22.2,52.5,92.4,14.3,5030.0,4.61,-0.5,-0.866
0,19.2474,86.3856,2009-02-10,0.0,0.0,0.0,0.0,0.0,0.0,0.0,0.866,0.5
0,12.9336,92.476,2014-08-25,14.5,18.8,39.2,93.9,14.5,0.0,0.0,-0.866,-0.5
0,17.2324,90.287,2012-08-27,8.9,26.4,85.8,185.2,50.1,0.0,0.0,-0.866,-0.5
0,36.4574,93.7574,2014-08-04,0.0,0.0,1.2,4.2,1.2,3043.0,0.29,-0.866,-0.5
0,12.9003,89.2316,2012-10-11,12.7,15.4,39.1,75.6,12.7,0.0,0.0,-0.866,0.5
0,35.9304,69.2918,2023-05-18,0.3,11.3,16.5,25.6,10.9,2137.0,16.74,0.5,-0.866
0,9.3319,77.8073,2012-09-01,0.4,0.5,1.1,5.8,0.6,73.0,1.54,-1.0,-0.0
0,17.3095,96.2064,2011-09-16,16.4,52.2,101.4,264.6,21.5,30.0,1.67,-1.0,-0.0
0,14.3655,86.1802,2008-07-21,4.1,13.2,13.9,60.3,7.2,0.0,0.0,-0.5,-0.866
0,32.6913,88.5619,2020-06-26,1.6,11.3,19.5,20.4,8.8,4843.0,0.81,0.0,-1.0
0,18.5619,69.8638,2009-09-16,0.1,0.9,1.0,14.3,0.6,0.0,0.0,-1.0,-0.0
0,29.672,71.7399,2008-05-18,0.0,0.2,3.2,5.0,1.7,120.0,0.0,0.5,-0.866
0,22.9011,96.2146,2019-08-28,9.5,39.7,125.8,236.4,37.0,655.0,13.0,-0.866,-0.5
0,20.3518,84.259,2021-03-03,0.0,0.0,0.0,5.0,0.0,571.0,5.21,1.0,0.0
0,14.6261,83.2507,2014-12-26,0.0,0.0,0.0,1.2,0.0,0.0,0.0,-0.0,1.0
0,31.692,86.3652,2019-10-21,0.0,0.0,1.1,1.3,0.8,4831.0,3.16,-0.866,0.5
0,34.9155,84.1045,2014-08-18,0.0,2.1,11.9,36.7,8.5,5165.0,10.92,-0.866,-0.5
0,27.3944,84.2118,2019-06-17,0.3,1.2,3.8,22.5,1.2,251.0,15.7,0.0,-1.0
0,23.5166,88.3163,2017-10-11,0.5,67.8,89.0,196.8,61.5,11.0,0.0,-0.866,0.5
0,24.1506,96.8774,2010-09-02,13.6,20.2,54.5,203.0,16.1,154.0,5.15,-1.0,-0.0
0,10.2235,71.9756,2008-08-06,0.4,0.4,11.1,93.4,7.4,0.0,0.0,-0.866,-0.5
0,31.8446,91.0409,2019-12-08,0.0,0.0,0.0,0.2,0.0,4754.0,3.1,-0.0,1.0
0,33.1746,69.3124,2009-04-16,0.0,27.5,39.6,79.9,26.0,2381.0,4.87,0.866,-0.5
0,19.1745,89.4818,2019-05-20,0.0,0.0,0.0,0.0,0.0,0.0,0.0,0.5,-0.866
0,12.7142,77.2744,2011-07-23,1.8,6.9,38.3,61.7,14.0,682.0,2.82,-0.5,-0.866
0,9.5002,85.0884,2008-06-20,3.3,6.8,7.0,66.6,3.3,0.0,0.0,0.0,-1.0
0,17.8695,68.2265,2016-01-21,0.0,0.0,0.0,0.0,0.0,0.0,0.0,0.5,0.866
0,30.7098,76.812,2012-12-09,0.0,0.0,0.0,3.2,0.0,332.0,1.54,-0.0,1.0
0,7.9087,95.155,2015-12-22,0.0,1.1,7.8,78.2,4.0,0.0,0.0,-0.0,1.0
0,30.0655,89.8465,2020-07-14,3.5,15.7,48.2,75.6,14.9,5211.0,3.76,-0.5,-0.866
0,21.4251,69.4751,2012-09-09,8.5,59.7,222.4,247.3,129.5,0.0,0.0,-1.0,-0.0
0,6.9307,91.3198,2018-06-14,0.8,4.4,12.6,50.2,3.8,0.0,0.0,0.0,-1.0
0,21.2009,81.0713,2021-07-01,3.5,7.3,51.5,122.5,29.4,319.0,0.29,-0.5,-0.866
0,29.9755,77.1014,2013-06-08,0.4,1.2,1.2,1.2,0.8,260.0,0.0,0.0,-1.0
0,29.9378,91.7553,2014-01-05,0.1,0.1,0.1,0.1,0.1,4616.0,23.13,0.5,0.866
0,32.2111,78.9011,2011-09-13,0.2,0.3,7.5,19.5,2.7,5027.0,30.96,-1.0,-0.0
0,32.1286,73.4376,2016-07-23,5.0,22.1,30.1,45.1,16.5,200.0,0.0,-0.5,-0.866
0,8.1258,79.6965,2018-06-20,1.4,3.0,7.6,23.7,2.8,0.0,0.0,0.0,-1.0
0,13.3671,69.5841,2020-08-22,2.6,12.0,16.3,37.6,8.7,0.0,0.0,-0.866,-0.5
0,11.3079,73.5088,2012-05-10,0.0,0.0,0.0,13.2,0.0,0.0,0.0,0.5,-0.866
0,35.3984,91.5467,2022-07-16,13.1,48.4,65.0,82.4,20.9,5068.0,7.67,-0.5,-0.866
0,15.8185,71.9629,2019-06-03,0.3,0.3,0.3,0.4,0.3,0.0,0.0,0.0,-1.0
0,7.3325,70.3324,2009-06-04,0.2,0.6,1.1,194.3,0.3,0.0,0.0,0.0,-1.0
0,17.6753,96.6862,2023-07-09,14.9,34.3,137.4,315.0,41.5,8.0,0.0,-0.5,-0.866
0,25.6825,97.3045,2007-01-18,0.0,0.8,1.4,1.7,0.5,278.0,8.19,0.5,0.866
0,9.7504,85.3699,2022-12-16,1.3,1.5,1.8,157.7,1.3,0.0,0.0,-0.0,1.0
0,32.7386,73.1002,2021-08-12,0.0,0.8,18.9,45.7,6.4,706.0,9.37,-0.866,-0.5
0,34.4218,94.4693,2021-10-09,0.2,0.3,13.8,20.3,7.5,4673.0,3.72,-0.866,0.5
0,10.5473,89.1892,2012-09-28,5.6,25.1,58.2,144.3,21.2,0.0,0.0,-1.0,-0.0
0,25.6578,80.5372,2012-04-04,0.1,0.1,0.1,0.1,0.1,114.0,0.0,0.866,-0.5
0,8.1041,83.5985,2022-05-25,2.6,10.9,12.5,49.6,7.5,0.0,0.0,0.5,-0.866
0,16.7645,80.6875,2019-08-24,1.2,7.0,46.7,76.4,13.6,55.0,0.41,-0.866,-0.5
0,32.492,83.7026,2012-07-12,1.8,5.2,9.3,16.2,3.3,4844.0,7.41,-0.5,-0.866
0,17.5549,75.8094,2011-07-10,0.1,3.4,43.8,55.7,16.4,443.0,0.57,-0.5,-0.866
0,10.2022,84.446,2017-09-17,0.1,15.8,43.8,65.1,16.5,0.0,0.0,-1.0,-0.0
0,32.8595,78.6799,2008-09-09,0.0,4.0,14.6,21.5,8.6,5297.0,15.84,-1.0,-0.0
0,7.4431,95.8649,2018-05-21,0.1,4.9,37.4,60.0,13.0,0.0,0.0,0.5,-0.866
0,15.0562,81.7831,2013-09-28,4.1,5.7,9.4,127.8,4.1,0.0,0.0,-1.0,-0.0
0,31.8653,70.2628,2011-04-07,0.6,0.6,0.6,4.0,0.6,252.0,0.0,0.866,-0.5
0,34.5396,97.0494,2022-06-18,4.9,8.8,15.0,31.1,5.6,4470.0,1.28,0.0,-1.0
0,30.968,70.5036,2019-07-25,3.3,3.3,9.0,44.3,4.3,225.0,0.29,-0.5,-0.866
0,29.4247,75.1654,2012-06-21,0.0,0.0,0.0,0.1,0.0,203.0,0.41,0.0,-1.0
0,21.1786,68.9058,2019-10-18,0.0,0.0,0.0,0.1,0.0,0.0,0.0,-0.866,0.5
0,27.0525,92.1796,2007-10-12,5.4,36.3,133.8,177.2,59.2,1795.0,31.33,-0.866,0.5
0,26.1516,69.793,2019-09-20,0.0,0.0,0.0,0.2,0.0,49.0,1.46,-1.0,-0.0
0,35.3695,92.3877,2013-05-23,2.3,4.3,4.4,12.4,2.3,4833.0,0.81,0.5,-0.866
0,7.496,85.962,2017-09-08,7.7,47.0,69.1,84.0,21.1,0.0,0.0,-1.0,-0.0
0,10.8448,86.4118,2014-05-28,10.4,14.5,31.9,56.5,10.4,0.0,0.0,0.5,-0.866
0,32.9329,68.3486,2010-09-28,0.0,0.0,0.0,0.0,0.0,2291.0,1.03,-1.0,-0.0
0,21.9411,89.0971,2023-06-16,0.0,0.0,34.9,71.3,19.8,6.0,0.29,0.0,-1.0
0,15.0982,94.6976,2012-09-12,3.9,30.8,136.7,302.5,56.4,0.0,0.0,-1.0,-0.0
0,14.8656,75.5046,2015-08-12,12.7,15.9,21.0,32.5,12.7,540.0,1.18,-0.866,-0.5
0,14.3566,69.5779,2018-07-27,0.2,2.2,4.8,24.7,1.2,0.0,0.0,-0.5,-0.866
0,27.153,82.0158,2010-08-15,17.7,28.7,85.5,125.0,24.5,106.0,0.57,-0.866,-0.5
0,6.9671,88.2441,2017-09-26,6.3,17.0,27.0,44.4,6.3,0.0,0.0,-1.0,-0.0
0,13.7277,85.5748,2023-04-15,0.0,0.0,0.0,0.0,0.0,0.0,0.0,0.866,-0.5
0,21.8748,75.536,2020-07-13,1.3,3.0,10.4,53.3,3.8,271.0,1.15,-0.5,-0.866
0,36.1452,83.567,2008-09-25,0.4,0.6,13.5,20.9,7.0,5086.0,2.82,-1.0,-0.0
0,15.6823,97.0659,2011-07-23,21.5,128.6,255.1,399.7,55.9,0.0,0.0,-0.5,-0.866
0,31.6253,71.0873,2011-09-22,1.1,1.1,12.2,92.4,5.6,171.0,0.57,-1.0,-0.0
0,14.1138,74.8603,2019-09-28,0.5,12.6,30.7,71.0,10.4,557.0,4.57,-1.0,-0.0
0,27.8142,73.1634,2014-04-07,0.0,0.8,0.9,1.7,0.8,276.0,0.41,0.866,-0.5
0,24.2718,72.8007,2010-05-19,0.0,0.0,0.0,0.0,0.0,373.0,9.52,0.5,-0.866
0,11.0284,71.3255,2022-08-18,1.1,1.6,3.0,94.7,1.1,0.0,0.0,-0.866,-0.5
0,7.4025,95.1385,2013-04-19,0.9,6.9,82.6,109.3,28.2,0.0,0.0,0.866,-0.5
0,36.0022,83.2539,2013-07-02,0.0,0.8,3.0,6.9,0.9,5141.0,2.56,-0.5,-0.866
0,11.5335,71.5732,2012-09-01,9.0,66.0,119.1,159.2,35.3,0.0,0.0,-1.0,-0.0
0,13.4006,94.2244,2023-01-23,0.0,0.0,0.0,0.6,0.0,0.0,0.0,0.5,0.866
0,18.0782,80.8021,2023-04-01,8.7,12.7,25.1,84.1,8.7,69.0,0.29,0.866,-0.5
0,31.7383,85.6076,2022-10-26,0.0,0.4,3.3,5.0,1.5,5147.0,15.0,-0.866,0.5
0,27.946,71.5902,2016-07-27,2.8,4.5,4.6,8.0,2.8,111.0,0.29,-0.5,-0.866
0,12.1805,79.3196,2014-03-02,0.0,0.8,3.2,6.9,2.2,204.0,29.05,1.0,0.0
0,33.4322,76.5362,2009-06-08,0.7,7.6,16.2,17.0,8.6,4610.0,8.21,0.0,-1.0
0,24.189,90.276,2020-09-09,8.6,32.4,39.8,143.2,12.5,6.0,1.72,-1.0,-0.0
0,29.9912,90.6098,2013-07-05,11.4,35.9,61.2,146.9,16.5,5192.0,29.8,-0.5,-0.866
0,15.9459,80.0557,2010-12-11,0.4,0.4,99.6,102.0,49.4,66.0,0.64,-0.0,1.0
0,7.5461,73.8574,2021-09-01,1.1,3.0,23.6,74.9,6.3,0.0,0.0,-1.0,-0.0
0,31.559,79.9262,2015-05-12,0.0,0.5,0.5,0.5,0.5,4486.0,15.31,0.5,-0.866
0,34.8038,96.0987,2009-08-15,1.5,2.3,12.0,42.0,7.4,4607.0,3.45,-0.866,-0.5
0,16.4422,94.6367,2019-02-14,0.0,0.0,0.0,0.0,0.0,14.0,2.64,0.866,0.5
0,19.1625,70.7148,2019-01-21,0.0,0.0,0.0,0.0,0.0,0.0,0.0,0.5,0.866
0,33.9842,76.8232,2014-03-03,1.4,5.0,12.6,23.9,4.2,4966.0,17.0,1.0,0.0
0,36.1034,68.0468,2010-07-11,0.0,0.0,0.0,0.0,0.0,1783.0,12.06,-0.5,-0.866
0,18.4647,92.1294,2022-10-09,0.0,7.8,21.7,84.0,6.5,0.0,0.0,-0.866,0.5
0,7.7587,86.1477,2013-06-18,8.7,27.9,43.4,74.0,12.9,0.0,0.0,0.0,-1.0
0,19.3969,84.1729,2019-06-05,1.8,2.2,7.0,13.6,4.1,794.0,13.63,0.0,-1.0
0,22.5289,84.7403,2019-08-06,7.4,34.4,101.7,239.2,38.5,411.0,2.64,-0.866,-0.5
0,24.708,91.1549,2020-07-18,14.5,26.5,88.1,229.6,35.4,5.0,0.86,-0.5,-0.866
0,23.2409,83.3412,2022-08-04,7.5,17.6,50.8,135.0,10.5,620.0,1.81,-0.866,-0.5
0,22.3742,88.1228,2009-08-26,14.4,29.8,75.1,124.7,29.4,3.0,0.0,-0.866,-0.5
0,17.4225,78.9444,2018-08-06,0.3,1.0,2.6,4.1,1.1,366.0,1.22,-0.866,-0.5
0,20.106,70.2873,2007-07-13,0.8,5.4,16.0,190.8,3.3,0.0,0.0,-0.5,-0.866
0,27.2964,74.9841,2011-01-03,0.0,0.0,0.0,0.0,0.0,441.0,0.41,0.5,0.866
0,19.4484,88.6955,2023-12-15,0.0,0.0,0.0,39.4,0.0,0.0,0.0,-0.0,1.0
0,12.1032,68.4334,2007-12-18,0.0,0.5,0.6,1.2,0.5,0.0,0.0,-0.0,1.0
0,29.3316,96.9218,2009-08-05,11.3,32.5,54.8,118.1,14.1,4542.0,6.05,-0.866,-0.5
0,21.8149,96.6597,2021-04-16,0.7,2.1,2.3,8.6,1.0,853.0,20.6,0.866,-0.5
0,15.2236,70.6613,2016-09-16,0.3,1.2,2.2,4.6,0.5,0.0,0.0,-1.0,-0.0
0,18.0529,73.4539,2011-03-18,0.0,0.0,0.0,0.1,0.0,184.0,17.33,1.0,0.0
0,14.9099,85.9523,2020-08-05,14.1,70.7,177.4,200.4,43.9,0.0,0.0,-0.866,-0.5
0,14.4881,72.8002,2017-08-16,12.1,20.1,68.2,100.9,32.3,0.0,0.0,-0.866,-0.5
0,21.8668,70.1962,2015-02-23,0.0,0.0,0.0,0.0,0.0,79.0,0.64,0.866,0.5
0,28.1302,78.81,2018-10-04,0.0,0.0,0.0,41.0,0.0,180.0,0.81,-0.866,0.5
0,26.9305,78.999,2017-09-02,1.6,8.7,56.4,105.2,25.4,153.0,0.29,-1.0,-0.0
0,19.5535,82.921,2011-01-19,0.0,0.0,0.0,0.0,0.0,766.0,7.15,0.5,0.866
0,10.2899,93.6545,2007-07-01,5.9,9.9,83.8,287.9,33.8,0.0,0.0,-0.5,-0.866
0,34.6429,69.4685,2017-08-08,0.0,0.7,0.8,2.3,0.7,2100.0,13.78,-0.866,-0.5
0,18.8003,96.0439,2011-07-07,9.5,12.7,50.7,169.8,16.2,298.0,9.41,-0.5,-0.866
0,14.8534,93.5032,2012-12-17,0.0,0.0,0.0,0.0,0.0,0.0,0.0,-0.0,1.0
0,34.0863,86.0253,2015-10-26,0.0,0.1,0.1,2.1,0.1,5056.0,0.64,-0.866,0.5
0,6.6517,70.6243,2023-07-27,0.7,3.5,16.5,56.4,11.2,0.0,0.0,-0.5,-0.866
0,11.983,88.321,2009-08-08,0.1,2.9,20.6,54.7,13.8,0.0,0.0,-0.866,-0.5
0,10.5875,80.3807,2018-06-18,0.0,0.5,0.6,2.9,0.5,0.0,0.0,0.0,-1.0
0,6.6874,69.9444,2008-09-18,0.0,0.1,2.4,126.8,0.9,0.0,0.0,-1.0,-0.0
0,9.244,84.9436,2012-12-20,5.8,9.8,65.3,66.6,21.8,0.0,0.0,-0.0,1.0
0,31.8152,94.1343,2009-04-27,0.0,8.2,9.8,16.4,8.2,4286.0,26.43,0.866,-0.5
0,15.9495,80.6084,2018-09-02,6.4,13.1,22.3,72.3,6.4,2.0,0.29,-1.0,-0.0
0,13.3224,92.0997,2011-09-02,10.4,42.4,150.8,305.7,42.2,0.0,0.0,-1.0,-0.0
0,12.4883,68.9684,2017-03-14,0.0,0.0,0.0,0.0,0.0,0.0,0.0,1.0,0.0
0,26.9146,68.1358,2009-07-23,2.3,2.3,35.9,36.7,28.6,41.0,0.0,-0.5,-0.866
0,32.8177,84.9331,2017-06-23,1.2,5.1,16.3,43.5,4.8,4915.0,1.15,0.0,-1.0
0,27.4738,74.6966,2023-08-26,0.0,0.0,8.2,10.6,6.1,356.0,1.03,-0.866,-0.5
0,20.5498,85.4964,2020-08-28,1.3,38.8,89.3,251.4,34.0,64.0,0.64,-0.866,-0.5
0,16.8384,85.5577,2010-06-16,3.1,16.4,58.5,61.4,15.5,0.0,0.0,0.0,-1.0
0,18.9026,89.6147,2023-11-26,0.0,0.0,13.4,210.9,13.3,0.0,0.0,-0.5,0.866
0,34.2709,96.8334,2009-05-10,8.3,12.9,20.1,27.5,8.3,4664.0,9.2,0.5,-0.866
0,12.8965,90.7301,2015-09-02,3.3,5.6,27.6,130.4,11.9,0.0,0.0,-1.0,-0.0
0,16.4687,72.535,2019-09-22,1.3,9.7,25.1,65.1,8.5,0.0,0.0,-1.0,-0.0
0,13.1534,73.4037,2013-07-10,2.1,16.9,43.1,94.1,19.2,0.0,0.0,-0.5,-0.866
0,35.6246,91.1183,2015-08-15,1.8,10.7,22.9,40.8,8.9,4890.0,0.0,-0.866,-0.5
0,22.2205,93.9986,2011-05-28,20.0,29.3,42.8,100.4,20.0,318.0,0.81,0.5,-0.866
0,19.1203,69.784,2020-09-18,0.1,1.1,55.3,56.4,50.8,0.0,0.0,-1.0,-0.0
0,12.3127,84.1646,2016-12-09,0.0,2.9,9.9,35.8,2.9,0.0,0.0,-0.0,1.0
0,34.4285,82.8497,2017-07-06,1.7,8.3,21.0,56.8,4.5,5278.0,17.15,-0.5,-0.866
0,35.9419,94.7787,2019-12-10,0.0,0.0,0.0,2.2,0.0,3817.0,27.27,-0.0,1.0
0,33.9501,83.9357,2021-06-02,3.6,8.7,16.5,40.6,6.6,5331.0,13.19,0.0,-1.0
0,30.9891,95.3469,2018-08-13,4.1,25.0,48.9,94.5,11.4,4817.0,30.72,-0.866,-0.5
0,19.9696,77.8991,2012-03-13,0.0,0.0,0.0,0.0,0.0,338.0,5.27,1.0,0.0
0,12.6797,73.3918,2008-09-20,0.3,6.8,10.8,92.6,3.4,0.0,0.0,-1.0,-0.0
0,22.7253,77.8325,2008-09-04,4.9,12.1,13.7,53.3,6.5,297.0,0.0,-1.0,-0.0
0,21.3015,88.6452,2010-08-22,0.0,3.8,39.6,136.5,11.1,0.0,0.0,-0.866,-0.5
0,33.1845,70.942,2021-03-04,0.0,0.0,0.1,2.1,0.1,569.0,1.54,1.0,0.0
0,9.3426,97.0953,2016-01-11,0.0,1.4,3.1,3.1,1.4,0.0,0.0,0.5,0.866
0,27.6248,81.133,2012-06-22,1.9,2.0,8.7,8.7,5.7,121.0,0.41,0.0,-1.0
0,11.5457,68.7019,2014-08-12,0.3,2.2,7.9,13.8,3.6,0.0,0.0,-0.866,-0.5
0,15.9538,95.1376,2012-06-03,11.9,40.9,96.1,180.4,24.5,3.0,0.29,0.0,-1.0
0,36.4463,94.3426,2021-08-06,0.0,0.0,3.0,5.1,1.9,2791.0,0.81,-0.866,-0.5
0,33.5335,91.1555,2008-10-12,0.0,0.1,10.5,14.0,5.1,6058.0,43.93,-0.866,0.5
0,6.8173,93.368,2008-09-23,0.1,0.1,1.1,14.8,0.8,0.0,0.0,-1.0,-0.0
0,8.8682,71.2743,2012-05-24,1.2,1.2,5.9,5.9,4.7,0.0,0.0,0.5,-0.866
0,33.6952,78.2372,2015-09-22,7.4,8.1,8.1,8.1,7.4,5483.0,8.44,-1.0,-0.0
0,19.7046,94.2726,2016-06-15,11.5,132.6,375.7,513.1,100.7,470.0,28.59,0.0,-1.0
0,7.8148,92.6252,2013-03-15,0.0,0.2,1.1,28.1,0.5,0.0,0.0,1.0,0.0
0,31.8357,81.679,2018-07-12,3.1,9.5,9.8,14.9,3.4,4943.0,3.45,-0.5,-0.866
0,25.8174,94.9469,2009-08-27,11.2,25.3,73.6,258.8,16.5,2274.0,21.45,-0.866,-0.5
0,7.9443,96.9857,2013-06-22,0.9,1.4,47.6,200.3,26.4,0.0,0.0,0.0,-1.0
0,35.595,90.7994,2010-01-23,0.1,0.1,0.1,0.5,0.1,4929.0,0.64,0.5,0.866
0,6.5901,78.2722,2020-11-07,15.8,33.8,34.2,39.7,15.8,0.0,0.0,-0.5,0.866
0,7.8682,86.0415,2009-12-10,93.1,187.1,274.5,296.3,93.1,0.0,0.0,-0.0,1.0
0,24.9029,70.767,2017-05-21,1.1,1.3,3.2,3.2,1.6,108.0,1.28,0.5,-0.866
0,32.915,86.1897,2018-05-18,0.0,0.2,1.4,6.9,0.6,4887.0,0.64,0.5,-0.866
0,16.8832,90.1263,2017-10-22,0.3,1.9,110.5,132.2,58.3,0.0,0.0,-0.866,0.5
0,8.6199,69.7501,2007-11-19,0.0,0.0,0.0,10.8,0.0,0.0,0.0,-0.5,0.866
0,25.8238,79.7346,2008-07-27,7.3,49.4,113.9,185.0,29.8,136.0,0.0,-0.5,-0.866
0,8.7106,79.4123,2008-07-09,0.0,0.0,0.0,2.5,0.0,0.0,0.0,-0.5,-0.866
0,36.3835,82.7781,2013-08-05,0.8,5.0,5.0,26.9,2.7,5050.0,29.73,-0.866,-0.5
0,26.3664,84.8231,2018-06-19,0.0,0.4,15.8,36.8,12.3,66.0,0.29,0.0,-1.0
0,32.3566,68.6051,2019-06-15,0.0,0.0,0.0,0.0,0.0,2432.0,33.51,0.0,-1.0
0,29.2629,92.9721,2013-06-01,7.7,23.6,37.4,72.1,11.3,5184.0,31.19,0.0,-1.0
0,11.3204,78.2642,2013-01-16,0.0,0.0,0.0,0.0,0.0,195.0,0.29,0.5,0.866
0,36.061,77.2366,2012-04-13,0.0,5.6,8.7,8.7,4.7,5018.0,30.85,0.866,-0.5
0,15.0761,81.5517,2008-05-19,0.0,0.0,0.0,0.0,0.0,0.0,0.0,0.5,-0.866
0,25.3321,87.514,2011-08-25,7.8,38.2,55.2,186.2,25.8,33.0,0.29,-0.866,-0.5
0,13.0651,74.529,2009-06-04,8.5,16.0,60.9,150.4,20.1,0.0,0.0,0.0,-1.0
0,6.957,91.2299,2020-08-21,0.2,0.3,2.4,94.3,0.9,0.0,0.0,-0.866,-0.5
0,31.6679,69.3686,2020-05-21,0.0,0.0,0.1,19.4,0.1,1292.0,0.91,0.5,-0.866
0,21.8131,75.1678,2009-04-04,0.0,0.0,0.0,0.1,0.0,307.0,0.57,0.866,-0.5
0,18.0208,81.1001,2007-09-20,21.5,64.2,149.8,192.2,36.5,354.0,25.95,-1.0,-0.0
0,14.9477,88.011,2017-11-15,2.2,65.7,198.3,223.0,51.4,0.0,0.0,-0.5,0.866
0,29.1271,97.3827,2021-07-18,7.0,24.6,40.4,112.9,11.5,4212.0,44.38,-0.5,-0.866
0,16.1983,84.685,2020-05-06,0.0,0.0,0.0,1.5,0.0,0.0,0.0,0.5,-0.866
0,15.8505,79.6596,2014-05-27,1.9,1.9,3.8,6.3,1.9,140.0,0.64,0.5,-0.866
0,19.0724,91.7212,2011-05-01,2.1,4.1,17.2,17.8,7.0,0.0,0.0,0.5,-0.866
0,20.2272,78.4348,2021-05-09,0.8,2.6,2.6,6.2,1.8,312.0,0.64,0.5,-0.866
0,35.9991,94.2529,2007-08-05,0.2,0.6,3.9,9.7,3.1,4983.0,33.06,-0.866,-0.5
0,33.7199,71.3788,2012-09-27,0.0,2.2,3.6,50.3,1.2,1151.0,25.52,-1.0,-0.0
0,13.2695,90.1821,2020-01-07,0.0,0.1,2.2,2.2,0.9,0.0,0.0,0.5,0.866
0,27.5127,72.9633,2012-08-20,0.0,0.1,133.5,159.3,79.8,272.0,0.29,-0.866,-0.5
0,8.5258,94.7537,2023-07-04,0.6,5.2,71.1,94.2,31.6,0.0,0.0,-0.5,-0.866
0,23.6855,82.4206,2010-01-12,0.1,0.1,0.1,0.1,0.1,658.0,5.96,0.5,0.866
0,19.512,90.7977,2018-07-07,23.2,46.8,75.9,212.7,23.2,0.0,0.0,-0.5,-0.866
0,16.4695,84.2427,2021-08-11,0.0,2.0,2.7,10.6,1.5,0.0,0.0,-0.866,-0.5
0,27.208,81.8781,2019-08-04,5.5,26.9,34.3,219.1,13.2,106.0,0.41,-0.866,-0.5
0,23.1804,69.3115,2017-02-25,0.0,0.0,0.0,0.0,0.0,211.0,1.83,0.866,0.5
0,34.015,82.1231,2013-09-23,1.0,1.3,2.6,11.6,1.0,5269.0,2.36,-1.0,-0.0
0,8.5151,96.8831,2023-08-05,2.9,5.2,15.3,57.3,4.1,0.0,0.0,-0.866,-0.5
0,33.7584,82.148,2015-05-17,0.0,5.5,7.9,20.0,5.0,5006.0,2.02,0.5,-0.866
0,16.451,94.021,2010-09-22,8.0,12.3,87.8,212.4,35.3,0.0,0.0,-1.0,-0.0
0,36.3629,72.074,2012-08-16,0.0,0.0,0.0,1.8,0.0,4136.0,41.57,-0.866,-0.5
0,6.5366,73.2402,2011-05-10,1.1,3.7,19.5,74.8,7.1,0.0,0.0,0.5,-0.866
0,13.3592,87.5433,2009-04-09,0.0,0.0,0.0,0.0,0.0,0.0,0.0,0.866,-0.5
0,14.8227,82.3746,2011-06-07,9.5,18.2,18.2,19.5,9.5,0.0,0.0,0.0,-1.0
0,34.2366,93.3775,2020-09-03,0.3,0.8,8.5,28.4,5.4,4478.0,6.9,-1.0,-0.0
0,35.7181,96.2185,2013-08-23,0.5,10.1,24.7,27.3,7.3,4793.0,14.31,-0.866,-0.5
0,28.5716,89.6762,2013-04-21,1.4,4.1,8.3,14.9,2.7,4270.0,6.89,0.866,-0.5
0,35.8603,76.1714,2014-08-05,0.0,0.0,2.8,2.8,1.5,5788.0,15.26,-0.866,-0.5
0,32.0713,71.8522,2011-07-12,0.0,2.1,16.7,74.3,7.9,188.0,0.41,-0.5,-0.866
0,27.3636,71.0454,2008-06-07,0.0,0.0,2.3,7.4,1.1,145.0,0.57,0.0,-1.0
0,33.4553,90.3995,2017-07-14,3.4,7.7,10.6,38.1,3.6,4937.0,0.0,-0.5,-0.866
0,33.0901,80.0112,2008-06-01,0.2,10.6,13.1,21.8,7.4,5597.0,32.24,0.0,-1.0
0,16.833,91.3949,2021-05-27,0.5,7.4,57.3,66.1,17.0,0.0,0.0,0.5,-0.866
0,20.2075,78.4978,2014-10-04,0.1,0.1,0.1,1.2,0.1,295.0,1.28,-0.866,0.5
0,10.4606,70.0956,2009-01-06,1.4,1.8,2.2,2.2,1.4,0.0,0.0,0.5,0.866
0,18.9713,94.0621,2009-08-24,15.9,57.3,148.0,197.2,35.4,2.0,0.0,-0.866,-0.5
0,20.5903,79.1545,2012-08-28,2.2,66.0,69.7,221.9,32.8,255.0,0.64,-0.866,-0.5
0,23.9612,96.1957,2007-05-26,1.6,15.3,40.3,238.2,12.0,271.0,14.2,0.5,-0.866
0,14.4101,92.8433,2015-09-27,4.2,13.5,26.3,201.7,6.9,0.0,0.0,-1.0,-0.0
0,8.5064,79.4194,2009-04-19,0.2,0.2,0.3,107.9,0.2,0.0,0.0,0.866,-0.5
0,30.5438,73.9892,2007-04-16,0.0,0.0,0.0,2.7,0.0,179.0,0.29,0.866,-0.5
0,21.5326,78.8233,2020-07-12,21.3,25.6,51.4,136.0,21.3,346.0,1.43,-0.5,-0.866
0,31.743,94.7686,2008-07-25,1.4,12.6,33.4,87.7,8.1,5469.0,28.84,-0.5,-0.866
0,17.9949,88.6626,2023-10-03,8.5,62.2,93.4,106.3,29.1,0.0,0.0,-0.866,0.5
0,8.3133,85.1458,2015-09-26,19.7,42.2,79.8,141.3,19.7,0.0,0.0,-1.0,-0.0
0,15.5151,69.0672,2013-11-13,0.0,0.0,0.0,1.3,0.0,0.0,0.0,-0.5,0.866
0,27.0457,85.8374,2020-05-08,0.1,9.4,23.9,84.3,9.3,281.0,4.79,0.5,-0.866
0,16.8137,76.9179,2021-08-06,1.4,5.1,8.9,22.4,2.5,368.0,2.31,-0.866,-0.5
0,12.1932,92.972,2010-06-14,1.1,6.4,81.4,152.7,26.0,0.0,0.0,0.0,-1.0
0,9.1538,96.5754,2020-05-26,0.2,13.2,34.9,105.9,11.3,0.0,0.0,0.5,-0.866
0,26.4639,95.1292,2017-09-21,3.7,52.4,63.0,155.0,34.4,1907.0,32.93,-1.0,-0.0
0,14.4967,72.4635,2023-08-28,0.1,0.8,17.8,28.8,10.8,0.0,0.0,-0.866,-0.5
0,25.587,96.1713,2010-07-16,14.6,42.4,157.9,319.6,65.4,370.0,13.23,-0.5,-0.866
0,28.6972,95.444,2016-04-08,101.3,171.0,258.6,395.4,101.3,3160.0,43.24,0.866,-0.5
0,33.7232,88.9809,2019-08-19,1.5,4.9,11.0,19.1,5.5,5517.0,3.73,-0.866,-0.5
0,14.4101,73.9299,2011-06-08,25.5,84.2,218.3,263.3,51.9,0.0,0.0,0.0,-1.0
0,28.105,96.391,2012-06-15,25.9,58.2,96.6,258.3,25.9,2239.0,48.49,0.0,-1.0
0,33.1689,87.668,2014-06-08,0.0,0.0,0.0,1.9,0.0,4947.0,6.47,0.0,-1.0
0,13.8657,96.0024,2014-11-02,9.2,19.2,30.1,72.4,9.4,0.0,0.0,-0.5,0.866
0,8.8264,88.839,2023-06-22,0.9,4.0,86.8,164.6,59.0,0.0,0.0,0.0,-1.0
0,21.4852,68.8257,2018-12-09,0.0,0.0,0.0,0.0,0.0,0.0,0.0,-0.0,1.0
0,32.407,90.9617,2015-06-23,4.2,14.0,27.1,54.9,10.4,4729.0,0.57,0.0,-1.0
0,21.4814,91.4839,2015-07-23,14.8,43.5,152.2,229.0,44.6,0.0,0.0,-0.5,-0.866
0,28.1524,95.8109,2013-10-11,0.0,0.0,24.7,31.0,9.8,345.0,0.86,-0.866,0.5
0,17.3148,75.0779,2015-06-16,1.7,43.2,59.2,82.0,30.0,544.0,0.91,0.0,-1.0
0,18.2908,95.4702,2019-08-17,1.9,9.2,100.5,265.4,66.1,20.0,0.0,-0.866,-0.5
0,35.3683,69.8757,2011-05-09,1.8,2.0,37.2,55.4,28.0,4319.0,25.23,0.5,-0.866
0,8.8724,78.1261,2007-06-18,0.0,0.7,1.9,14.2,0.7,8.0,0.41,0.0,-1.0
0,23.6806,95.2961,2023-11-10,0.0,0.4,15.7,16.1,15.3,186.0,4.44,-0.5,0.866
0,9.1262,78.0799,2011-09-20,4.6,4.6,6.9,22.4,4.6,41.0,0.41,-1.0,-0.0
0,16.1929,95.7286,2016-08-13,15.1,41.1,138.1,342.6,32.6,2.0,0.57,-0.866,-0.5
0,31.8272,73.3609,2007-09-08,0.4,9.9,28.3,37.0,14.9,196.0,0.0,-1.0,-0.0
0,20.096,96.9347,2010-04-12,0.0,0.0,0.0,1.1,0.0,882.0,0.0,0.866,-0.5
0,14.4709,79.3518,2008-10-10,0.1,7.1,15.1,27.6,6.8,93.0,2.64,-0.866,0.5
0,36.4309,96.1329,2013-08-19,0.0,0.0,0.0,0.0,0.0,2726.0,0.29,-0.866,-0.5
0,13.9344,94.4692,2010-11-27,0.0,0.0,0.0,1.6,0.0,0.0,0.0,-0.5,0.866
0,15.5299,77.3437,2008-06-23,0.2,0.2,0.7,6.8,0.3,450.0,2.56,0.0,-1.0
0,20.0842,80.1732,2014-08-15,0.4,0.5,7.8,182.1,2.4,229.0,1.46,-0.866,-0.5
0,9.6275,94.7701,2010-10-01,2.5,10.0,33.5,65.8,12.0,0.0,0.0,-0.866,0.5
0,21.3705,83.6595,2011-06-06,1.7,3.7,6.2,7.6,1.7,172.0,0.41,0.0,-1.0
0,34.4576,70.3423,2009-08-15,0.0,0.0,0.0,0.4,0.0,635.0,2.83,-0.866,-0.5
0,33.9845,84.431,2018-06-07,0.0,0.5,1.9,8.5,1.1,5078.0,8.72,0.0,-1.0
0,30.9694,87.4093,2020-09-06,0.0,0.3,4.8,20.5,3.2,4697.0,0.0,-1.0,-0.0
0,33.1754,82.9118,2022-07-09,2.5,5.5,5.8,6.5,3.0,4714.0,2.31,-0.5,-0.866
0,7.9583,82.668,2007-08-06,0.0,0.2,2.4,28.4,2.2,0.0,0.0,-0.866,-0.5
0,27.245,80.1222,2011-06-24,0.0,3.8,40.5,73.2,20.3,138.0,0.0,0.0,-1.0
0,13.1769,81.1189,2020-07-19,2.5,13.0,66.7,137.0,19.8,0.0,0.0,-0.5,-0.866
0,18.5092,77.5555,2007-05-15,0.0,0.0,0.2,1.3,0.2,424.0,1.18,0.5,-0.866
0,9.8443,94.8753,2018-08-02,0.3,6.5,23.2,40.6,7.4,0.0,0.0,-0.866,-0.5
0,30.9587,92.0033,2007-10-03,0.2,1.5,20.3,39.0,10.5,5116.0,2.72,-0.866,0.5
0,34.3271,78.8409,2008-08-22,0.0,0.5,0.8,34.7,0.4,5013.0,34.25,-0.866,-0.5
0,7.591,95.1629,2012-07-22,0.7,10.3,21.4,75.9,7.4,0.0,0.0,-0.5,-0.866
0,28.3846,69.9385,2013-05-15,0.0,1.5,3.9,3.9,2.4,78.0,0.0,0.5,-0.866
0,10.0975,68.7809,2010-06-19,0.1,0.5,23.0,199.8,17.2,0.0,0.0,0.0,-1.0
0,29.5772,74.4197,2009-06-26,0.0,0.0,0.0,9.9,0.0,185.0,0.0,0.0,-1.0
0,21.3313,72.8521,2013-02-04,0.0,0.0,0.0,0.0,0.0,15.0,0.41,0.866,0.5
0,17.8425,78.203,2019-08-17,0.2,1.5,17.1,102.0,7.7,627.0,3.85,-0.866,-0.5
0,11.7803,89.265,2022-08-06,13.9,49.0,131.4,174.3,36.9,0.0,0.0,-0.866,-0.5
0,17.0675,94.3509,2014-08-07,21.4,86.0,199.4,368.7,50.6,0.0,0.0,-0.866,-0.5
0,10.9508,72.4479,2021-08-27,38.0,73.0,95.6,123.1,38.0,0.0,0.0,-0.866,-0.5
0,13.3052,86.1705,2012-10-20,2.5,16.8,31.1,54.0,8.3,0.0,0.0,-0.866,0.5
0,6.5427,78.7259,2014-07-23,1.5,4.6,11.7,26.9,4.0,0.0,0.0,-0.5,-0.866
0,29.9558,74.6523,2009-05-14,0.2,0.2,0.6,7.7,0.4,195.0,0.0,0.5,-0.866
0,21.7183,96.6738,2008-07-03,14.6,19.4,36.0,52.0,14.6,1075.0,18.64,-0.5,-0.866
0,23.0368,81.5439,2022-07-13,6.2,19.7,34.1,117.2,7.6,839.0,1.46,-0.5,-0.866
0,30.1374,71.5634,2013-07-06,0.0,0.0,9.5,9.6,5.9,125.0,0.29,-0.5,-0.866
0,17.934,70.9108,2019-07-05,2.2,12.0,26.7,148.1,6.2,0.0,0.0,-0.5,-0.866
0,9.4933,87.0218,2014-11-18,5.0,8.3,10.5,48.6,5.0,0.0,0.0,-0.5,0.866
0,33.2885,84.4691,2009-07-06,0.0,0.0,0.1,0.7,0.1,4945.0,1.74,-0.5,-0.866
0,35.4097,82.5434,2020-09-21,0.0,0.0,0.0,0.6,0.0,5204.0,2.02,-1.0,-0.0
0,34.1913,90.4803,2019-07-09,1.6,1.6,13.5,43.5,9.4,5328.0,8.61,-0.5,-0.866
0,20.8543,77.5672,2011-09-05,6.0,40.8,147.2,279.1,43.5,297.0,0.0,-1.0,-0.0
0,12.7946,96.611,2011-05-23,8.2,9.4,10.5,69.9,8.2,0.0,0.0,0.5,-0.866
0,10.749,72.7609,2010-08-01,0.4,20.4,58.2,92.1,15.5,0.0,0.0,-0.866,-0.5
0,29.1314,76.6151,2011-12-12,0.0,0.0,0.7,0.7,0.4,223.0,0.0,-0.0,1.0
0,28.0206,87.6176,2012-08-28,2.2,5.9,38.3,80.8,27.7,5384.0,53.07,-0.866,-0.5
0,11.8591,96.2715,2012-07-13,17.3,27.1,76.2,179.8,17.3,0.0,0.0,-0.5,-0.866
0,31.1316,86.229,2018-12-07,0.2,0.3,0.4,0.8,0.2,5410.0,6.13,-0.0,1.0
0,13.7673,94.4641,2014-09-16,29.6,52.5,66.1,247.5,29.6,0.0,0.0,-1.0,-0.0
0,8.5001,87.1088,2019-07-09,0.6,0.9,1.7,29.9,0.6,0.0,0.0,-0.5,-0.866
0,27.0102,82.5074,2007-04-08,0.0,0.8,0.8,0.8,0.8,93.0,1.15,0.866,-0.5
0,21.067,77.3,2010-09-10,0.3,111.2,269.0,387.3,56.1,310.0,0.29,-1.0,-0.0
0,26.096,77.5568,2009-01-22,0.0,0.0,0.0,0.1,0.0,312.0,1.22,0.5,0.866
0,13.0925,79.3683,2023-07-02,0.1,3.5,14.4,79.6,7.0,175.0,1.54,-0.5,-0.866
0,30.0364,87.5871,2022-05-27,5.0,8.7,23.1,46.4,5.6,4639.0,33.22,0.5,-0.866
0,26.2055,79.3904,2022-06-09,0.0,0.0,0.0,0.7,0.0,139.0,0.0,0.0,-1.0
0,7.851,77.3934,2012-08-26,5.4,9.0,9.7,29.1,5.4,0.0,0.0,-0.866,-0.5
0,34.6035,87.4608,2015-06-14,3.8,8.8,17.3,33.1,5.0,5129.0,4.61,0.0,-1.0
0,8.6606,84.7037,2017-10-11,14.8,29.5,45.5,55.0,14.8,0.0,0.0,-0.866,0.5
0,19.348,68.4988,2019-11-03,13.4,25.1,27.3,84.7,13.4,0.0,0.0,-0.5,0.866
0,24.2728,74.2398,2022-06-18,2.4,3.7,16.1,16.1,7.5,429.0,3.2,0.0,-1.0
0,20.8148,68.0156,2012-04-09,0.0,0.0,0.0,0.0,0.0,0.0,0.0,0.866,-0.5
0,19.5379,72.6697,2022-01-20,0.0,0.0,0.0,5.5,0.0,0.0,0.0,0.5,0.866
0,9.3828,89.5044,2009-03-10,9.9,18.3,21.1,22.6,9.9,0.0,0.0,1.0,0.0
0,34.724,84.8614,2019-09-14,0.0,0.0,0.1,16.5,0.1,5275.0,11.48,-1.0,-0.0
0,20.3827,84.7126,2023-07-02,2.2,7.4,29.8,188.4,8.8,313.0,8.05,-0.5,-0.866
0,20.737,70.1887,2014-07-16,24.4,55.9,98.7,103.3,28.0,0.0,0.0,-0.5,-0.866
0,8.8971,85.7573,2021-09-05,0.5,21.2,79.5,116.0,42.7,0.0,0.0,-1.0,-0.0
0,26.061,87.911,2023-01-11,0.0,0.0,0.0,0.0,0.0,44.0,0.29,0.5,0.866
0,22.543,82.0171,2014-07-12,12.4,14.6,23.1,90.5,12.4,367.0,0.91,-0.5,-0.866
0,31.7198,95.6111,2016-11-22,0.0,0.0,3.2,9.3,3.1,4999.0,30.76,-0.5,0.866
0,12.5905,85.7772,2017-08-13,4.6,10.4,36.9,68.0,8.3,0.0,0.0,-0.866,-0.5
0,15.763,68.9109,2017-07-24,1.3,2.2,72.5,83.4,52.3,0.0,0.0,-0.5,-0.866
0,11.9507,71.6783,2009-02-04,0.0,0.0,0.0,0.0,0.0,0.0,0.0,0.866,0.5
0,17.0592,68.6938,2019-06-26,18.8,41.8,51.8,170.2,18.8,0.0,0.0,0.0,-1.0
0,14.6686,76.3423,2016-08-26,0.0,2.9,5.4,14.7,2.3,684.0,3.89,-0.866,-0.5
0,20.8981,88.9735,2021-01-14,0.7,1.5,1.5,1.5,0.8,0.0,0.0,0.5,0.866
0,18.3693,77.121,2022-08-14,5.5,11.2,51.6,124.3,28.8,634.0,0.57,-0.866,-0.5
0,18.5274,84.8857,2009-08-10,2.7,9.0,19.1,54.2,9.5,0.0,0.0,-0.866,-0.5
0,19.0937,73.9385,2008-10-14,0.0,0.0,10.0,30.3,5.0,750.0,6.9,-0.866,0.5
0,14.2079,77.7535,2018-01-08,0.0,0.0,0.0,0.0,0.0,424.0,0.64,0.5,0.866
0,15.942,74.5074,2019-05-19,0.0,0.0,0.0,1.4,0.0,726.0,0.64,0.5,-0.866
0,35.7515,84.6689,2021-08-15,0.4,4.4,7.0,41.9,2.7,5022.0,2.59,-0.866,-0.5
0,8.8723,94.0406,2011-07-12,26.7,53.9,57.1,104.3,26.7,0.0,0.0,-0.5,-0.866
0,23.5793,79.2146,2018-06-02,0.0,0.5,0.6,0.6,0.5,426.0,2.02,0.0,-1.0
0,24.3069,89.211,2010-05-12,0.0,0.0,71.8,138.1,34.2,11.0,1.43,0.5,-0.866
0,11.3454,72.7525,2020-07-07,5.1,10.6,38.9,187.7,14.7,0.0,0.0,-0.5,-0.866
0,15.4913,97.1297,2016-09-20,24.4,47.7,113.6,209.0,24.4,0.0,0.0,-1.0,-0.0
0,33.985,86.3126,2017-07-19,4.0,9.6,29.8,56.3,12.0,5006.0,2.45,-0.5,-0.866
0,24.8517,78.2861,2020-06-22,0.5,1.8,6.6,12.0,3.5,356.0,1.81,0.0,-1.0
0,13.9404,96.6851,2016-09-28,27.0,59.5,150.4,252.6,34.0,0.0,0.0,-1.0,-0.0
0,28.8599,77.0681,2016-05-03,2.8,2.8,2.9,3.1,2.8,212.0,0.0,0.5,-0.866
0,24.8596,79.6679,2014-10-19,0.0,0.9,15.5,17.7,13.5,294.0,1.18,-0.866,0.5
0,29.0894,75.1525,2015-08-28,0.0,0.3,1.2,13.5,0.5,200.0,0.41,-0.866,-0.5
0,14.7736,81.3013,2020-05-09,0.0,0.0,0.0,9.2,0.0,0.0,0.0,0.5,-0.866
0,14.4138,83.5118,2012-08-22,0.2,1.2,2.5,31.9,1.0,0.0,0.0,-0.866,-0.5
0,10.8831,69.4085,2011-06-14,4.7,12.6,15.4,263.7,6.1,0.0,0.0,0.0,-1.0
0,24.6632,82.0723,2023-11-19,0.0,0.0,0.0,0.3,0.0,405.0,1.46,-0.5,0.866
0,23.9791,95.5458,2010-03-06,0.0,0.0,0.0,0.0,0.0,519.0,20.07,1.0,0.0
0,35.5201,97.4323,2011-09-15,4.2,5.5,9.4,40.8,4.2,4220.0,2.29,-1.0,-0.0
0,8.3361,73.1134,2008-09-25,5.2,5.9,6.9,20.3,5.2,0.0,0.0,-1.0,-0.0
0,20.8679,76.8901,2013-09-12,1.5,12.1,16.3,17.1,10.3,258.0,0.0,-1.0,-0.0
0,15.112,88.9378,2022-07-11,20.6,94.1,158.9,214.9,39.7,0.0,0.0,-0.5,-0.866
0,30.5106,71.8914,2014-09-02,19.4,22.3,27.2,27.2,19.4,138.0,0.29,-1.0,-0.0
0,6.8048,76.9023,2016-08-28,3.2,31.3,79.1,92.1,21.3,0.0,0.0,-0.866,-0.5
0,17.945,69.8906,2008-08-08,1.3,5.8,11.5,38.0,4.3,0.0,0.0,-0.866,-0.5
0,31.1888,72.1723,2010-09-12,0.9,1.5,2.8,4.3,0.9,153.0,0.29,-1.0,-0.0
0,10.5908,71.3866,2017-09-15,10.3,16.7,56.8,133.1,15.0,0.0,0.0,-1.0,-0.0
0,32.2542,93.4974,2019-07-20,7.5,11.1,46.4,81.2,15.2,4957.0,29.13,-0.5,-0.866
0,12.2094,85.1793,2022-08-27,11.6,20.8,25.7,37.1,11.6,0.0,0.0,-0.866,-0.5
0,35.4153,84.3836,2009-07-26,0.0,1.7,11.8,16.0,5.7,4944.0,5.75,-0.5,-0.866
0,34.1809,85.9798,2018-11-09,0.0,0.0,7.3,8.1,5.2,5254.0,5.61,-0.5,0.866
0,23.0765,73.58,2019-08-13,1.6,11.5,214.2,343.1,123.0,101.0,1.28,-0.866,-0.5
0,13.1386,70.1381,2018-11-18,10.0,11.6,11.6,21.1,10.0,0.0,0.0,-0.5,0.866
0,7.9417,74.0388,2020-10-07,0.0,0.0,2.0,13.3,0.8,0.0,0.0,-0.866,0.5
0,11.2271,87.7871,2014-04-28,0.6,0.9,3.5,5.0,2.5,0.0,0.0,0.866,-0.5
0,12.3471,81.4968,2013-05-14,0.4,9.3,9.5,10.0,8.2,0.0,0.0,0.5,-0.866
0,26.1807,68.5521,2020-05-15,0.0,0.0,0.0,0.0,0.0,26.0,0.0,0.5,-0.866
0,21.633,88.4478,2007-09-13,7.5,11.4,74.6,149.2,26.6,3.0,0.64,-1.0,-0.0
0,7.4801,91.3484,2017-12-21,0.0,5.0,19.4,37.7,11.9,0.0,0.0,-0.0,1.0
0,27.8227,94.467,2019-08-09,6.7,33.5,57.2,319.0,16.1,1334.0,31.69,-0.866,-0.5
0,29.0979,96.2983,2009-04-26,0.4,1.6,29.4,82.3,11.0,4545.0,18.64,0.866,-0.5
0,25.899,96.6822,2009-07-10,61.3,92.5,349.7,741.1,119.3,223.0,7.13,-0.5,-0.866
0,20.4745,73.5555,2017-02-07,0.0,0.1,0.1,0.1,0.1,553.0,17.82,0.866,0.5
0,8.2534,74.7372,2018-09-27,4.8,12.4,20.9,48.9,5.1,0.0,0.0,-1.0,-0.0
0,30.952,85.9803,2017-06-13,0.0,0.0,0.1,1.5,0.1,4624.0,0.0,0.0,-1.0
0,11.9352,90.1724,2012-08-25,5.3,23.5,38.0,74.9,9.4,0.0,0.0,-0.866,-0.5
0,12.4691,71.9376,2014-12-20,0.2,2.7,5.6,24.7,2.1,0.0,0.0,-0.0,1.0
0,6.7796,68.4791,2010-06-19,0.0,0.1,8.3,49.3,6.9,0.0,0.0,0.0,-1.0
0,12.9658,93.8955,2013-05-08,1.4,10.5,13.7,34.0,4.6,0.0,0.0,0.5,-0.866
0,14.1092,81.8192,2010-03-23,0.0,0.0,0.0,0.0,0.0,0.0,0.0,1.0,0.0
0,26.6098,80.6194,2007-07-27,24.3,63.5,109.1,203.4,33.3,125.0,0.57,-0.5,-0.866
0,19.6262,80.5926,2018-09-20,27.1,35.8,39.5,114.2,27.1,358.0,16.76,-1.0,-0.0
0,29.0271,77.2981,2012-10-02,0.0,0.0,0.0,13.8,0.0,226.0,0.0,-0.866,0.5
0,14.8398,78.9208,2014-02-06,0.0,0.0,0.0,0.4,0.0,155.0,1.54,0.866,0.5
0,28.5415,84.4058,2012-05-16,2.1,4.8,29.7,85.8,12.3,4143.0,40.05,0.5,-0.866
0,13.5496,74.3952,2011-08-26,6.8,21.7,189.2,388.0,87.1,0.0,0.0,-0.866,-0.5
0,7.9,83.9354,2007-07-26,0.9,29.6,58.1,63.2,20.9,0.0,0.0,-0.5,-0.866
0,9.226,89.1721,2011-11-22,11.0,28.0,37.3,74.3,15.3,0.0,0.0,-0.5,0.866
0,15.2802,93.9919,2020-02-27,0.0,0.0,0.0,0.0,0.0,0.0,0.0,0.866,0.5
0,33.9888,75.6388,2010-10-15,0.0,0.0,3.2,7.9,1.7,4584.0,23.51,-0.866,0.5
0,31.4509,82.0505,2017-08-16,0.1,0.5,11.1,58.5,5.8,5300.0,4.25,-0.866,-0.5
0,31.2452,80.2106,2012-08-27,6.4,21.4,48.1,76.7,9.8,4707.0,16.03,-0.866,-0.5
0,34.2698,69.4764,2014-06-18,0.0,0.0,0.0,2.0,0.0,3353.0,38.61,0.0,-1.0
0,22.6047,95.1547,2022-04-22,0.0,17.2,21.7,23.1,16.7,155.0,0.29,0.866,-0.5
0,25.3677,78.0146,2012-10-03,0.0,0.0,0.0,3.1,0.0,309.0,2.86,-0.866,0.5
0,11.1666,85.6645,2017-09-19,8.2,9.6,66.6,102.6,28.0,0.0,0.0,-1.0,-0.0
0,18.0583,90.3684,2023-06-09,3.4,63.3,67.2,76.9,53.1,0.0,0.0,0.0,-1.0
0,28.2412,72.3493,2013-05-08,0.0,0.0,0.0,0.1,0.0,132.0,1.46,0.5,-0.866
0,20.0411,90.6979,2010-03-06,0.0,0.0,0.0,0.0,0.0,0.0,0.0,1.0,0.0
0,10.3997,70.5356,2021-02-17,1.8,6.1,6.3,6.4,3.2,0.0,0.0,0.866,0.5
0,35.4803,69.2379,2020-08-23,0.0,0.0,0.0,0.0,0.0,3780.0,28.05,-0.866,-0.5
0,30.7203,89.911,2021-02-03,0.0,0.0,0.2,0.2,0.2,4990.0,14.54,0.866,0.5
0,32.1517,93.4571,2008-07-23,4.7,7.3,31.3,94.6,11.3,4537.0,29.88,-0.5,-0.866
0,30.4381,95.5097,2010-08-12,0.5,2.9,17.4,55.2,6.2,4358.0,38.97,-0.866,-0.5
0,24.1327,86.2731,2012-05-12,0.1,0.1,4.5,15.6,4.4,261.0,1.81,0.5,-0.866
0,24.4453,89.689,2022-10-04,17.3,57.8,77.5,114.5,28.2,12.0,1.83,-0.866,0.5
0,9.5607,73.1773,2015-10-13,0.0,10.8,66.5,106.9,18.4,0.0,0.0,-0.866,0.5
0,13.9932,84.4479,2018-05-01,0.0,0.0,0.1,0.1,0.1,0.0,0.0,0.5,-0.866
0,32.2147,72.4148,2019-04-06,0.0,0.0,0.0,6.5,0.0,180.0,0.64,0.866,-0.5
0,14.3202,93.9326,2013-06-07,9.8,38.5,97.0,262.4,24.7,0.0,0.0,0.0,-1.0
0,28.7011,68.0445,2013-07-07,0.0,0.0,0.8,0.8,0.8,75.0,0.0,-0.5,-0.866
0,35.7849,76.6856,2007-07-27,0.0,0.0,5.0,11.0,2.1,4984.0,23.03,-0.5,-0.866
0,15.642,92.7982,2017-07-20,11.0,26.8,120.5,200.5,25.9,0.0,0.0,-0.5,-0.866
0,6.8523,81.7064,2018-09-01,0.0,1.1,5.5,21.4,2.5,28.0,0.81,-1.0,-0.0
0,24.9155,79.1369,2009-07-12,13.2,23.2,55.5,147.1,18.8,280.0,1.67,-0.5,-0.866
0,12.184,88.1152,2012-07-20,2.8,14.2,28.3,44.0,8.3,0.0,0.0,-0.5,-0.866
0,18.4178,86.7225,2017-05-20,0.0,0.1,0.1,0.1,0.1,0.0,0.0,0.5,-0.866
0,18.9234,75.9062,2022-07-16,5.6,9.6,160.1,263.5,79.0,654.0,10.15,-0.5,-0.866
0,16.0672,73.0296,2011-10-19,4.1,6.6,15.2,66.6,4.1,0.0,0.0,-0.866,0.5
0,7.0261,70.3763,2009-06-18,16.3,25.7,60.3,68.1,16.3,0.0,0.0,0.0,-1.0
0,10.7528,85.8353,2012-01-12,0.1,0.4,5.3,27.0,2.9,0.0,0.0,0.5,0.866
0,11.0273,76.4322,2020-03-28,0.0,0.4,15.5,27.0,9.5,110.0,2.02,1.0,0.0
0,13.051,72.4732,2019-06-25,5.4,14.4,164.4,221.2,53.7,0.0,0.0,0.0,-1.0
0,13.4777,75.2087,2011-08-26,11.0,26.3,133.9,259.1,45.8,646.0,2.86,-0.866,-0.5
0,25.8726,73.0846,2012-08-10,0.2,54.3,80.8,94.6,33.8,186.0,0.0,-0.866,-0.5
0,7.7824,79.121,2023-06-09,0.1,0.1,1.5,4.9,1.0,0.0,0.0,0.0,-1.0
0,7.312,87.7303,2013-06-07,1.6,18.5,62.0,121.2,14.2,0.0,0.0,0.0,-1.0
0,28.2155,74.5795,2008-07-28,0.2,0.8,1.8,2.6,0.9,294.0,1.03,-0.5,-0.866
0,7.8083,84.93,2012-09-08,19.0,29.0,40.1,71.3,19.0,0.0,0.0,-1.0,-0.0
0,8.427,86.9498,2010-05-05,18.5,24.1,69.6,83.8,22.8,0.0,0.0,0.5,-0.866
0,34.9927,73.1004,2016-03-24,29.1,29.1,112.9,213.7,51.2,2907.0,32.19,1.0,0.0
0,21.8409,94.895,2011-04-12,0.0,0.0,0.0,8.0,0.0,136.0,0.57,0.866,-0.5
0,32.5919,84.0315,2016-07-13,0.0,9.1,9.4,32.4,4.6,4807.0,4.12,-0.5,-0.866
0,33.3089,71.0674,2017-08-17,0.0,0.0,26.5,73.8,19.1,664.0,0.91,-0.866,-0.5
0,14.3643,83.8484,2011-06-10,15.1,27.4,81.9,92.7,31.8,0.0,0.0,0.0,-1.0
0,31.6152,87.8747,2012-02-13,0.0,0.1,4.7,4.9,4.6,4556.0,0.29,0.866,0.5
0,23.6005,82.823,2023-10-15,0.0,0.0,0.0,82.4,0.0,403.0,8.05,-0.866,0.5
0,22.1234,90.8902,2019-11-21,0.0,0.0,0.0,87.6,0.0,0.0,0.0,-0.5,0.866
0,14.9531,93.6714,2010-09-25,0.0,12.3,37.9,167.6,13.0,0.0,0.0,-1.0,-0.0
0,24.3738,89.3645,2012-05-22,0.3,1.1,10.9,29.9,4.2,10.0,1.54,0.5,-0.866
0,9.8538,72.1568,2011-10-26,57.7,68.1,89.2,98.0,57.7,0.0,0.0,-0.866,0.5
0,11.8714,73.7026,2009-01-23,0.0,0.0,0.0,0.3,0.0,0.0,0.0,0.5,0.866
0,7.8642,72.8113,2010-05-07,0.0,1.2,12.2,56.6,4.8,0.0,0.0,0.5,-0.866
0,14.9421,82.3251,2010-07-19,20.4,37.4,67.7,169.4,20.4,0.0,0.0,-0.5,-0.866
0,9.2014,93.4497,2020-07-27,13.9,26.5,52.4,79.2,13.9,0.0,0.0,-0.5,-0.866
0,24.1438,85.5248,2023-08-19,2.5,18.4,31.6,100.4,11.2,544.0,10.27,-0.866,-0.5
0,9.3961,72.7461,2007-08-04,0.7,9.9,26.0,131.0,13.9,0.0,0.0,-0.866,-0.5
0,8.2104,93.8179,2012-07-01,2.3,4.2,4.2,6.9,2.3,0.0,0.0,-0.5,-0.866
0,27.6869,69.8404,2012-06-07,0.0,0.0,0.0,0.0,0.0,77.0,0.64,0.0,-1.0
0,22.6772,73.7051,2010-06-28,0.0,4.5,6.3,24.8,4.2,166.0,0.64,0.0,-1.0
0,6.6155,86.6383,2015-06-06,6.7,17.7,24.1,61.3,6.7,0.0,0.0,0.0,-1.0
0,13.8282,83.6191,2007-05-23,0.0,0.0,0.3,0.5,0.3,0.0,0.0,0.5,-0.866
0,34.5595,84.3179,2012-04-14,0.1,1.2,5.6,16.7,4.3,5164.0,7.87,0.866,-0.5
0,26.2995,84.6544,2021-08-02,8.5,31.1,107.1,199.9,48.1,61.0,0.0,-0.866,-0.5
0,18.4432,88.5764,2020-04-15,0.0,0.0,0.0,0.0,0.0,0.0,0.0,0.866,-0.5
0,34.5069,93.3049,2013-05-18,0.6,4.6,13.2,21.5,4.3,4831.0,22.96,0.5,-0.866
0,32.9604,82.7972,2013-10-22,0.0,0.0,0.0,0.6,0.0,4551.0,1.22,-0.866,0.5
0,12.9347,82.2677,2023-10-03,1.0,4.1,19.4,59.9,4.4,0.0,0.0,-0.866,0.5
0,16.5867,71.3643,2019-08-18,1.0,3.2,17.4,98.1,5.1,0.0,0.0,-0.866,-0.5
0,11.811,81.4188,2016-05-18,24.7,126.5,135.4,136.3,59.3,0.0,0.0,0.5,-0.866
0,35.454,71.2055,2011-12-07,0.0,0.8,3.0,26.9,1.2,4182.0,17.69,-0.0,1.0
0,12.5338,74.6555,2023-08-04,10.0,14.7,28.6,216.9,10.0,0.0,0.0,-0.866,-0.5
0,28.4327,74.6023,2009-10-15,0.0,0.0,0.0,3.8,0.0,260.0,0.29,-0.866,0.5
0,22.3506,77.5983,2007-11-24,0.0,0.0,0.0,0.0,0.0,399.0,4.22,-0.5,0.866
0,18.6818,94.4218,2008-07-04,34.4,94.8,203.6,298.3,37.7,80.0,14.03,-0.5,-0.866
0,19.1748,86.5599,2012-06-19,20.8,58.7,72.7,73.1,26.3,0.0,0.0,0.0,-1.0
0,6.6882,94.5162,2015-07-04,4.0,14.5,24.8,27.2,6.3,0.0,0.0,-0.5,-0.866
0,13.9209,70.2143,2021-04-20,0.0,0.0,1.8,1.8,1.8,0.0,0.0,0.866,-0.5
0,35.1957,71.445,2010-10-23,0.0,0.8,1.1,2.2,0.8,1966.0,34.28,-0.866,0.5
0,17.0703,85.5059,2014-08-18,2.0,21.1,77.0,112.6,22.2,0.0,0.0,-0.866,-0.5
0,22.7305,76.8178,2007-08-06,19.2,48.8,113.3,193.2,28.8,349.0,4.37,-0.866,-0.5
0,36.2203,92.2463,2019-04-13,0.0,1.6,10.9,20.8,9.3,4567.0,18.27,0.866,-0.5
0,17.5592,96.1236,2012-06-13,6.0,30.8,107.1,269.7,29.4,77.0,1.54,0.0,-1.0
0,24.8491,78.4401,2017-09-05,2.5,11.5,16.6,77.4,6.4,346.0,1.15,-1.0,-0.0
0,19.9465,77.0874,2012-07-19,1.9,4.4,14.7,48.0,4.5,484.0,1.03,-0.5,-0.866
0,16.8029,74.5937,2007-06-14,1.8,6.3,13.2,22.5,2.9,542.0,2.0,0.0,-1.0
0,29.4199,89.7761,2007-10-19,0.9,1.9,2.3,8.6,0.9,5444.0,8.27,-0.866,0.5
0,19.8516,86.5083,2020-04-20,0.0,0.0,0.0,0.0,0.0,0.0,0.0,0.866,-0.5
0,19.1915,97.1597,2021-06-25,1.5,8.2,26.0,139.4,8.2,1152.0,15.66,0.0,-1.0
0,23.7228,79.6925,2021-01-01,0.0,0.0,0.0,0.0,0.0,340.0,0.41,0.5,0.866
0,15.7098,88.0516,2016-05-12,0.0,0.0,0.0,0.0,0.0,0.0,0.0,0.5,-0.866
0,18.6688,70.2204,2023-07-26,36.3,51.5,103.3,166.6,36.3,0.0,0.0,-0.5,-0.866
0,31.9094,71.3201,2021-07-10,0.0,0.0,0.1,0.2,0.1,182.0,0.0,-0.5,-0.866
0,22.0696,86.5825,2010-05-24,0.0,44.1,52.5,83.1,25.1,87.0,2.36,0.5,-0.866
0,36.4172,76.6425,2015-08-01,2.0,7.6,25.1,28.1,7.1,3815.0,32.55,-0.866,-0.5
0,15.2005,68.2914,2023-08-22,0.7,1.6,2.8,3.4,0.7,0.0,0.0,-0.866,-0.5
0,30.6861,93.8372,2010-06-06,11.7,23.7,33.3,40.8,11.7,5117.0,10.53,0.0,-1.0
0,31.5708,97.1043,2021-04-05,0.0,5.4,8.6,12.1,3.0,4180.0,33.86,0.866,-0.5
0,7.6725,79.8063,2007-07-02,4.0,8.7,19.0,60.5,6.3,4.0,1.03,-0.5,-0.866
0,31.696,73.2847,2018-07-09,0.0,0.0,9.4,42.9,5.8,196.0,0.86,-0.5,-0.866
0,22.1025,90.7201,2013-01-18,0.0,0.0,0.0,0.0,0.0,2.0,0.57,0.5,0.866
0,32.748,91.7327,2014-06-10,0.7,3.8,14.7,41.3,6.5,4973.0,3.76,0.0,-1.0
0,25.0656,89.7384,2010-05-28,13.1,45.6,79.6,274.5,30.8,17.0,0.0,0.5,-0.866
0,23.1,80.2718,2011-09-01,11.6,21.4,70.5,178.9,20.4,482.0,1.15,-1.0,-0.0
0,34.2636,81.1888,2008-06-01,0.8,2.3,5.7,17.9,1.5,5565.0,7.19,0.0,-1.0
0,6.519,69.3548,2019-06-13,0.9,12.3,106.7,204.3,69.4,0.0,0.0,0.0,-1.0
0,9.5547,94.2138,2013-09-12,20.2,75.8,103.4,156.7,36.9,0.0,0.0,-1.0,-0.0
0,7.0186,96.5631,2010-06-10,0.7,4.0,62.5,96.3,26.0,0.0,0.0,0.0,-1.0
0,23.2387,90.634,2016-05-15,0.0,29.1,30.2,130.8,27.6,0.0,0.0,0.5,-0.866
0,19.4598,84.7997,2007-07-16,6.0,42.6,60.2,99.0,19.9,23.0,0.81,-0.5,-0.866
0,26.1088,83.6592,2008-04-21,0.0,0.0,3.0,3.9,2.5,71.0,0.64,0.866,-0.5
0,7.4369,86.6152,2010-05-12,0.1,1.8,27.7,83.4,9.2,0.0,0.0,0.5,-0.866
0,7.9282,76.0058,2011-06-09,1.2,12.1,46.5,250.2,13.6,0.0,0.0,0.0,-1.0
0,24.5436,95.6752,2017-06-09,6.0,10.2,48.9,186.9,27.3,393.0,11.67,0.0,-1.0
0,35.1408,84.4795,2018-10-27,0.1,0.5,0.9,2.5,0.4,4911.0,1.46,-0.866,0.5
0,11.445,95.73,2011-06-26,5.6,6.3,15.9,108.2,7.8,0.0,0.0,0.0,-1.0
0,10.0049,94.8498,2022-08-14,3.1,33.5,36.9,137.6,22.7,0.0,0.0,-0.866,-0.5
0,10.6078,95.5069,2012-09-06,32.2,67.5,87.3,270.0,32.2,0.0,0.0,-1.0,-0.0
0,10.2465,68.2335,2016-05-21,6.6,12.8,12.8,12.8,6.6,0.0,0.0,0.5,-0.866
0,19.6873,68.8673,2019-07-16,1.0,2.8,10.7,28.2,2.2,0.0,0.0,-0.5,-0.866
0,15.6072,76.5129,2014-09-12,0.2,0.6,12.6,35.0,11.8,462.0,0.64,-1.0,-0.0
0,24.5235,77.6246,2014-03-27,0.0,0.0,0.7,0.8,0.7,515.0,0.41,1.0,0.0
0,22.5313,77.2199,2011-07-03,0.0,0.9,56.0,156.6,34.1,288.0,0.81,-0.5,-0.866
0,15.1241,89.4953,2008-05-06,0.3,0.3,143.2,202.8,90.6,0.0,0.0,0.5,-0.866
0,6.5997,75.3495,2009-04-06,4.8,18.0,18.6,19.3,9.7,0.0,0.0,0.866,-0.5
0,34.4155,70.0057,2014-08-16,0.2,0.2,0.2,2.2,0.2,1810.0,5.43,-0.866,-0.5
0,34.1941,86.8827,2022-08-15,0.8,11.0,13.1,42.2,6.2,5303.0,15.03,-0.866,-0.5
0,11.2116,90.7858,2014-07-18,1.4,9.8,54.2,138.1,11.8,0.0,0.0,-0.5,-0.866
0,25.0246,84.3927,2017-08-11,15.8,51.9,107.3,188.0,21.4,93.0,0.91,-0.866,-0.5
0,11.6291,85.2415,2018-06-22,1.9,5.4,18.7,25.7,11.8,0.0,0.0,0.0,-1.0
0,10.6983,93.3469,2023-04-04,0.0,0.0,0.0,0.3,0.0,0.0,0.0,0.866,-0.5
0,16.3308,78.8632,2008-03-03,0.0,0.0,0.0,0.0,0.0,642.0,2.72,1.0,0.0
0,16.5796,69.5407,2018-09-02,0.4,2.5,15.7,34.4,4.5,0.0,0.0,-1.0,-0.0
0,15.7554,70.736,2015-07-10,0.5,4.9,6.0,11.3,3.0,0.0,0.0,-0.5,-0.866
0,20.6485,90.5582,2011-08-12,27.6,131.6,254.3,409.6,52.6,0.0,0.0,-0.866,-0.5
0,15.4269,93.7784,2016-08-28,6.9,10.5,16.0,68.0,6.9,0.0,0.0,-0.866,-0.5
0,9.864,91.2894,2016-07-12,0.0,7.6,15.8,61.0,5.6,0.0,0.0,-0.5,-0.866
0,27.5698,96.9095,2016-07-09,19.6,59.7,115.4,229.2,25.9,3411.0,8.15,-0.5,-0.866
0,31.9222,85.7895,2022-02-08,0.0,0.1,2.1,3.7,0.8,4946.0,0.86,0.866,0.5
0,21.8164,68.8934,2013-05-17,0.0,0.0,0.0,0.0,0.0,0.0,0.0,0.5,-0.866
0,19.1386,93.7785,2014-03-07,0.0,0.0,0.0,0.0,0.0,1.0,0.0,1.0,0.0
0,31.2649,83.3744,2020-08-06,6.8,8.2,23.8,42.7,7.5,4769.0,0.29,-0.866,-0.5
0,34.5902,83.1329,2009-07-06,0.0,0.0,0.9,2.3,0.4,5436.0,1.18,-0.5,-0.866
0,17.0788,73.1356,2007-07-07,24.9,76.0,181.0,738.8,37.1,0.0,0.0,-0.5,-0.866
0,15.0572,84.3681,2009-05-22,11.5,14.0,15.8,15.8,11.5,0.0,0.0,0.5,-0.866
0,15.9038,71.6057,2017-08-14,2.1,3.1,17.4,29.8,4.7,0.0,0.0,-0.866,-0.5
0,31.452,74.2749,2022-06-08,0.0,0.0,0.0,0.3,0.0,212.0,0.41,0.0,-1.0
0,30.865,91.1353,2010-02-17,0.3,0.3,1.5,1.9,1.0,4880.0,6.58,0.866,0.5
0,17.1872,88.224,2019-05-09,0.0,0.0,1.5,7.4,1.5,0.0,0.0,0.5,-0.866
0,21.3969,89.689,2012-07-13,0.8,2.2,44.4,113.7,14.5,0.0,0.0,-0.5,-0.866
0,24.2747,79.726,2014-10-10,0.0,1.6,1.9,2.3,0.9,312.0,0.91,-0.866,0.5
0,12.797,79.6836,2015-08-19,0.0,3.4,35.4,55.2,19.5,79.0,0.41,-0.866,-0.5
0,33.1598,86.5586,2008-07-11,0.8,25.5,28.0,48.9,17.3,5600.0,2.06,-0.5,-0.866
0,24.7877,84.9659,2008-09-23,8.6,29.6,57.0,79.9,14.4,110.0,0.41,-1.0,-0.0
0,9.865,83.7018,2014-07-16,0.5,1.8,6.9,39.6,3.0,0.0,0.0,-0.5,-0.866
0,23.8232,83.6731,2017-05-22,0.0,0.0,1.0,2.6,1.0,413.0,2.72,0.5,-0.866
0,11.4118,88.776,2023-07-14,0.3,2.2,95.3,281.0,31.9,0.0,0.0,-0.5,-0.866
0,15.2153,76.481,2015-08-13,1.8,25.0,41.3,56.1,20.2,728.0,19.56,-0.866,-0.5
0,22.0011,86.268,2021-11-27,0.0,0.0,2.3,23.2,1.6,791.0,3.72,-0.5,0.866
0,23.9852,80.9222,2022-07-12,1.2,8.0,26.8,105.0,8.1,351.0,1.03,-0.5,-0.866
0,16.3578,88.9444,2011-06-17,11.7,35.4,306.3,425.2,132.2,0.0,0.0,0.0,-1.0
0,34.8634,89.886,2012-09-02,0.0,3.6,25.2,48.5,15.2,5112.0,2.06,-1.0,-0.0
0,10.8038,81.0127,2009-08-24,3.0,11.4,25.1,58.6,7.5,0.0,0.0,-0.866,-0.5
0,31.1001,76.8276,2021-07-21,4.1,42.6,69.1,126.0,27.7,854.0,25.7,-0.5,-0.866
0,33.4614,81.6326,2023-10-25,1.6,2.7,4.1,10.3,1.6,5613.0,38.31,-0.866,0.5
0,15.4775,96.4818,2010-10-26,14.5,21.2,95.3,263.3,23.1,0.0,0.0,-0.866,0.5
0,30.1972,91.4467,2012-05-16,4.2,11.1,20.0,29.1,6.3,4884.0,30.77,0.5,-0.866
0,22.1922,79.5409,2012-07-03,27.0,44.0,46.7,58.3,27.0,585.0,1.83,-0.5,-0.866
0,28.2836,86.8268,2017-05-17,1.2,9.5,14.1,21.0,5.8,4998.0,15.57,0.5,-0.866
0,29.0596,93.0432,2014-04-03,1.5,9.6,24.7,32.2,8.7,3465.0,29.38,0.866,-0.5
0,24.7926,97.0823,2015-09-03,24.9,57.8,154.7,284.6,42.5,205.0,3.98,-1.0,-0.0
0,34.8578,77.9285,2007-01-27,0.0,0.0,0.4,4.0,0.4,5966.0,39.83,0.5,0.866
0,28.6367,86.2073,2012-10-27,0.0,0.0,0.0,0.0,0.0,5132.0,31.38,-0.866,0.5
0,31.5018,81.1362,2017-08-12,0.4,5.9,46.0,81.6,14.0,5236.0,7.99,-0.866,-0.5
0,10.9342,93.4126,2013-10-19,2.8,11.7,13.4,169.4,8.6,0.0,0.0,-0.866,0.5
0,13.1303,91.2849,2017-03-27,0.0,0.0,0.0,0.0,0.0,0.0,0.0,1.0,0.0
0,28.8354,83.8846,2021-01-24,0.0,0.0,0.0,0.0,0.0,4030.0,31.22,0.5,0.866
0,35.3355,68.3507,2013-09-11,0.0,0.0,0.0,0.0,0.0,2728.0,18.49,-1.0,-0.0
0,10.2961,79.6396,2010-09-04,0.3,0.7,8.8,78.1,4.3,-1.0,0.57,-1.0,-0.0
0,23.7702,91.2243,2011-03-08,0.0,0.0,0.0,0.0,0.0,9.0,0.29,1.0,0.0
0,32.0849,97.0504,2017-06-21,10.3,13.2,45.6,104.2,12.6,4183.0,28.44,0.0,-1.0
0,16.9869,75.1788,2008-07-19,0.0,0.1,1.6,4.7,0.6,707.0,1.81,-0.5,-0.866
0,27.2025,77.6787,2023-07-04,1.9,4.4,29.6,135.1,11.5,175.0,0.86,-0.5,-0.866
0,28.0154,69.2601,2016-06-05,0.0,0.0,0.0,0.0,0.0,68.0,0.29,0.0,-1.0
0,12.8653,81.6006,2023-07-11,45.3,70.1,73.1,168.7,45.3,0.0,0.0,-0.5,-0.866
0,21.3857,79.1839,2009-07-15,51.1,76.2,128.0,365.9,51.1,301.0,0.64,-0.5,-0.866
0,13.011,78.286,2014-08-13,0.2,8.8,20.0,31.9,8.2,813.0,0.64,-0.866,-0.5
0,25.0605,88.7773,2017-08-18,0.0,22.4,94.2,230.5,28.4,21.0,0.0,-0.866,-0.5
0,35.7628,96.8089,2009-09-14,4.1,16.6,40.2,95.2,10.2,4258.0,4.45,-1.0,-0.0
0,17.5015,96.191,2009-07-08,12.0,54.4,138.2,282.4,34.0,73.0,6.05,-0.5,-0.866
0,26.0198,93.3928,2022-09-08,0.7,31.7,78.7,140.7,17.2,141.0,3.35,-1.0,-0.0
0,23.543,78.5335,2010-09-04,2.8,34.3,71.4,130.5,20.1,604.0,1.54,-1.0,-0.0
0,17.8949,75.2599,2008-11-20,4.6,6.2,11.0,11.0,4.6,504.0,0.81,-0.5,0.866
0,26.3007,92.7304,2022-10-16,0.1,1.6,48.6,174.5,23.1,60.0,0.0,-0.866,0.5
0,11.9513,68.8311,2020-04-20,0.0,0.0,0.0,0.0,0.0,0.0,0.0,0.866,-0.5
0,36.4031,87.1796,2014-07-11,0.0,0.0,13.6,20.9,4.8,5426.0,16.44,-0.5,-0.866
0,15.3496,83.3766,2015-06-09,10.6,52.0,78.1,91.6,27.0,0.0,0.0,0.0,-1.0
0,8.5606,88.7915,2010-07-02,2.2,7.6,32.0,64.5,13.3,0.0,0.0,-0.5,-0.866
0,25.2036,88.5488,2013-11-11,0.0,0.0,0.0,1.7,0.0,25.0,1.03,-0.5,0.866
0,16.5429,93.7297,2020-08-10,4.2,33.1,153.1,340.2,38.6,0.0,0.0,-0.866,-0.5
0,31.3471,69.2642,2008-06-04,0.0,3.5,3.5,5.5,2.5,1426.0,0.81,0.0,-1.0
0,12.1673,84.5264,2013-01-16,0.0,0.0,0.0,15.1,0.0,0.0,0.0,0.5,0.866
0,6.7482,72.2099,2011-07-14,0.0,2.1,19.7,58.6,13.0,0.0,0.0,-0.5,-0.866
0,34.5088,83.0187,2015-04-21,1.5,1.7,2.2,5.9,1.5,5382.0,14.57,0.866,-0.5
0,26.793,81.372,2014-07-19,7.5,54.3,73.8,172.2,35.0,114.0,0.91,-0.5,-0.866
0,24.2593,91.4303,2020-10-19,13.6,23.2,27.1,55.8,13.6,7.0,0.91,-0.866,0.5
0,23.754,69.3247,2007-07-09,0.3,0.3,2.8,66.6,1.8,3.0,0.29,-0.5,-0.866
0,23.59,73.1074,2015-07-28,154.4,327.1,376.0,418.9,154.4,172.0,2.02,-0.5,-0.866
0,34.6545,83.0199,2017-09-28,0.3,0.3,15.8,20.7,13.6,5395.0,16.81,-1.0,-0.0
0,29.132,78.3428,2017-09-08,0.5,6.9,28.5,139.5,18.8,226.0,0.29,-1.0,-0.0
0,22.6291,94.3363,2010-04-16,0.0,0.0,0.0,0.0,0.0,597.0,13.9,0.866,-0.5
0,20.1054,94.2038,2010-01-14,0.0,0.0,0.0,0.0,0.0,1104.0,19.83,0.5,0.866
0,30.1651,90.348,2015-09-27,0.0,0.1,8.0,28.3,4.7,5296.0,22.05,-1.0,-0.0
0,29.7698,90.5872,2013-02-10,0.0,0.0,0.4,7.1,0.4,5511.0,27.21,0.866,0.5
0,24.2194,90.4202,2022-10-17,0.0,0.0,33.9,93.8,12.8,17.0,0.64,-0.866,0.5
0,12.6664,81.8619,2023-08-12,0.3,16.5,31.5,33.4,14.4,0.0,0.0,-0.866,-0.5
0,13.1733,74.9041,2022-07-25,3.5,20.2,48.5,321.1,18.0,54.0,3.45,-0.5,-0.866
0,19.9852,92.4673,2007-03-23,0.0,0.6,0.6,0.6,0.6,0.0,0.0,1.0,0.0
0,24.6513,86.3693,2013-04-12,0.0,0.0,0.0,0.1,0.0,183.0,2.02,0.866,-0.5
0,21.8795,86.789,2012-07-01,16.3,16.4,18.5,129.4,16.3,68.0,1.72,-0.5,-0.866
0,22.8485,79.679,2012-06-26,0.0,0.1,6.1,53.1,2.5,476.0,0.64,0.0,-1.0
0,35.5967,95.253,2012-03-28,0.0,0.1,0.6,4.7,0.5,4738.0,2.59,1.0,0.0
0,32.3707,74.863,2018-03-02,0.9,2.3,5.3,5.6,3.0,269.0,0.29,1.0,0.0
0,20.0063,71.9515,2009-06-09,0.0,0.0,2.2,2.9,1.6,0.0,0.0,0.0,-1.0
0,7.0904,88.8646,2015-07-19,1.5,15.1,43.1,57.3,14.2,0.0,0.0,-0.5,-0.866
0,9.4911,74.3452,2014-06-25,0.5,0.6,9.2,27.3,5.4,0.0,0.0,0.0,-1.0
0,31.7057,86.9758,2016-02-16,0.0,0.0,0.0,0.0,0.0,4551.0,0.0,0.866,0.5
0,9.4637,86.7116,2015-04-25,0.6,2.0,18.8,63.2,8.4,0.0,0.0,0.866,-0.5
0,22.8196,81.7357,2022-08-24,14.5,21.3,159.8,260.7,64.6,889.0,2.45,-0.866,-0.5
0,11.0307,79.4984,2020-05-19,0.0,10.5,14.3,24.2,7.1,21.0,1.22,0.5,-0.866
0,12.6406,73.235,2016-03-16,0.0,0.0,0.0,0.0,0.0,0.0,0.0,1.0,0.0
0,30.3035,73.4729,2013-01-27,0.0,0.0,0.0,4.9,0.0,163.0,0.29,0.5,0.866
0,11.6717,70.9405,2008-07-20,0.8,1.2,58.1,64.2,28.6,0.0,0.0,-0.5,-0.866
0,7.5634,77.0116,2019-07-04,2.2,6.7,8.5,41.8,2.5,0.0,0.0,-0.5,-0.866
0,12.9534,82.0093,2021-04-13,0.8,0.9,1.2,1.3,0.8,0.0,0.0,0.866,-0.5
0,27.3338,73.0101,2008-11-05,0.0,0.0,0.0,0.0,0.0,286.0,0.29,-0.5,0.866
0,7.4539,77.889,2020-09-13,3.5,8.7,41.0,114.2,16.6,0.0,0.0,-1.0,-0.0
0,28.1433,70.0673,2007-06-14,0.0,0.0,0.0,0.5,0.0,76.0,0.41,0.0,-1.0
0,6.7993,81.713,2008-08-01,5.9,9.3,10.5,26.1,5.9,33.0,0.91,-0.866,-0.5
0,9.3734,75.1802,2007-06-26,1.5,8.2,135.3,301.4,54.7,0.0,0.0,0.0,-1.0
0,7.2799,81.6111,2013-08-03,1.6,1.6,2.6,7.6,1.6,64.0,2.18,-0.866,-0.5
0,29.0791,69.0209,2009-07-06,0.0,0.0,0.8,3.1,0.7,510.0,31.94,-0.5,-0.866
0,9.7747,83.9458,2023-06-02,0.7,0.7,5.3,10.3,3.9,0.0,0.0,0.0,-1.0
0,20.6784,70.2293,2012-06-05,0.0,0.0,0.0,0.0,0.0,0.0,0.0,0.0,-1.0
0,10.0985,91.7258,2015-05-28,4.4,51.2,74.6,158.5,24.3,0.0,0.0,0.5,-0.866
0,28.8044,91.3742,2012-12-04,0.0,0.0,0.0,0.8,0.0,4933.0,5.25,-0.0,1.0
0,22.9147,97.2879,2007-03-27,0.0,0.0,0.1,0.2,0.1,1102.0,35.91,1.0,0.0
0,20.1436,77.0386,2014-07-05,0.0,0.7,0.8,1.0,0.7,544.0,0.64,-0.5,-0.866
0,29.2873,76.6475,2012-09-05,0.1,10.7,38.1,138.1,11.9,231.0,0.0,-1.0,-0.0
0,17.3164,70.7389,2017-06-05,1.2,6.3,20.9,21.1,9.2,0.0,0.0,0.0,-1.0
0,11.9325,94.8854,2011-06-03,13.1,31.8,53.3,114.5,15.0,0.0,0.0,0.0,-1.0
0,35.1305,94.9589,2015-08-01,0.0,0.3,2.1,2.5,1.6,4633.0,1.54,-0.866,-0.5
0,15.6527,92.2871,2012-09-16,7.4,42.7,82.3,265.2,21.3,0.0,0.0,-1.0,-0.0
0,17.7748,68.6668,2018-08-14,0.2,2.3,10.5,17.7,3.4,0.0,0.0,-0.866,-0.5
0,15.9742,74.6272,2009-04-14,0.0,0.5,4.9,9.2,4.4,771.0,7.13,0.866,-0.5
0,26.0464,85.779,2007-06-18,3.4,25.8,169.0,236.5,86.0,55.0,2.82,0.0,-1.0
0,35.6153,87.9753,2018-06-12,0.6,7.5,12.4,24.9,5.1,5101.0,3.84,0.0,-1.0
0,24.0304,78.3473,2010-06-05,0.0,0.5,0.5,0.5,0.5,430.0,0.57,0.0,-1.0
0,9.689,87.6887,2009-06-18,5.8,15.0,31.9,59.5,10.0,0.0,0.0,0.0,-1.0
0,11.6219,80.6811,2016-10-25,0.0,7.7,10.3,13.2,6.1,0.0,0.0,-0.866,0.5
0,28.4752,91.6688,2022-10-09,0.4,0.9,3.7,15.5,1.3,4762.0,8.92,-0.866,0.5
0,23.1801,91.3393,2020-10-17,16.0,16.0,24.0,58.2,16.0,32.0,3.73,-0.866,0.5
0,10.3071,81.6765,2023-12-01,43.2,75.5,93.1,203.4,43.2,0.0,0.0,-0.0,1.0
0,22.2656,77.2029,2014-05-17,0.0,0.0,0.0,0.2,0.0,312.0,0.41,0.5,-0.866
0,19.6497,87.3918,2010-12-19,0.0,0.0,6.9,109.1,5.0,0.0,0.0,-0.0,1.0
0,23.6566,82.4755,2011-08-19,4.9,34.4,74.4,303.1,14.9,762.0,8.92,-0.866,-0.5
0,9.0726,76.8729,2023-02-19,0.0,0.0,0.0,0.0,0.0,41.0,5.67,0.866,0.5
0,34.4987,90.6718,2019-11-07,0.0,0.0,2.9,6.9,2.6,4957.0,1.03,-0.5,0.866
0,24.7379,89.5457,2017-04-07,2.1,23.0,33.5,104.8,12.8,14.0,0.0,0.866,-0.5
0,35.8894,76.2188,2015-06-14,0.0,0.0,0.0,19.6,0.0,5410.0,24.37,0.0,-1.0
0,19.9714,96.0422,2014-07-04,5.4,19.0,46.2,149.7,8.6,235.0,0.91,-0.5,-0.866
0,23.7225,83.5696,2012-06-14,0.0,0.0,0.0,0.0,0.0,492.0,6.85,0.0,-1.0
0,10.941,93.2426,2013-05-06,8.3,16.1,24.3,48.6,8.3,0.0,0.0,0.5,-0.866
0,34.664,72.3773,2007-01-11,0.0,0.0,0.0,1.1,0.0,2365.0,46.26,0.5,0.866
0,32.8595,90.4602,2007-01-01,0.0,0.0,0.0,0.0,0.0,5071.0,10.85,0.5,0.866
0,22.9563,79.1186,2019-09-24,19.1,52.4,77.4,281.4,19.1,351.0,0.29,-1.0,-0.0
0,20.1031,85.5154,2023-08-01,41.4,74.7,127.3,226.6,41.4,59.0,3.64,-0.866,-0.5
0,22.1328,90.6595,2010-08-03,0.9,17.2,88.4,193.0,29.2,2.0,0.57,-0.866,-0.5
0,14.0637,79.9827,2009-01-19,0.0,0.0,0.0,0.5,0.0,16.0,0.57,0.5,0.866
0,18.0345,90.2126,2014-08-27,13.8,32.0,61.1,111.3,13.8,0.0,0.0,-0.866,-0.5
0,10.6659,82.5869,2021-11-24,18.4,43.1,75.4,334.4,19.4,0.0,0.0,-0.5,0.866
0,28.7004,86.2244,2017-06-18,2.1,2.1,2.1,10.9,2.1,4999.0,22.25,0.0,-1.0
0,15.506,97.1753,2020-11-28,0.0,0.0,1.0,1.0,1.0,0.0,0.0,-0.5,0.866
0,20.9009,75.6114,2007-05-02,0.0,0.0,0.0,2.4,0.0,281.0,1.67,0.5,-0.866
0,34.1408,92.0701,2015-12-17,0.0,0.0,0.0,0.1,0.0,4634.0,1.72,-0.0,1.0
0,27.0289,75.3467,2014-04-04,0.0,0.0,0.5,4.0,0.5,410.0,1.03,0.866,-0.5
0,35.0928,70.4332,2017-03-03,0.0,0.4,4.2,41.9,3.8,2620.0,24.59,1.0,0.0
0,9.274,85.8218,2015-08-23,2.5,8.8,15.3,33.5,5.3,0.0,0.0,-0.866,-0.5
0,16.3918,72.1749,2016-08-26,2.1,7.1,22.2,31.7,6.4,0.0,0.0,-0.866,-0.5
0,11.0024,68.536,2007-08-26,4.4,11.0,34.9,39.8,10.2,0.0,0.0,-0.866,-0.5
0,8.5524,74.0019,2020-09-09,10.9,31.1,76.3,134.4,13.6,0.0,0.0,-1.0,-0.0
0,18.8335,81.1711,2015-06-19,40.1,113.8,230.2,275.0,47.4,385.0,1.22,0.0,-1.0
0,15.0015,94.2718,2020-06-13,1.5,12.2,91.8,178.1,28.8,0.0,0.0,0.0,-1.0
0,19.7485,89.1254,2011-03-18,0.0,1.7,2.0,2.0,1.7,0.0,0.0,1.0,0.0
0,14.5099,86.9969,2009-01-05,0.0,0.0,0.0,0.0,0.0,0.0,0.0,0.5,0.866
0,27.1615,72.4901,2023-04-08,0.0,0.0,0.0,6.1,0.0,243.0,0.29,0.866,-0.5
0,19.9022,95.2121,2011-06-01,0.3,12.9,46.9,84.2,11.1,142.0,1.74,0.0,-1.0
0,35.3292,79.5369,2023-02-12,0.0,0.5,1.4,3.4,0.6,4854.0,2.29,0.866,0.5
0,33.1173,82.658,2021-08-05,2.0,8.6,31.8,39.5,8.8,4726.0,3.45,-0.866,-0.5
0,13.322,94.9259,2020-08-07,29.9,43.8,163.5,239.4,41.1,0.0,0.0,-0.866,-0.5
0,15.8472,96.0555,2007-05-15,5.9,57.3,120.5,365.1,31.0,0.0,0.0,0.5,-0.866
0,6.7526,70.5721,2011-08-25,0.4,4.8,19.8,36.9,4.9,0.0,0.0,-0.866,-0.5
0,23.0498,77.7945,2020-07-22,0.9,28.7,40.9,102.1,22.2,471.0,4.16,-0.5,-0.866
0,34.648,86.5361,2018-09-11,3.5,6.4,27.4,44.0,8.7,5004.0,0.57,-1.0,-0.0
0,23.4338,76.4625,2010-09-13,0.7,0.7,42.3,154.9,17.8,435.0,0.64,-1.0,-0.0
0,33.0011,69.7946,2008-08-08,0.0,1.4,52.2,94.9,26.4,1312.0,3.58,-0.866,-0.5
0,14.4351,80.0478,2014-02-05,0.0,0.0,0.0,0.7,0.0,11.0,0.0,0.866,0.5
0,22.1711,81.5193,2012-01-24,0.0,0.0,0.0,0.0,0.0,316.0,0.41,0.5,0.866
0,12.5151,94.6703,2020-08-21,0.2,2.2,5.4,93.7,1.5,0.0,0.0,-0.866,-0.5
0,8.5593,70.6424,2018-01-09,0.3,4.4,4.8,4.8,3.7,0.0,0.0,0.5,0.866
0,6.8459,89.6951,2014-07-11,0.0,2.6,42.5,78.4,19.9,0.0,0.0,-0.5,-0.866
0,35.1716,90.7712,2015-08-25,5.0,11.9,13.2,46.4,6.5,4834.0,3.84,-0.866,-0.5
0,15.8617,89.3995,2012-12-10,0.0,0.0,0.0,47.5,0.0,0.0,0.0,-0.0,1.0
0,33.315,96.8648,2016-07-08,6.2,24.4,48.1,82.5,13.3,4418.0,42.17,-0.5,-0.866
0,17.9846,96.5086,2017-04-03,0.8,1.3,1.3,1.3,0.8,39.0,0.81,0.866,-0.5
0,13.5979,78.7956,2013-08-26,0.0,0.0,1.4,75.0,0.9,583.0,2.36,-0.866,-0.5
0,35.4212,77.1193,2014-09-09,0.4,0.6,65.4,70.2,23.4,4634.0,3.2,-1.0,-0.0
0,16.9917,96.3525,2012-03-14,0.0,6.8,10.5,10.5,6.8,5.0,0.0,1.0,0.0
0,11.3955,77.3766,2011-04-22,6.7,28.2,47.1,55.9,19.9,274.0,1.22,0.866,-0.5
0,31.2815,87.7113,2007-05-15,0.0,2.6,12.5,21.7,6.0,4954.0,11.07,0.5,-0.866
0,21.7816,92.9955,2018-08-13,5.3,11.7,39.0,182.1,13.0,464.0,13.46,-0.866,-0.5
0,34.4565,91.1036,2011-11-28,0.0,0.0,0.0,0.2,0.0,4829.0,0.0,-0.5,0.866
0,14.7819,70.2594,2020-10-15,0.4,5.3,22.6,30.2,15.1,0.0,0.0,-0.866,0.5
0,32.069,81.0389,2016-09-09,0.0,0.0,0.0,6.8,0.0,4667.0,1.28,-1.0,-0.0
0,20.6991,92.4811,2008-08-19,30.9,94.5,215.4,374.8,38.5,46.0,5.61,-0.866,-0.5
0,25.6734,78.6674,2023-02-04,0.0,0.0,3.8,22.7,3.7,194.0,1.72,0.866,0.5
0,15.5992,84.6859,2011-12-05,0.0,0.1,0.1,3.2,0.1,0.0,0.0,-0.0,1.0
0,13.5588,93.4908,2008-09-10,13.1,40.2,84.8,115.1,18.7,0.0,0.0,-1.0,-0.0
0,15.7172,80.3686,2011-09-13,3.1,3.6,3.8,11.3,3.1,0.0,0.0,-1.0,-0.0
0,16.5884,86.7973,2018-09-20,10.5,53.3,110.0,129.3,39.6,0.0,0.0,-1.0,-0.0
0,11.4088,75.5749,2019-09-01,11.8,28.4,86.5,250.6,21.7,0.0,0.0,-1.0,-0.0
0,26.2977,76.1542,2009-06-27,1.8,4.2,10.9,15.1,3.5,276.0,0.57,0.0,-1.0
0,29.4924,70.9817,2013-08-16,2.6,43.5,67.5,95.8,26.2,107.0,0.86,-0.866,-0.5
0,22.9011,70.3691,2007-04-08,0.0,0.0,0.0,0.0,0.0,0.0,0.0,0.866,-0.5
0,32.2152,80.6565,2016-06-11,2.7,9.3,19.7,19.7,9.0,5397.0,12.74,0.0,-1.0
0,21.5133,93.488,2009-09-24,3.3,24.7,45.7,133.1,17.3,1410.0,21.33,-1.0,-0.0
0,22.3471,76.1782,2007-09-18,15.0,15.2,19.0,80.8,15.0,283.0,2.02,-1.0,-0.0
0,36.2922,79.952,2018-09-01,4.3,13.6,27.1,33.1,5.9,3224.0,10.07,-1.0,-0.0
0,31.9023,92.0885,2009-12-06,0.0,0.0,0.2,0.2,0.2,5014.0,7.52,-0.0,1.0
0,11.3299,93.9058,2015-06-22,3.3,22.4,131.7,189.9,38.4,0.0,0.0,0.0,-1.0
0,8.9679,89.4231,2010-05-01,0.0,30.1,42.6,45.2,23.6,0.0,0.0,0.5,-0.866
0,27.747,69.5033,2020-08-17,0.0,0.0,0.0,34.8,0.0,68.0,0.0,-0.866,-0.5
0,6.6257,95.9061,2023-07-04,0.0,0.0,46.9,69.4,15.9,0.0,0.0,-0.5,-0.866
0,18.0515,97.1299,2013-05-02,0.1,1.0,1.4,14.9,0.8,1069.0,28.65,0.5,-0.866
0,9.651,81.1783,2008-09-20,0.5,1.3,1.3,3.7,0.5,0.0,0.0,-1.0,-0.0
0,8.9055,91.8238,2013-01-01,31.3,31.3,31.3,31.3,31.3,0.0,0.0,0.5,0.866
0,15.4344,95.6352,2010-09-08,2.5,11.9,79.7,291.1,21.4,0.0,0.0,-1.0,-0.0
0,29.0064,82.6433,2021-03-27,0.0,1.3,4.5,8.2,1.4,2784.0,30.39,1.0,0.0
0,29.3578,84.3659,2010-02-24,0.0,0.5,0.5,2.0,0.5,5260.0,12.95,0.866,0.5
0,33.0388,90.3513,2018-10-05,0.1,7.3,12.0,22.6,6.1,5178.0,11.12,-0.866,0.5
0,27.0123,86.1968,2023-09-02,14.1,23.7,51.7,193.6,22.3,212.0,0.57,-1.0,-0.0
0,14.2511,85.1641,2021-06-21,2.1,2.2,13.8,97.6,6.2,0.0,0.0,0.0,-1.0
0,17.4398,68.2781,2021-04-07,0.0,0.0,0.0,0.0,0.0,0.0,0.0,0.866,-0.5
0,16.7218,77.9621,2007-04-04,0.0,0.0,0.0,0.0,0.0,477.0,1.54,0.866,-0.5
0,20.6764,72.9108,2021-07-28,9.3,34.2,108.3,237.0,29.4,8.0,1.43,-0.5,-0.866
0,22.1776,68.1022,2008-04-15,0.0,0.0,0.0,0.0,0.0,0.0,0.0,0.866,-0.5
0,27.9518,81.8045,2020-11-04,0.0,0.0,0.0,0.0,0.0,149.0,0.57,-0.5,0.866
0,7.3247,88.3627,2022-04-20,5.9,34.6,44.9,99.0,22.1,0.0,0.0,0.866,-0.5
0,35.7784,72.5615,2019-10-22,18.1,18.7,30.4,30.4,18.1,4848.0,30.44,-0.866,0.5
0,14.0394,82.4671,2022-04-07,0.0,0.0,0.0,0.1,0.0,0.0,0.0,0.866,-0.5
0,16.6654,74.6872,2010-07-14,1.8,2.6,14.8,71.1,5.4,542.0,0.57,-0.5,-0.866
0,33.4901,68.2057,2007-09-18,0.0,0.0,0.0,0.4,0.0,2594.0,22.49,-1.0,-0.0
0,26.7121,89.1314,2021-06-12,3.2,26.4,188.1,272.3,54.8,116.0,0.29,0.0,-1.0
0,32.5139,82.7648,2015-01-21,0.0,0.0,0.0,0.0,0.0,4408.0,0.41,0.5,0.866
0,26.5739,76.6482,2013-09-05,0.0,0.0,5.2,42.7,5.2,249.0,0.81,-1.0,-0.0
0,32.7902,96.4383,2010-04-27,0.0,0.0,15.5,23.0,9.4,4417.0,24.28,0.866,-0.5
0,18.2211,69.1225,2019-12-20,0.0,0.0,0.0,0.0,0.0,0.0,0.0,-0.0,1.0
0,23.0446,92.984,2022-05-22,1.6,6.9,19.2,104.0,5.7,492.0,20.91,0.5,-0.866
0,7.0977,91.625,2009-08-12,12.4,21.6,33.6,39.4,12.4,0.0,0.0,-0.866,-0.5
0,19.6079,88.3578,2018-05-28,0.0,0.0,1.6,1.8,1.0,0.0,0.0,0.5,-0.866
0,27.4094,95.7183,2017-11-03,0.0,0.0,20.3,173.4,18.1,187.0,2.31,-0.5,0.866
0,8.1476,71.4055,2011-07-10,5.9,8.0,49.6,56.8,19.9,0.0,0.0,-0.5,-0.866
0,18.1519,68.1301,2013-10-07,0.0,0.1,21.3,21.3,11.6,0.0,0.0,-0.866,0.5
0,17.4194,96.8871,2023-11-21,0.2,0.2,0.7,17.2,0.4,4.0,0.0,-0.5,0.866
0,29.5053,94.3372,2013-04-28,0.2,4.6,8.7,27.5,4.4,4455.0,27.93,0.866,-0.5
0,25.1001,93.5382,2016-08-10,14.4,29.6,65.0,92.9,14.4,1546.0,20.53,-0.866,-0.5
0,21.6017,74.5015,2020-01-04,0.0,0.0,0.0,0.0,0.0,157.0,0.0,0.5,0.866
0,24.5206,91.8799,2014-09-11,0.8,5.5,30.6,141.6,13.8,10.0,0.41,-1.0,-0.0
0,7.9055,70.9776,2022-10-13,9.0,27.2,53.8,146.6,19.3,0.0,0.0,-0.866,0.5
0,28.0909,90.5277,2016-08-13,6.1,17.4,40.5,96.6,8.1,6021.0,15.98,-0.866,-0.5
0,18.6284,91.4285,2017-05-28,75.8,94.4,95.9,101.5,75.8,0.0,0.0,0.5,-0.866
0,13.4802,84.2235,2007-03-11,0.0,0.0,0.0,0.0,0.0,0.0,0.0,1.0,0.0
0,31.1056,93.9737,2020-06-16,2.8,2.8,5.0,32.9,2.8,5262.0,23.3,0.0,-1.0
0,14.2873,97.3119,2020-07-27,5.1,29.8,52.1,136.2,14.6,0.0,0.0,-0.5,-0.866
0,32.1657,71.6072,2017-07-18,4.5,13.4,89.0,103.0,62.5,195.0,0.41,-0.5,-0.866
0,16.1285,90.5651,2009-09-05,19.8,66.6,160.9,313.7,50.8,0.0,0.0,-1.0,-0.0
0,33.675,94.7744,2011-06-04,4.1,6.8,32.0,55.4,18.5,5016.0,15.93,0.0,-1.0
0,13.5263,78.9774,2010-07-17,14.1,28.4,64.1,110.3,23.7,566.0,4.12,-0.5,-0.866
0,16.741,75.6581,2008-06-21,0.0,0.0,2.7,28.9,2.6,631.0,0.64,0.0,-1.0
0,29.3728,91.9569,2019-07-08,14.0,31.5,50.2,59.1,14.0,5164.0,28.43,-0.5,-0.866
0,7.0658,76.7213,2018-06-25,4.5,14.2,28.1,81.3,6.5,0.0,0.0,0.0,-1.0
0,20.3773,72.1697,2010-06-15,19.7,20.3,20.3,29.5,19.7,0.0,0.0,0.0,-1.0
0,7.3195,74.0054,2010-09-15,4.3,10.1,36.5,44.5,12.9,0.0,0.0,-1.0,-0.0
0,17.3496,91.7625,2014-09-16,3.9,19.3,39.3,189.7,11.2,0.0,0.0,-1.0,-0.0
0,20.9346,89.3185,2017-05-16,0.4,0.4,0.4,0.8,0.4,0.0,0.0,0.5,-0.866
0,15.7069,74.734,2021-01-06,3.2,44.5,45.2,45.2,41.2,630.0,1.22,0.5,0.866
0,15.3952,70.1504,2017-06-28,2.6,9.3,19.2,47.6,4.1,0.0,0.0,0.0,-1.0
0,17.9997,72.7789,2019-05-09,0.0,0.0,0.0,0.0,0.0,0.0,0.0,0.5,-0.866
0,27.0575,79.8834,2012-04-15,0.0,4.9,5.3,7.0,4.9,140.0,0.91,0.866,-0.5
0,23.15,92.6002,2020-12-15,0.0,0.0,0.0,0.0,0.0,644.0,17.35,-0.0,1.0
0,19.3583,72.0151,2013-07-13,7.7,78.2,118.0,141.1,39.8,0.0,0.0,-0.5,-0.866
0,10.8145,95.8951,2013-09-23,10.0,26.2,72.0,172.0,22.4,0.0,0.0,-1.0,-0.0
0,22.9547,95.165,2011-07-23,1.8,23.7,49.4,94.0,17.3,181.0,2.36,-0.5,-0.866
0,17.244,71.6987,2023-10-14,0.2,1.2,1.2,71.0,1.0,0.0,0.0,-0.866,0.5
0,31.5769,85.9178,2007-07-22,1.0,1.5,9.0,32.1,3.4,5281.0,23.91,-0.5,-0.866
0,30.4199,83.2519,2014-11-13,0.0,0.0,0.0,0.0,0.0,4807.0,4.76,-0.5,0.866
0,11.7909,88.4707,2014-09-25,5.8,7.5,8.3,117.1,5.8,0.0,0.0,-1.0,-0.0
0,14.2912,78.2322,2011-01-17,0.0,0.0,0.0,1.1,0.0,522.0,10.13,0.5,0.866
0,20.728,85.0425,2021-09-11,15.0,29.0,85.5,127.3,43.1,148.0,2.95,-1.0,-0.0
0,19.3719,75.5925,2017-01-07,0.0,0.0,0.0,0.0,0.0,444.0,0.29,0.5,0.866
0,18.8448,69.7043,2021-07-20,1.1,3.8,188.8,340.8,62.5,0.0,0.0,-0.5,-0.866
0,21.4943,78.0005,2009-05-14,3.5,3.5,3.5,3.5,3.5,649.0,17.52,0.5,-0.866
0,24.1009,93.4483,2023-05-26,2.6,16.6,23.1,93.7,8.6,1592.0,13.7,0.5,-0.866
0,14.2902,92.9298,2019-07-28,5.1,35.3,62.4,155.4,19.4,0.0,0.0,-0.5,-0.866
0,28.9874,71.842,2008-08-06,2.0,35.4,131.2,134.1,60.3,118.0,0.64,-0.866,-0.5
0,27.685,73.1755,2010-08-16,0.8,33.0,45.1,98.5,20.3,301.0,0.57,-0.866,-0.5
0,9.6925,70.2128,2022-07-12,1.0,5.5,23.2,137.5,13.0,0.0,0.0,-0.5,-0.866
0,19.2778,71.5604,2012-07-14,0.6,13.9,41.0,232.6,9.9,0.0,0.0,-0.5,-0.866
0,8.2162,76.6886,2018-08-18,23.6,44.3,113.7,133.8,43.6,0.0,0.0,-0.866,-0.5
0,9.9206,75.912,2014-07-19,9.3,17.9,74.4,161.5,21.5,0.0,0.0,-0.5,-0.866
0,7.4715,73.1838,2007-04-14,0.8,0.8,6.5,13.8,2.8,0.0,0.0,0.866,-0.5
0,12.7199,93.2661,2012-05-01,8.4,16.9,18.1,25.8,8.4,0.0,0.0,0.5,-0.866
0,28.9063,97.3496,2007-12-26,0.0,0.0,0.0,0.0,0.0,4261.0,18.05,-0.0,1.0
0,9.3697,96.8893,2019-05-22,8.3,15.2,42.8,107.0,14.6,0.0,0.0,0.5,-0.866
0,14.5591,92.4503,2007-02-18,0.0,0.1,0.1,0.1,0.1,0.0,0.0,0.866,0.5
0,32.5505,81.292,2007-10-25,0.0,0.0,0.0,0.0,0.0,4744.0,0.57,-0.866,0.5
0,34.1477,91.7836,2021-03-07,0.0,0.6,1.0,1.5,0.6,4670.0,0.29,1.0,0.0
0,33.1128,69.1605,2008-06-01,0.0,0.8,9.1,37.4,4.3,3037.0,17.2,0.0,-1.0
0,15.2362,73.8494,2021-05-27,0.5,5.7,22.4,239.2,9.1,0.0,0.0,0.5,-0.866
0,12.0062,95.0462,2010-06-08,17.4,54.0,86.6,207.0,25.8,0.0,0.0,0.0,-1.0
0,32.3908,80.9968,2021-07-26,0.0,11.2,17.2,36.2,5.9,4669.0,10.92,-0.5,-0.866
0,19.4969,75.1291,2014-07-18,0.3,1.3,33.0,51.0,16.4,487.0,1.22,-0.5,-0.866
0,35.2371,68.9591,2015-06-11,0.0,0.0,2.2,34.3,1.1,3865.0,12.32,0.0,-1.0
0,8.326,93.9888,2017-08-20,0.3,0.9,35.3,92.3,15.9,0.0,0.0,-0.866,-0.5
0,9.7618,85.8069,2011-09-08,5.8,16.5,39.5,74.5,10.0,0.0,0.0,-1.0,-0.0
0,20.3605,72.6611,2009-09-06,2.9,24.2,70.8,150.1,23.1,0.0,0.0,-1.0,-0.0
0,11.302,84.8915,2018-09-08,0.0,0.0,1.5,34.8,1.0,0.0,0.0,-1.0,-0.0
0,26.0665,76.8047,2020-09-27,0.2,0.2,5.3,5.8,3.1,220.0,0.41,-1.0,-0.0
0,8.285,92.4981,2019-08-15,12.1,27.1,81.2,92.0,23.7,0.0,0.0,-0.866,-0.5
0,25.8764,92.3099,2016-07-06,12.8,82.5,215.4,348.8,59.1,628.0,9.09,-0.5,-0.866
0,17.1769,74.0596,2018-07-20,6.9,19.6,101.5,245.5,40.6,659.0,1.22,-0.5,-0.866
0,7.2018,89.3222,2020-07-18,10.2,34.3,49.1,94.4,19.2,0.0,0.0,-0.5,-0.866
0,15.5406,68.0823,2020-09-12,2.0,31.2,97.9,105.8,24.9,0.0,0.0,-1.0,-0.0
0,31.8946,68.6402,2010-02-01,0.0,0.0,25.6,33.2,11.3,2047.0,4.52,0.866,0.5
0,11.6527,69.3705,2018-05-03,0.0,0.0,0.0,0.0,0.0,0.0,0.0,0.5,-0.866
0,7.4772,75.6419,2014-08-02,4.7,15.4,34.0,51.7,11.1,0.0,0.0,-0.866,-0.5
0,11.7006,72.6279,2013-11-08,2.3,3.2,13.2,19.6,3.6,0.0,0.0,-0.5,0.866
0,11.6994,96.2434,2008-05-03,15.3,62.7,183.7,243.6,61.4,0.0,0.0,0.5,-0.866
0,11.1189,79.0401,2018-08-11,0.0,1.4,4.0,19.7,2.2,63.0,0.29,-0.866,-0.5
0,32.1052,69.7517,2014-08-24,1.7,5.5,5.5,9.6,3.6,940.0,3.73,-0.866,-0.5
0,36.1793,76.3686,2008-09-22,0.6,0.6,3.2,7.6,1.9,3740.0,0.41,-1.0,-0.0
0,13.2811,79.9422,2016-07-18,12.1,24.6,30.3,38.1,12.1,39.0,0.0,-0.5,-0.866
0,27.3543,74.1405,2014-05-25,1.1,1.9,1.9,6.8,1.1,299.0,0.0,0.5,-0.866
0,12.2824,72.7849,2012-09-13,2.8,7.7,27.1,126.8,13.5,0.0,0.0,-1.0,-0.0
0,24.2629,71.9017,2018-09-01,7.3,10.2,30.9,58.9,16.9,94.0,1.22,-1.0,-0.0
0,23.4299,89.8424,2010-12-08,11.3,11.3,11.3,11.3,11.3,4.0,0.29,-0.0,1.0
0,10.2898,96.4946,2009-06-09,2.0,2.1,23.8,238.8,8.6,0.0,0.0,0.0,-1.0
0,11.3508,85.1037,2019-07-11,1.9,14.0,20.9,37.0,7.8,0.0,0.0,-0.5,-0.866
0,15.8917,93.7997,2008-08-05,18.8,39.2,113.4,428.5,24.3,0.0,0.0,-0.866,-0.5
0,10.0371,75.1604,2009-07-07,12.1,74.9,159.1,326.8,34.2,0.0,0.0,-0.5,-0.866
0,20.9337,77.1152,2009-06-06,0.0,0.0,0.0,0.8,0.0,271.0,0.29,0.0,-1.0
0,33.6924,79.326,2015-08-28,0.0,0.0,2.4,7.6,2.0,4793.0,29.82,-0.866,-0.5
0,25.7275,84.7075,2010-10-11,0.0,0.1,6.6,8.1,4.1,52.0,0.41,-0.866,0.5
0,24.0787,73.3339,2014-07-23,12.0,14.3,33.2,80.2,12.0,535.0,6.52,-0.5,-0.866
0,9.4962,78.9851,2020-08-05,0.0,1.2,4.8,12.9,1.5,0.0,0.0,-0.866,-0.5
0,32.1491,76.085,2023-06-22,11.0,14.5,14.7,22.9,11.0,620.0,5.86,0.0,-1.0
0,25.3867,79.7599,2007-06-05,0.0,0.7,0.7,1.0,0.7,186.0,1.03,0.0,-1.0
0,33.2107,80.5588,2014-07-25,8.6,9.5,17.3,40.3,8.6,4613.0,1.43,-0.5,-0.866
0,7.2935,84.8469,2015-04-24,0.8,3.2,45.8,73.4,20.9,0.0,0.0,0.866,-0.5
0,15.9622,72.0541,2010-02-06,0.0,0.0,0.0,0.0,0.0,0.0,0.0,0.866,0.5
0,8.3838,88.387,2007-09-12,11.0,14.5,39.3,82.1,11.0,0.0,0.0,-1.0,-0.0
0,16.0339,75.9917,2010-08-05,0.2,4.4,15.0,96.6,4.5,568.0,2.36,-0.866,-0.5
0,23.9566,71.0995,2008-05-27,0.0,0.0,0.0,0.0,0.0,2.0,0.0,0.5,-0.866
0,22.0227,81.0277,2011-10-15,0.0,0.0,5.5,9.7,3.9,834.0,8.21,-0.866,0.5
0,14.3278,85.8612,2015-04-23,0.4,0.4,7.2,33.0,3.4,0.0,0.0,0.866,-0.5
0,32.2991,72.5231,2014-03-18,0.0,7.2,7.2,83.1,7.2,186.0,0.41,1.0,0.0
0,27.7459,75.504,2010-09-11,5.2,13.9,36.7,111.1,9.5,490.0,23.56,-1.0,-0.0
0,24.221,89.7106,2022-12-10,0.0,0.0,0.0,0.0,0.0,10.0,2.43,-0.0,1.0
0,21.2791,80.727,2013-08-27,33.6,37.2,82.3,185.7,33.6,575.0,17.84,-0.866,-0.5
0,35.3493,93.9785,2020-09-19,2.6,3.6,5.5,22.6,2.6,4543.0,4.87,-1.0,-0.0
0,17.1287,78.5601,2012-08-02,8.9,13.7,20.6,79.1,8.9,566.0,1.74,-0.866,-0.5
0,16.7088,89.1341,2015-08-14,2.7,13.4,50.1,108.9,13.9,0.0,0.0,-0.866,-0.5
0,8.2199,83.3331,2018-08-26,0.4,3.2,3.3,5.3,2.4,0.0,0.0,-0.866,-0.5
0,31.3863,83.9738,2020-12-11,0.0,0.0,0.0,0.0,0.0,4652.0,7.26,-0.0,1.0
0,27.818,82.0959,2007-07-06,3.2,34.8,66.7,111.8,23.4,153.0,0.29,-0.5,-0.866
0,28.6897,75.8507,2012-07-22,0.0,2.3,2.3,35.4,1.9,228.0,1.43,-0.5,-0.866
0,17.3724,95.2573,2017-09-21,5.6,17.0,73.9,89.1,18.7,9.0,0.91,-1.0,-0.0
0,28.6134,70.3645,2012-08-06,1.5,1.7,1.7,1.9,1.5,86.0,0.64,-0.866,-0.5
0,11.6784,93.6525,2012-01-04,0.5,6.1,6.7,6.7,4.4,0.0,0.0,0.5,0.866
0,17.0801,91.4765,2012-11-13,9.8,9.8,9.9,10.6,9.8,0.0,0.0,-0.5,0.866
0,29.208,97.1713,2020-07-18,6.3,13.7,16.5,64.2,6.6,4588.0,32.35,-0.5,-0.866
0,12.1611,90.4341,2007-10-21,7.6,22.6,40.3,92.7,10.0,0.0,0.0,-0.866,0.5
0,9.2192,95.9,2015-09-08,8.2,13.7,26.4,61.2,8.2,0.0,0.0,-1.0,-0.0
0,9.1157,84.8071,2007-05-01,0.0,0.1,5.0,10.9,4.0,0.0,0.0,0.5,-0.866
0,24.6645,87.3262,2021-06-27,0.7,22.8,77.7,263.4,25.2,202.0,2.08,0.0,-1.0
0,7.6927,80.0923,2017-01-27,28.0,35.7,58.1,60.1,28.0,42.0,1.46,0.5,0.866
0,31.3409,69.5522,2013-08-14,0.0,6.2,13.4,55.7,5.4,1553.0,0.41,-0.866,-0.5
0,12.0533,82.0778,2007-06-02,0.3,0.3,8.2,15.6,5.2,0.0,0.0,0.0,-1.0
0,7.9971,90.4276,2018-08-08,1.1,3.4,5.6,30.7,2.0,0.0,0.0,-0.866,-0.5
0,29.3905,83.8929,2016-05-06,0.9,2.7,2.8,2.9,1.3,5496.0,30.47,0.5,-0.866
0,31.5906,70.7626,2019-11-08,0.0,3.3,10.0,10.0,3.9,169.0,0.0,-0.5,0.866
0,32.0653,88.4974,2023-07-01,6.1,19.0,32.7,40.7,11.7,4783.0,5.14,-0.5,-0.866
0,10.807,82.3327,2015-02-13,0.0,17.2,19.4,22.2,15.2,0.0,0.0,0.866,0.5
0,18.507,95.2423,2008-09-27,0.7,7.1,94.6,197.9,51.9,56.0,0.29,-1.0,-0.0
0,20.72,80.8598,2013-04-10,0.0,0.0,0.0,1.2,0.0,364.0,1.43,0.866,-0.5
0,27.7613,89.0402,2017-06-01,5.2,37.9,64.4,85.0,29.9,4633.0,15.0,0.0,-1.0
0,13.3481,73.1172,2021-06-03,14.3,23.5,70.5,90.9,27.6,0.0,0.0,0.0,-1.0
0,31.2849,87.4415,2010-09-22,2.5,9.8,22.2,42.8,6.0,5063.0,5.25,-1.0,-0.0
0,12.6676,93.5867,2010-05-14,3.7,4.9,6.2,10.0,3.7,0.0,0.0,0.5,-0.866
0,6.8729,95.6373,2009-08-10,0.9,5.4,21.7,23.9,7.2,0.0,0.0,-0.866,-0.5
0,35.4499,76.8403,2010-11-23,0.0,8.1,8.1,8.1,5.1,5689.0,32.72,-0.5,0.866
0,18.1727,76.1426,2013-09-04,0.0,0.2,0.7,15.3,0.5,659.0,1.22,-1.0,-0.0
0,20.293,81.6857,2023-08-13,0.2,1.0,4.0,84.9,1.3,405.0,2.46,-0.866,-0.5
0,17.3604,96.0551,2008-10-25,12.4,22.7,41.3,66.0,12.4,75.0,2.82,-0.866,0.5
0,19.1597,88.4301,2016-09-20,0.5,3.1,66.8,91.6,29.0,0.0,0.0,-1.0,-0.0
0,11.9018,96.753,2009-09-14,9.5,17.8,69.8,228.8,25.4,0.0,0.0,-1.0,-0.0
0,20.7014,93.3213,2021-04-18,0.0,1.0,1.2,3.4,1.0,100.0,22.41,0.866,-0.5
0,7.0932,70.553,2013-09-20,0.8,4.0,32.6,46.8,12.3,0.0,0.0,-1.0,-0.0
0,11.6731,88.5713,2016-02-06,0.0,0.0,0.0,0.3,0.0,0.0,0.0,0.866,0.5
0,23.3109,81.1362,2009-05-09,0.0,0.0,1.0,1.0,1.0,801.0,1.67,0.5,-0.866
0,29.5575,72.9624,2017-06-14,1.2,4.2,10.7,18.5,5.1,151.0,0.29,0.0,-1.0
0,30.3839,82.779,2021-06-09,0.0,0.9,6.0,30.9,4.0,4709.0,0.41,0.0,-1.0
0,23.6082,97.4243,2016-04-28,0.2,0.5,65.8,73.1,42.7,1508.0,11.53,0.866,-0.5
0,29.6813,78.9068,2011-05-27,4.0,11.6,25.5,39.4,8.5,1006.0,25.29,0.5,-0.866
0,19.0406,84.7507,2012-06-15,1.8,2.1,7.1,10.0,3.9,0.0,0.0,0.0,-1.0
0,12.4358,80.7993,2007-08-03,1.6,42.7,170.4,227.5,45.3,0.0,0.0,-0.866,-0.5
0,35.8776,68.0948,2017-06-17,0.0,0.0,1.0,1.5,1.0,1964.0,6.84,0.0,-1.0
0,25.2746,77.2321,2012-09-09,4.3,9.2,24.0,97.8,5.3,308.0,0.41,-1.0,-0.0
0,9.2411,89.4203,2007-05-25,0.2,1.5,5.7,96.3,3.0,0.0,0.0,0.5,-0.866
0,31.5569,68.9588,2009-09-16,4.2,4.2,4.2,5.8,4.2,2087.0,4.99,-1.0,-0.0
0,14.3555,80.6066,2020-06-28,1.4,4.8,10.3,12.5,4.0,0.0,0.0,0.0,-1.0
0,28.6112,76.6612,2015-07-17,9.9,13.0,64.3,192.5,46.4,214.0,1.43,-0.5,-0.866
0,14.7742,81.4826,2009-06-13,0.0,0.2,0.7,1.2,0.3,0.0,0.0,0.0,-1.0
0,22.767,81.3155,2018-08-28,11.8,37.4,58.6,157.6,15.7,757.0,0.91,-0.866,-0.5
0,32.8541,75.564,2011-07-15,18.4,31.2,56.4,100.5,18.4,2786.0,31.87,-0.5,-0.866
0,26.8831,79.4371,2009-05-18,0.0,0.0,0.0,10.1,0.0,145.0,0.0,0.5,-0.866
0,17.5323,76.7596,2018-08-17,3.1,52.4,89.5,104.9,38.6,539.0,2.59,-0.866,-0.5
0,30.9943,90.0231,2011-08-02,6.0,11.5,30.8,68.9,6.0,4771.0,2.02,-0.866,-0.5
0,20.0843,95.2728,2010-05-27,7.2,28.9,72.5,78.8,30.9,115.0,1.28,0.5,-0.866
0,6.8328,83.2522,2021-06-23,2.7,4.4,4.4,5.3,2.7,0.0,0.0,0.0,-1.0
0,25.9944,92.71,2014-06-10,5.9,23.1,37.8,76.8,12.9,64.0,0.29,0.0,-1.0
0,17.4002,90.2105,2008-07-11,18.1,40.5,105.1,265.9,22.7,0.0,0.0,-0.5,-0.866
0,13.3368,75.3154,2023-06-14,2.0,5.8,19.9,62.4,9.3,724.0,2.08,0.0,-1.0
0,13.8694,68.798,2013-07-15,0.1,1.1,1.6,2.2,1.0,0.0,0.0,-0.5,-0.866
0,27.5253,94.1861,2012-04-05,5.0,12.0,15.1,48.9,5.4,594.0,32.01,0.866,-0.5
0,28.5469,80.4086,2015-10-16,0.0,3.9,14.2,14.2,7.6,165.0,0.0,-0.866,0.5
0,29.783,86.1221,2023-09-15,1.8,1.8,13.8,23.2,7.3,5474.0,11.51,-1.0,-0.0
0,25.9113,80.7118,2017-05-25,0.1,0.5,0.5,7.2,0.4,113.0,0.29,0.5,-0.866
0,26.7876,91.846,2013-02-16,2.4,2.4,2.4,2.4,2.4,157.0,0.57,0.866,0.5
0,23.6792,74.0283,2023-08-06,2.0,13.1,27.3,76.0,6.3,168.0,0.86,-0.866,-0.5
0,21.6115,82.2065,2017-06-24,17.6,28.6,43.3,61.4,17.6,259.0,0.29,0.0,-1.0
0,30.4646,86.8116,2016-09-28,0.0,0.8,4.4,12.6,2.2,4771.0,5.15,-1.0,-0.0
0,23.6301,72.1005,2008-04-15,0.0,0.0,0.0,1.3,0.0,56.0,0.0,0.866,-0.5
0,14.3709,93.2652,2009-07-23,44.3,76.7,179.2,305.1,44.3,0.0,0.0,-0.5,-0.866
0,22.852,79.8434,2020-08-01,6.4,10.0,34.2,72.1,16.7,428.0,2.31,-0.866,-0.5
0,8.3358,70.057,2007-09-19,8.0,20.0,28.7,123.6,11.7,0.0,0.0,-1.0,-0.0
0,20.737,95.8334,2023-08-06,2.3,10.5,43.3,64.7,13.3,231.0,1.92,-0.866,-0.5
0,31.6792,70.3627,2012-12-27,11.3,11.3,11.3,45.9,11.3,234.0,1.28,-0.0,1.0
0,21.2161,84.5746,2013-07-11,12.7,23.2,32.0,175.1,12.7,239.0,0.64,-0.5,-0.866
0,29.6785,74.8847,2007-03-24,0.0,0.0,2.0,32.7,1.9,197.0,0.0,1.0,0.0
0,15.7388,75.7412,2012-07-10,2.4,4.9,6.7,27.7,2.4,581.0,0.41,-0.5,-0.866
0,7.4062,89.1799,2014-08-22,16.4,23.8,69.8,100.1,17.6,0.0,0.0,-0.866,-0.5
0,35.6743,70.5694,2016-09-11,2.9,2.9,2.9,27.8,2.9,5129.0,50.34,-1.0,-0.0
0,27.2699,71.3322,2020-06-19,0.0,0.0,2.9,3.7,2.9,166.0,4.06,0.0,-1.0
0,19.9892,97.3196,2017-08-03,1.4,38.5,61.4,213.3,29.1,759.0,1.83,-0.866,-0.5
0,31.0858,80.9561,2023-01-09,0.0,0.0,0.0,0.2,0.0,4651.0,5.17,0.5,0.866
0,11.3722,97.4805,2015-05-17,8.8,21.3,55.1,76.8,11.1,0.0,0.0,0.5,-0.866
0,26.2607,75.2381,2009-02-05,0.0,0.0,0.0,0.0,0.0,331.0,0.41,0.866,0.5
0,20.4773,83.8939,2007-07-17,1.5,38.1,86.0,166.4,23.0,593.0,12.0,-0.5,-0.866
0,18.0909,79.1187,2014-08-22,0.2,15.5,16.2,23.4,9.8,391.0,1.15,-0.866,-0.5
0,26.834,78.1403,2008-08-19,0.2,2.1,60.8,142.0,26.6,160.0,2.18,-0.866,-0.5
0,9.5887,87.1895,2011-05-25,0.8,1.5,3.4,4.0,1.0,0.0,0.0,0.5,-0.866
0,33.5376,87.2944,2013-03-01,0.0,0.0,0.0,0.1,0.0,5116.0,9.77,1.0,0.0
0,34.6845,90.854,2011-04-02,0.1,0.9,1.3,5.7,0.4,5016.0,3.58,0.866,-0.5
0,18.868,76.8011,2013-07-02,11.0,16.7,20.4,91.0,11.0,475.0,6.78,-0.5,-0.866
0,7.4326,86.5586,2009-01-21,0.0,0.0,0.7,65.4,0.7,0.0,0.0,0.5,0.866
0,20.1278,79.8623,2020-07-20,15.4,34.9,79.2,137.4,30.7,215.0,0.41,-0.5,-0.866
0,23.008,87.2128,2016-09-27,6.1,18.5,53.7,89.9,10.5,91.0,0.81,-1.0,-0.0
0,31.7734,77.6243,2007-11-22,0.0,0.0,0.3,3.7,0.3,3287.0,14.04,-0.5,0.866
0,20.2293,83.232,2012-08-11,2.6,26.9,98.5,393.4,53.2,172.0,0.91,-0.866,-0.5
0,25.7476,81.7743,2020-06-03,0.6,0.6,20.8,20.8,11.4,99.0,2.58,0.0,-1.0
0,22.6951,80.478,2019-08-04,4.4,54.0,148.5,244.3,31.4,538.0,3.45,-0.866,-0.5
0,32.2574,73.059,2011-07-13,1.4,1.4,8.0,23.0,4.9,199.0,0.64,-0.5,-0.866
0,6.9667,68.9763,2014-04-01,0.0,0.0,0.0,11.6,0.0,0.0,0.0,0.866,-0.5
0,25.247,81.4605,2012-08-26,2.0,17.2,48.6,78.1,15.9,96.0,0.57,-0.866,-0.5
0,36.328,80.4277,2015-08-09,1.0,2.3,5.1,9.1,2.0,2722.0,4.85,-0.866,-0.5
0,14.5797,77.6189,2012-08-21,0.2,0.2,0.2,7.6,0.2,373.0,0.91,-0.866,-0.5
0,25.7578,77.8532,2022-07-27,18.3,59.0,106.9,180.8,27.5,362.0,0.81,-0.5,-0.866
0,33.4997,70.3961,2016-01-24,0.0,0.0,0.8,9.8,0.8,974.0,12.59,0.5,0.866
0,30.8152,95.4482,2018-04-06,0.0,2.2,3.6,18.4,2.2,4087.0,34.98,0.866,-0.5
0,12.9485,85.6018,2014-08-05,6.0,14.5,34.9,98.4,7.2,0.0,0.0,-0.866,-0.5
0,20.2559,75.335,2021-05-09,0.0,0.0,0.0,0.6,0.0,800.0,11.26,0.5,-0.866
0,18.6521,92.0827,2019-08-08,3.9,66.6,432.3,682.6,206.0,0.0,0.0,-0.866,-0.5
0,25.9708,81.2413,2016-04-25,0.0,0.0,0.0,0.0,0.0,106.0,0.57,0.866,-0.5
0,13.7685,77.3882,2016-09-23,2.1,12.2,16.8,24.7,9.6,657.0,1.03,-1.0,-0.0
0,7.7609,78.4684,2015-08-14,0.0,0.0,0.0,0.2,0.0,0.0,0.0,-0.866,-0.5
0,21.537,70.3352,2018-07-15,18.4,34.0,60.4,101.6,18.4,43.0,0.41,-0.5,-0.866
0,29.8665,76.2122,2019-01-08,0.0,2.8,6.3,7.8,2.8,234.0,0.0,0.5,0.866
0,31.3121,76.0233,2011-10-17,0.0,0.0,0.0,1.9,0.0,272.0,0.91,-0.866,0.5
0,10.0657,93.7912,2014-08-16,1.8,15.6,20.2,90.0,7.1,0.0,0.0,-0.866,-0.5
0,22.0331,76.1551,2011-08-14,8.5,41.1,71.5,125.3,27.9,231.0,1.43,-0.866,-0.5
0,36.4719,96.3415,2019-05-02,0.0,0.0,0.4,1.3,0.3,2756.0,0.64,0.5,-0.866
0,18.597,81.676,2020-09-17,2.9,11.0,44.9,91.6,14.3,278.0,1.92,-1.0,-0.0
0,15.0111,70.1739,2022-06-10,13.9,147.8,177.8,194.2,71.7,0.0,0.0,0.0,-1.0
0,35.5337,93.2319,2011-08-06,0.0,0.4,8.0,27.1,4.5,4473.0,0.0,-0.866,-0.5
0,28.9548,96.0638,2019-05-17,7.6,18.4,181.9,312.5,65.7,3069.0,12.68,0.5,-0.866
0,12.0356,96.3568,2007-07-05,18.9,45.5,93.0,247.5,18.9,0.0,0.0,-0.5,-0.866
0,18.0149,79.7456,2020-11-19,0.0,0.0,0.3,2.0,0.2,245.0,0.91,-0.5,0.866
0,11.8076,94.3299,2011-06-19,18.5,38.1,69.9,189.1,18.5,0.0,0.0,0.0,-1.0
0,24.1396,89.7485,2014-09-24,5.0,31.1,93.7,103.6,25.5,11.0,1.03,-1.0,-0.0
0,12.9601,90.1691,2019-09-28,0.0,0.6,35.4,219.4,21.0,0.0,0.0,-1.0,-0.0
0,23.1793,81.6877,2012-07-20,5.4,25.9,75.9,278.9,25.8,480.0,1.81,-0.5,-0.866
0,17.6651,91.0392,2014-01-04,0.0,0.0,0.0,0.0,0.0,0.0,0.0,0.5,0.866
0,14.1442,73.0937,2015-07-28,3.1,16.6,50.8,95.0,12.7,0.0,0.0,-0.5,-0.866
0,33.3564,91.9864,2023-03-07,0.0,0.3,0.8,1.8,0.3,4816.0,0.86,1.0,0.0
0,28.8811,96.7934,2011-08-05,15.9,38.8,83.5,124.5,15.9,3495.0,19.94,-0.866,-0.5
0,18.5735,68.8653,2016-10-10,0.0,50.5,68.1,68.4,46.2,0.0,0.0,-0.866,0.5
0,7.9901,96.8772,2011-08-13,10.4,13.6,22.5,25.7,10.4,0.0,0.0,-0.866,-0.5
0,31.7023,89.3691,2016-11-26,0.0,0.0,0.0,0.0,0.0,4580.0,0.81,-0.5,0.866
0,28.7357,87.5094,2016-09-28,2.9,6.7,24.3,61.3,6.0,5395.0,4.47,-1.0,-0.0
0,28.4327,84.6387,2007-05-04,0.5,2.4,3.2,55.1,1.5,7585.0,38.17,0.5,-0.866
0,12.6238,91.9401,2022-07-05,23.4,50.8,65.6,175.2,23.4,0.0,0.0,-0.5,-0.866
0,10.4719,85.4474,2017-07-21,2.6,4.5,19.6,57.6,9.7,0.0,0.0,-0.5,-0.866
0,31.4847,79.3205,2011-04-26,0.0,0.0,0.0,17.0,0.0,4607.0,12.14,0.866,-0.5
0,15.4055,68.335,2011-08-23,0.0,7.5,16.9,18.2,6.4,0.0,0.0,-0.866,-0.5
0,8.1683,73.3882,2007-06-08,11.8,39.9,48.3,160.2,21.7,0.0,0.0,0.0,-1.0
0,23.6068,82.2921,2010-07-20,17.7,27.4,64.7,189.4,25.8,728.0,2.7,-0.5,-0.866
0,33.6723,79.82,2008-10-19,0.0,1.3,2.2,3.5,1.3,4743.0,33.43,-0.866,0.5
0,25.971,93.2905,2007-07-05,11.9,43.2,53.5,140.3,17.2,178.0,3.34,-0.5,-0.866
0,9.0553,87.437,2021-05-01,0.1,0.4,1.8,17.6,0.9,0.0,0.0,0.5,-0.866
0,24.9706,80.0667,2017-11-14,0.0,0.0,0.0,0.0,0.0,165.0,1.46,-0.5,0.866
0,35.8451,72.5116,2016-09-24,0.1,0.1,1.4,18.1,1.3,4202.0,28.32,-1.0,-0.0
0,31.9872,68.1985,2022-05-10,0.0,0.0,0.4,8.9,0.4,2290.0,1.67,0.5,-0.866
0,14.2288,88.9692,2013-06-03,10.7,92.8,148.9,171.2,49.1,0.0,0.0,0.0,-1.0
0,20.9649,86.2508,2007-09-04,4.3,15.9,35.7,93.9,6.7,21.0,0.81,-1.0,-0.0
0,8.0549,82.4607,2009-05-06,0.0,0.0,1.3,3.8,1.3,0.0,0.0,0.5,-0.866
0,21.3899,96.6351,2009-02-14,0.0,0.0,0.0,0.0,0.0,931.0,11.5,0.866,0.5
0,29.2271,90.473,2011-05-02,13.1,17.2,17.3,22.7,13.1,4312.0,15.38,0.5,-0.866
0,27.3503,92.5831,2009-09-19,48.3,129.6,286.6,412.4,51.7,997.0,24.08,-1.0,-0.0
0,24.2236,83.2113,2008-05-15,0.0,0.0,0.0,0.0,0.0,240.0,2.31,0.5,-0.866
0,12.1963,89.587,2016-09-28,9.4,12.4,27.6,126.0,9.4,0.0,0.0,-1.0,-0.0
0,14.7519,81.2323,2015-07-01,0.0,0.0,0.0,183.0,0.0,0.0,0.0,-0.5,-0.866
0,21.3015,68.7573,2020-09-18,0.3,0.6,147.1,147.2,137.7,0.0,0.0,-1.0,-0.0
0,32.48,90.8468,2007-06-03,0.0,2.0,3.6,5.6,1.4,4845.7,0.28,0.0,-1.0
0,27.2548,81.8779,2009-06-25,0.0,0.0,0.0,0.0,0.0,126.7,0.02,0.0,-1.0
0,30.0928,86.5813,2018-12-23,0.0,0.0,2.2,2.9,1.6,5266.2,0.36,-0.0,1.0
0,9.1949,88.5048,2018-11-06,17.8,33.8,40.9,100.3,17.8,0.0,0.0,-0.5,0.866
0,8.8537,78.3744,2008-05-09,0.8,1.2,5.0,6.6,3.0,36.1,0.04,0.5,-0.866
0,24.6506,70.1645,2007-09-17,0.0,0.0,0.0,5.0,0.0,41.2,0.06,-1.0,-0.0
0,16.8294,84.066,2010-03-24,0.0,0.0,0.0,0.0,0.0,0.0,0.0,1.0,0.0
0,16.1288,92.6375,2019-05-23,1.5,2.7,3.9,5.3,1.5,0.0,0.0,0.5,-0.866
0,26.5723,75.3419,2008-08-13,11.4,32.3,40.5,162.4,12.3,327.7,0.05,-0.866,-0.5
0,25.8984,92.2271,2007-01-10,0.0,0.0,0.0,0.1,0.0,363.4,0.93,0.5,0.866
0,24.135,94.3217,2016-09-23,2.3,10.1,64.6,123.1,24.4,458.7,0.96,-1.0,-0.0
0,16.068,77.1969,2014-07-01,0.0,0.3,0.8,10.5,0.3,370.5,0.1,-0.5,-0.866
0,24.6262,91.2596,2009-07-06,9.6,37.9,216.6,304.9,82.0,9.3,0.07,-0.5,-0.866
0,30.6282,68.7119,2019-05-13,0.1,2.9,2.9,3.1,2.3,1500.4,0.46,0.5,-0.866
0,29.5684,90.6318,2014-09-02,0.4,14.8,39.9,125.9,8.8,4565.4,1.52,-1.0,-0.0
0,21.9122,95.0025,2015-07-13,1.6,7.4,61.7,74.2,24.0,168.6,0.11,-0.5,-0.866
0,25.3503,88.4545,2007-01-15,0.0,0.0,0.0,0.0,0.0,33.1,0.01,0.5,0.866
0,11.0466,77.49,2009-08-11,0.9,1.8,2.6,17.0,0.9,284.1,0.1,-0.866,-0.5
0,35.6248,79.273,2013-08-23,1.0,3.7,16.1,31.5,4.3,5196.1,0.35,-0.866,-0.5
0,32.5085,89.3101,2011-06-14,2.1,4.0,16.4,28.2,4.0,4784.0,0.86,0.0,-1.0
0,12.5026,95.5099,2016-08-15,8.5,21.5,39.3,159.5,11.3,0.0,0.0,-0.866,-0.5
0,14.4094,68.6096,2020-10-02,0.0,3.2,5.0,129.4,2.8,0.0,0.0,-0.866,0.5
0,21.1215,82.9149,2022-11-18,0.0,0.0,0.0,0.0,0.0,217.0,0.64,-0.5,0.866
0,36.272,69.2555,2010-05-22,3.7,14.0,48.2,62.3,15.0,1378.0,5.15,0.5,-0.866
0,24.4846,86.1464,2016-07-24,1.1,27.9,62.8,110.4,24.3,369.0,1.28,-0.5,-0.866
0,32.4696,70.3264,2011-05-28,1.4,2.9,4.6,4.6,1.5,533.0,2.7,0.5,-0.866
0,9.3875,83.8449,2008-07-18,1.4,2.5,6.2,26.0,3.0,0.0,0.0,-0.5,-0.866
0,16.7873,91.6101,2010-05-22,15.8,36.2,66.2,66.2,15.8,0.0,0.0,0.5,-0.866
0,9.8432,87.3578,2012-01-15,0.0,3.1,4.8,35.5,2.6,0.0,0.0,0.5,0.866
0,10.9022,77.2494,2007-08-16,0.0,0.0,10.6,41.9,10.6,408.0,1.15,-0.866,-0.5
0,20.7815,96.0832,2016-06-09,13.4,40.4,46.8,73.3,18.4,159.0,0.29,0.0,-1.0
0,20.9074,88.5976,2011-09-28,0.0,4.0,19.1,190.2,7.7,0.0,0.0,-1.0,-0.0
0,34.056,94.4143,2009-03-25,1.8,1.8,6.5,10.6,2.7,4713.0,3.34,1.0,0.0
0,15.1783,90.004,2017-09-19,3.8,71.2,115.2,141.2,58.2,0.0,0.0,-1.0,-0.0
0,19.1367,91.3838,2011-09-14,23.2,59.9,94.7,411.5,23.2,0.0,0.0,-1.0,-0.0
0,32.6834,73.3042,2019-06-25,0.0,0.7,0.7,1.7,0.7,210.0,0.29,0.0,-1.0
0,34.1855,78.7174,2019-12-05,0.0,0.0,2.4,21.7,2.4,5428.0,30.6,-0.0,1.0
0,8.7102,83.7713,2022-01-12,6.3,36.3,45.0,91.6,25.9,0.0,0.0,0.5,0.866
0,30.8886,94.7629,2023-01-13,0.0,0.2,0.3,3.5,0.2,4566.0,23.1,0.5,0.866
0,18.5385,77.754,2014-09-13,0.0,0.1,63.0,238.6,59.7,352.0,0.64,-1.0,-0.0
0,7.7459,79.6764,2018-07-01,0.0,0.3,1.2,14.8,0.6,0.0,0.0,-0.5,-0.866
0,7.8205,89.5626,2020-10-03,1.1,1.6,26.0,112.4,8.9,0.0,0.0,-0.866,0.5
0,14.4795,68.2364,2007-07-04,0.0,0.2,3.2,150.0,1.9,0.0,0.0,-0.5,-0.866
0,32.2874,85.3059,2008-08-06,2.8,5.3,5.3,44.5,2.8,4796.0,10.7,-0.866,-0.5
0,30.6648,74.9991,2011-01-12,0.0,0.0,0.0,0.0,0.0,216.0,0.41,0.5,0.866
0,7.1992,75.7376,2021-04-07,0.7,2.0,2.8,24.1,1.3,0.0,0.0,0.866,-0.5
0,29.2093,84.7685,2014-08-12,7.1,10.5,27.8,68.7,7.1,4509.0,0.29,-0.866,-0.5
0,32.224,84.9471,2008-09-13,2.1,2.2,2.5,26.7,2.1,4498.0,1.74,-1.0,-0.0
0,7.9862,89.1399,2021-07-05,9.0,19.3,35.6,62.7,13.9,0.0,0.0,-0.5,-0.866
0,16.9645,92.0345,2017-07-10,7.4,22.7,90.7,197.5,31.7,0.0,0.0,-0.5,-0.866
0,14.2337,76.064,2008-08-05,7.1,13.2,23.4,129.8,7.1,625.0,1.83,-0.866,-0.5
0,16.0707,90.0414,2016-11-10,0.1,0.1,9.1,83.9,4.5,0.0,0.0,-0.5,0.866
0,34.2719,74.6413,2007-03-18,3.7,5.8,46.8,84.5,31.6,1580.0,0.0,1.0,0.0
0,25.4187,71.5629,2018-07-13,0.2,0.2,0.2,5.7,0.2,118.0,1.92,-0.5,-0.866
0,25.3775,83.6171,2016-06-27,0.6,11.9,50.2,74.6,19.1,68.0,0.0,0.0,-1.0
0,29.3627,79.745,2012-07-28,14.2,59.0,201.1,382.7,106.0,1373.0,19.57,-0.5,-0.866
0,24.4135,88.2319,2022-04-16,1.3,2.0,3.0,15.6,1.3,24.0,0.91,0.866,-0.5
0,8.07,88.6326,2020-06-08,7.4,32.9,40.0,175.0,14.6,0.0,0.0,0.0,-1.0
0,9.5765,80.39,2020-04-18,0.4,0.6,1.9,4.8,0.7,4.0,1.18,0.866,-0.5
0,7.4145,68.3093,2011-07-21,11.9,20.4,61.8,87.5,13.6,0.0,0.0,-0.5,-0.866
0,29.2331,94.603,2013-07-05,35.3,78.8,142.4,314.6,35.3,4420.0,5.78,-0.5,-0.866
0,17.0996,97.332,2007-06-12,10.7,26.0,85.8,239.8,22.1,37.0,3.46,0.0,-1.0
0,8.6302,96.1693,2021-08-03,8.6,17.5,41.3,47.1,10.6,0.0,0.0,-0.866,-0.5
0,13.412,89.4122,2022-11-14,0.0,0.0,64.3,68.8,56.8,0.0,0.0,-0.5,0.866
0,8.1191,83.5335,2011-08-12,0.2,5.0,11.1,19.0,3.0,0.0,0.0,-0.866,-0.5
0,11.8773,76.9156,2017-05-19,0.1,11.4,15.4,34.5,9.0,749.0,1.54,0.5,-0.866
0,15.7277,84.7314,2015-02-13,0.0,0.0,0.0,0.0,0.0,0.0,0.0,0.866,0.5
0,28.4577,78.7783,2017-03-26,0.0,0.0,0.3,1.5,0.3,196.0,0.29,1.0,0.0
0,27.3319,97.1317,2017-07-02,43.1,131.0,267.9,450.6,45.0,1658.0,39.7,-0.5,-0.866
0,28.1805,71.6317,2023-11-03,0.0,0.0,0.0,1.6,0.0,112.0,0.29,-0.5,0.866
0,25.6168,83.6798,2016-07-24,2.3,32.7,48.7,142.9,27.3,63.0,1.46,-0.5,-0.866
0,31.9284,79.9362,2019-05-11,1.3,1.5,1.5,9.4,1.3,6068.0,7.3,0.5,-0.866
0,33.0552,84.335,2022-05-11,0.6,2.8,11.1,12.2,4.1,4757.0,0.41,0.5,-0.866
0,14.4153,87.7813,2007-07-18,1.7,6.1,48.9,95.7,15.1,0.0,0.0,-0.5,-0.866
0,17.7277,81.8269,2022-09-08,26.6,73.2,83.9,106.2,36.1,601.0,6.5,-1.0,-0.0
0,31.9269,91.638,2014-03-09,0.0,0.0,0.6,1.7,0.6,4598.0,0.29,1.0,0.0
0,32.1662,91.7685,2012-04-06,7.8,15.5,17.5,19.2,7.8,4872.0,5.72,0.866,-0.5
0,7.266,78.6165,2013-07-07,0.0,0.0,8.0,33.1,3.8,0.0,0.0,-0.5,-0.866
0,32.0093,72.2379,2022-08-23,0.6,1.3,73.8,87.5,66.5,175.0,0.64,-0.866,-0.5
0,12.881,88.1371,2019-05-28,0.6,1.1,9.6,10.7,5.7,0.0,0.0,0.5,-0.866
0,15.1729,69.1776,2017-10-05,0.0,0.3,0.8,2.0,0.3,0.0,0.0,-0.866,0.5
0,13.7022,72.834,2021-06-26,0.7,2.5,13.5,146.8,5.7,0.0,0.0,0.0,-1.0
0,17.7819,93.3543,2012-08-09,20.0,106.5,213.2,414.7,53.2,0.0,0.0,-0.866,-0.5
0,19.6789,95.0942,2012-08-23,1.8,26.7,72.0,257.0,17.9,126.0,5.69,-0.866,-0.5
0,13.215,83.7801,2008-06-05,4.5,5.4,10.5,15.4,4.5,0.0,0.0,0.0,-1.0
0,10.5998,88.2373,2015-01-04,0.1,5.6,13.8,13.8,8.2,0.0,0.0,0.5,0.866
0,27.1622,68.0039,2014-07-07,0.0,0.0,0.9,1.2,0.6,45.0,0.29,-0.5,-0.866
0,29.3344,73.168,2013-06-05,0.0,0.0,0.0,0.1,0.0,155.0,0.41,0.0,-1.0
0,35.3458,82.592,2023-03-19,0.1,0.1,2.5,5.0,1.1,5052.0,0.29,1.0,0.0
0,10.9805,85.9392,2017-09-16,25.9,50.3,66.1,95.5,25.9,0.0,0.0,-1.0,-0.0
0,31.0963,93.4295,2017-06-09,4.2,15.0,16.6,50.0,7.4,4970.0,12.25,0.0,-1.0
0,10.3051,79.4756,2017-10-15,1.8,30.6,64.0,111.1,16.5,0.0,0.0,-0.866,0.5
0,19.5925,88.3469,2014-08-07,16.6,22.2,203.5,284.5,95.3,0.0,0.0,-0.866,-0.5
0,10.2295,68.1115,2016-09-26,0.0,0.0,1.3,13.9,0.5,0.0,0.0,-1.0,-0.0
0,11.1418,90.817,2011-07-21,24.8,42.7,76.1,168.3,24.8,0.0,0.0,-0.5,-0.866
0,33.9083,82.5365,2013-07-07,0.5,0.9,1.8,7.1,0.9,5094.0,1.67,-0.5,-0.866
0,34.677,80.2179,2008-08-23,1.2,2.0,5.5,37.9,1.8,5696.0,20.37,-0.866,-0.5
0,35.1482,79.8534,2007-06-16,1.9,4.8,4.8,7.3,2.7,4854.0,0.0,0.0,-1.0
0,34.2654,81.067,2008-05-12,0.4,5.9,12.8,14.5,5.6,5293.0,7.48,0.5,-0.866
0,13.6412,91.5283,2012-06-11,34.0,124.1,164.7,275.8,51.8,0.0,0.0,0.0,-1.0
0,25.2171,91.4864,2009-04-10,1.0,2.3,52.2,138.3,43.0,310.0,22.82,0.866,-0.5
0,28.3378,69.109,2016-07-23,0.0,0.0,0.0,0.0,0.0,66.0,0.0,-0.5,-0.866
0,28.3377,71.9022,2020-07-01,0.0,0.0,0.6,0.6,0.6,117.0,2.31,-0.5,-0.866
0,20.6973,90.379,2021-07-14,4.4,12.5,33.3,132.5,12.3,0.0,0.0,-0.5,-0.866
0,19.1074,78.9519,2020-10-27,0.0,0.1,0.1,43.5,0.1,186.0,0.81,-0.866,0.5
0,31.4122,68.4069,2019-02-23,0.0,0.0,23.5,36.6,16.9,1979.0,1.18,0.866,0.5
0,12.2273,82.9965,2019-12-21,0.0,0.2,3.6,14.4,1.5,0.0,0.0,-0.0,1.0
0,32.9911,91.4662,2009-11-24,0.0,0.0,0.0,1.1,0.0,5075.0,8.4,-0.5,0.866
0,14.9817,81.2106,2013-06-16,0.0,21.9,26.9,88.6,12.9,0.0,0.0,0.0,-1.0
0,9.6346,95.2967,2022-12-23,0.1,7.0,22.3,34.0,10.4,0.0,0.0,-0.0,1.0
0,28.9568,92.74,2009-08-27,0.7,5.3,38.7,82.5,13.2,4916.0,27.81,-0.866,-0.5
0,14.2306,94.9599,2017-07-02,6.3,25.1,89.4,179.7,29.0,0.0,0.0,-0.5,-0.866
0,30.916,68.4191,2013-06-23,0.0,0.0,2.6,43.3,2.6,1737.0,6.28,0.0,-1.0
0,10.7877,80.2999,2013-10-10,0.6,29.5,30.9,35.6,22.2,0.0,0.0,-0.866,0.5
0,10.3268,89.9864,2019-12-09,1.3,1.9,4.5,33.9,1.3,0.0,0.0,-0.0,1.0
0,9.5429,70.9749,2009-08-19,1.2,34.3,48.6,52.3,26.0,0.0,0.0,-0.866,-0.5
0,16.3863,76.5053,2015-10-08,0.0,0.4,38.8,53.7,22.3,442.0,1.03,-0.866,0.5
0,6.9885,88.6442,2020-05-15,47.3,78.4,90.1,135.4,47.3,0.0,0.0,0.5,-0.866
0,28.7394,97.1375,2013-10-05,7.5,23.4,40.1,62.6,8.3,4456.0,31.64,-0.866,0.5
0,30.9986,96.679,2022-08-10,0.7,1.5,14.4,38.4,7.4,4572.0,27.73,-0.866,-0.5
0,15.5051,92.388,2017-10-06,7.5,42.5,114.6,187.7,26.0,0.0,0.0,-0.866,0.5
0,18.4308,81.6023,2009-07-16,13.4,80.9,169.7,287.8,37.0,247.0,3.35,-0.5,-0.866
0,31.9173,90.8434,2013-07-05,2.9,10.2,39.9,71.0,12.5,4734.0,2.7,-0.5,-0.866
0,20.0075,86.9673,2017-08-02,5.1,24.4,49.1,187.3,18.8,0.0,0.0,-0.866,-0.5
0,26.2179,96.6897,2023-06-13,50.8,192.0,327.5,337.7,83.9,218.0,2.59,0.0,-1.0
0,7.9843,88.5771,2015-12-07,16.5,59.0,93.6,199.1,22.6,0.0,0.0,-0.0,1.0
0,23.766,78.9173,2015-06-24,4.0,26.5,34.4,104.9,20.3,480.0,1.43,0.0,-1.0
0,18.2425,90.2146,2021-06-14,22.2,137.4,250.7,251.7,83.4,0.0,0.0,0.0,-1.0
0,25.206,84.7374,2014-09-07,0.6,21.8,42.4,62.1,14.5,70.0,0.0,-1.0,-0.0
0,35.632,93.2613,2011-09-15,2.3,6.4,9.2,28.9,4.1,4500.0,0.57,-1.0,-0.0
0,12.5399,91.7176,2008-02-18,0.0,0.0,0.0,1.1,0.0,0.0,0.0,0.866,0.5
0,23.7179,72.1509,2011-03-13,0.0,0.0,0.0,0.0,0.0,71.0,0.0,1.0,0.0
0,17.1899,77.4003,2020-07-17,13.5,41.5,77.4,144.0,27.3,425.0,0.41,-0.5,-0.866
0,35.0325,77.751,2019-08-17,9.3,11.1,11.7,15.4,9.3,5620.0,10.51,-0.866,-0.5
0,16.1742,90.1724,2018-06-16,0.2,10.8,106.1,251.7,30.3,0.0,0.0,0.0,-1.0
0,9.4963,96.4988,2015-05-14,8.7,38.8,65.2,100.1,21.7,0.0,0.0,0.5,-0.866
0,6.6716,69.5429,2023-07-11,1.8,1.8,56.6,110.0,32.6,0.0,0.0,-0.5,-0.866
0,22.4286,71.9174,2009-08-12,0.0,0.3,0.6,1.2,0.2,27.0,0.0,-0.866,-0.5
0,18.9417,78.4106,2012-06-05,0.0,0.0,0.0,0.0,0.0,317.0,1.18,0.0,-1.0
0,33.2532,93.4165,2023-05-25,3.6,6.2,12.6,20.4,3.6,4760.3,0.13,0.5,-0.866
0,24.1619,81.9331,2013-06-05,0.0,0.0,0.3,0.5,0.2,442.5,0.13,0.0,-1.0
0,12.5477,79.9928,2007-07-14,0.4,1.7,5.3,13.2,2.2,30.8,0.08,-0.5,-0.866
0,21.8768,74.8847,2008-06-16,0.0,2.2,33.8,52.2,13.5,336.9,0.09,0.0,-1.0
0,28.4057,81.3527,2013-11-14,0.0,0.0,0.7,1.7,0.7,402.9,1.61,-0.5,0.866
0,7.8675,86.3552,2011-09-09,4.4,23.5,33.4,53.4,12.6,0.0,0.0,-1.0,-0.0
0,33.9892,83.1245,2008-07-06,1.5,3.7,11.4,26.0,5.6,5136.3,0.15,-0.5,-0.866
0,30.4194,77.8171,2014-02-20,0.0,0.0,66.6,86.2,46.3,1403.9,1.81,0.866,0.5
0,7.4119,85.957,2009-10-24,1.5,5.8,10.1,15.5,3.0,0.0,0.0,-0.866,0.5
0,12.8777,87.7052,2020-01-25,0.0,0.0,0.0,0.3,0.0,0.0,0.0,0.5,0.866
0,25.6391,92.2983,2022-07-16,7.9,8.5,25.5,55.2,7.9,843.3,1.02,-0.5,-0.866
0,10.5479,76.0457,2015-12-18,0.0,0.9,31.8,47.0,12.5,88.9,0.05,-0.0,1.0
0,9.7855,78.6961,2007-08-17,2.7,4.0,8.2,17.2,2.9,76.0,0.07,-0.866,-0.5
0,15.4647,94.974,2019-07-12,3.7,17.5,46.7,255.3,11.0,0.6,0.0,-0.5,-0.866
0,29.0538,82.5182,2017-12-01,0.0,1.1,3.7,5.9,2.2,3182.0,2.64,-0.0,1.0
0,21.448,86.8552,2007-05-09,3.1,13.0,13.3,24.3,6.1,42.5,0.06,0.5,-0.866
0,33.1481,85.2421,2008-08-18,2.1,10.2,28.7,45.8,7.7,5046.8,0.18,-0.866,-0.5
0,10.7107,96.9864,2015-01-23,0.0,0.0,0.0,19.1,0.0,0.0,0.0,0.5,0.866
0,14.6079,87.1949,2014-09-02,28.3,46.6,127.6,242.8,38.1,0.0,0.0,-1.0,-0.0
0,35.5834,78.4363,2011-07-25,1.0,1.8,2.1,17.1,1.0,5381.2,0.23,-0.5,-0.866
0,16.4637,76.2708,2021-09-01,4.8,18.0,38.5,67.3,11.6,516.0,0.86,-1.0,-0.0
0,12.2363,77.2093,2021-02-04,0.0,0.0,0.0,0.1,0.0,668.0,3.26,0.866,0.5
0,26.4496,81.8994,2018-07-15,0.7,13.6,41.9,76.4,14.8,103.0,0.41,-0.5,-0.866
0,24.7899,96.1922,2009-04-10,0.8,1.3,12.6,36.8,6.6,700.0,15.76,0.866,-0.5
0,21.9046,80.5481,2023-06-22,8.1,15.3,15.3,28.5,8.1,630.0,4.36,0.0,-1.0
0,28.149,73.9433,2011-07-25,0.0,5.6,5.6,15.4,5.5,256.0,0.29,-0.5,-0.866
0,31.673,77.44,2019-08-28,3.7,12.3,61.9,243.8,19.1,2917.0,27.98,-0.866,-0.5
0,27.3899,91.7764,2020-06-19,11.4,72.0,94.7,146.3,39.5,1962.0,37.46,0.0,-1.0
0,11.2752,87.0777,2007-05-14,0.8,31.7,54.9,67.7,20.6,0.0,0.0,0.5,-0.866
0,28.6049,78.6375,2015-07-23,0.0,2.0,35.1,216.6,25.6,195.0,0.64,-0.5,-0.866
0,11.4724,80.3897,2013-07-17,0.0,3.9,4.6,11.9,3.4,0.0,0.0,-0.5,-0.866
0,9.4597,96.9746,2019-05-01,1.1,16.1,17.2,33.0,11.8,0.0,0.0,0.5,-0.866
0,18.5857,92.881,2009-05-21,4.0,15.1,20.4,20.4,5.9,0.0,0.0,0.5,-0.866
0,17.6459,96.9609,2009-07-26,41.3,109.9,207.6,496.6,41.3,70.0,4.16,-0.5,-0.866
0,20.5622,82.7693,2019-06-05,0.0,0.0,0.0,0.7,0.0,355.0,0.91,0.0,-1.0
0,31.1999,92.2402,2007-07-14,2.6,3.9,25.3,116.7,8.0,4897.0,2.99,-0.5,-0.866
0,34.5069,95.3716,2011-05-15,0.0,10.0,16.7,26.4,7.7,4360.0,27.43,0.5,-0.866
0,13.1019,81.9758,2007-07-17,6.2,14.0,44.9,53.1,19.7,0.0,0.0,-0.5,-0.866
0,35.9209,94.0752,2008-05-22,0.1,1.6,1.6,1.6,1.5,4441.0,30.27,0.5,-0.866
0,7.5773,91.9703,2017-09-14,8.0,20.4,44.6,126.3,10.5,0.0,0.0,-1.0,-0.0
0,31.2177,93.7512,2021-08-21,16.5,25.1,46.9,110.6,16.5,5371.0,35.38,-0.866,-0.5
0,8.1689,94.2129,2021-06-15,0.0,3.4,25.2,81.6,11.7,0.0,0.0,0.0,-1.0
0,23.9277,88.7464,2021-03-26,0.0,0.0,0.0,0.6,0.0,15.0,0.0,1.0,0.0
0,19.1216,77.2618,2009-05-17,1.9,4.7,4.8,5.0,2.8,352.0,0.0,0.5,-0.866
0,36.165,93.9166,2008-07-20,2.1,3.5,6.6,20.2,2.1,3875.0,7.18,-0.5,-0.866
0,31.7898,90.0939,2018-07-03,10.5,26.8,62.4,72.9,16.1,4926.0,4.57,-0.5,-0.866
0,23.9956,77.452,2016-08-18,5.6,5.6,100.9,195.7,64.4,537.0,0.64,-0.866,-0.5
0,17.5878,97.1332,2019-09-21,7.8,27.0,45.9,231.9,12.9,267.0,7.21,-1.0,-0.0
0,11.5294,92.3898,2023-05-09,5.5,11.0,20.0,32.5,6.2,0.0,0.0,0.5,-0.866
0,19.7988,74.0582,2007-01-05,0.0,0.0,0.0,0.0,0.0,646.0,1.18,0.5,0.866
0,27.0574,79.7585,2019-04-19,0.0,3.7,3.8,3.9,3.7,144.0,0.86,0.866,-0.5
0,26.9378,73.322,2007-11-26,0.0,0.0,0.0,0.0,0.0,321.0,0.0,-0.5,0.866
0,25.461,77.8453,2010-03-26,0.0,0.0,0.0,0.0,0.0,404.0,0.86,1.0,0.0
0,11.1406,84.7286,2019-09-17,8.5,38.6,52.5,73.9,19.8,0.0,0.0,-1.0,-0.0
0,31.92,91.1321,2011-03-25,0.1,0.3,1.1,2.2,0.7,4735.0,1.28,1.0,0.0
0,30.9644,68.7833,2019-09-01,0.4,1.1,7.6,7.7,4.3,1630.0,6.68,-1.0,-0.0
0,18.1407,90.4325,2010-11-02,0.0,4.4,21.0,220.1,8.3,0.0,0.0,-0.5,0.866
0,7.9123,85.291,2011-05-25,1.9,2.5,3.3,3.9,1.9,0.0,0.0,0.5,-0.866
0,24.1844,72.2474,2014-07-08,0.0,0.0,0.7,1.9,0.3,147.0,0.57,-0.5,-0.866
0,14.747,88.84,2020-08-28,0.2,1.6,11.5,99.1,5.9,0.0,0.0,-0.866,-0.5
0,26.3406,85.9204,2014-07-02,24.5,47.7,86.0,171.4,24.5,51.0,0.0,-0.5,-0.866
0,27.9154,69.305,2023-07-15,0.0,0.0,0.0,26.8,0.0,67.0,0.29,-0.5,-0.866
0,29.9882,93.5184,2017-12-07,0.0,0.0,0.0,8.9,0.0,5145.0,18.68,-0.0,1.0
0,17.1294,81.1597,2014-09-15,5.4,13.8,32.4,115.4,14.5,86.0,0.0,-1.0,-0.0
0,28.6921,90.5953,2013-09-22,1.2,3.1,8.0,47.3,2.5,5065.0,20.19,-1.0,-0.0
0,9.5045,77.7135,2017-08-22,1.4,9.0,17.2,45.2,7.2,119.0,0.29,-0.866,-0.5
0,19.6993,94.6995,2009-06-21,7.9,78.1,105.3,186.4,54.7,214.0,3.1,0.0,-1.0
0,22.2439,86.2271,2014-08-24,6.0,35.6,72.7,163.5,21.2,268.0,1.03,-0.866,-0.5
0,21.9973,88.9718,2016-06-02,0.5,2.9,7.7,289.1,3.9,6.0,0.41,0.0,-1.0
0,17.5293,83.0185,2016-05-03,0.0,0.0,0.0,0.0,0.0,2.0,0.41,0.5,-0.866
0,8.4167,94.189,2010-11-21,3.1,13.5,45.0,212.8,16.9,0.0,0.0,-0.5,0.866
0,29.0763,95.6182,2017-12-26,0.0,0.3,4.9,12.5,4.3,2784.0,24.99,-0.0,1.0
0,32.025,73.8543,2010-07-15,0.0,6.8,31.0,38.2,14.3,214.0,0.91,-0.5,-0.866
0,16.229,90.1265,2009-09-25,6.3,25.6,44.8,76.1,13.1,0.0,0.0,-1.0,-0.0
0,28.8096,85.192,2021-07-28,0.4,20.6,34.0,76.7,17.0,4949.0,28.82,-0.5,-0.866
0,25.0373,83.8629,2014-10-05,0.3,0.5,2.1,7.2,0.6,89.0,0.29,-0.866,0.5
0,25.6643,76.9253,2018-09-09,2.3,73.3,162.7,238.7,36.9,378.0,0.64,-1.0,-0.0
0,19.2906,76.6117,2016-07-16,0.1,0.7,72.6,148.2,35.2,432.0,0.57,-0.5,-0.866
0,7.2422,90.4578,2020-05-25,16.3,33.8,44.0,217.6,16.3,0.0,0.0,0.5,-0.866
0,28.2689,80.6046,2009-06-01,0.0,18.4,27.5,37.5,15.2,155.0,0.41,0.0,-1.0
0,19.4602,95.6601,2013-08-16,3.4,31.2,59.3,114.6,15.4,234.0,4.16,-0.866,-0.5
0,29.2515,82.9279,2018-05-04,1.1,3.1,6.2,12.0,2.0,4404.0,32.42,0.5,-0.866
0,23.9688,82.6975,2011-07-06,1.0,15.2,30.2,183.4,13.4,293.0,0.91,-0.5,-0.866
0,26.3764,74.8889,2013-07-18,3.8,16.0,28.9,69.3,11.3,403.0,0.0,-0.5,-0.866
0,27.8201,72.0328,2018-09-11,0.0,2.7,2.7,2.8,2.3,146.0,1.43,-1.0,-0.0
0,34.153,87.5257,2014-08-27,1.8,8.5,14.7,25.2,3.6,5017.0,0.64,-0.866,-0.5
0,13.2992,76.8525,2018-06-24,1.7,8.0,33.5,55.9,14.5,796.0,1.18,0.0,-1.0
0,8.5692,78.2353,2014-09-18,0.0,0.1,1.8,2.2,1.7,0.0,0.0,-1.0,-0.0
0,7.219,81.7636,2019-05-10,0.0,0.1,0.2,9.9,0.1,21.0,0.91,0.5,-0.866
0,31.8968,88.9161,2010-06-24,0.0,1.1,1.1,4.1,1.1,4545.0,0.0,0.0,-1.0
0,16.8613,86.6496,2009-06-10,0.3,0.5,67.7,81.0,27.0,0.0,0.0,0.0,-1.0
0,34.1473,82.3682,2010-09-20,0.8,8.6,9.8,31.1,4.4,4928.0,0.0,-1.0,-0.0
0,19.2408,81.0376,2012-06-06,2.7,2.7,2.7,2.7,2.7,698.0,11.19,0.0,-1.0
0,8.8077,87.5999,2009-07-18,6.7,15.2,17.7,28.9,6.7,0.0,0.0,-0.5,-0.866
0,25.8659,95.8124,2014-10-04,0.0,0.0,0.1,162.4,0.1,247.0,4.09,-0.866,0.5
0,30.1321,76.8456,2019-06-16,0.0,0.0,1.4,6.9,1.4,260.0,0.41,0.0,-1.0
0,27.4715,69.7279,2013-08-27,0.0,0.0,0.0,29.8,0.0,70.0,1.74,-0.866,-0.5
0,27.3198,91.9204,2011-06-24,16.3,30.4,88.8,252.5,22.4,4078.0,26.97,0.0,-1.0
0,24.2447,89.2095,2016-04-13,0.0,0.0,1.1,130.6,1.1,11.0,0.64,0.866,-0.5
0,26.4331,97.4092,2007-12-25,0.0,0.0,0.0,0.0,0.0,736.0,30.73,-0.0,1.0
0,30.8572,80.5302,2007-09-12,0.3,0.3,2.1,11.5,1.2,4578.0,0.29,-1.0,-0.0
0,23.7541,87.0514,2012-06-27,0.2,0.5,50.6,97.7,19.7,129.0,1.72,0.0,-1.0
0,9.9973,94.2754,2021-07-15,9.5,28.3,134.2,197.9,53.2,0.0,0.0,-0.5,-0.866
0,10.1934,90.0145,2020-12-14,2.8,4.7,6.2,98.3,2.8,0.0,0.0,-0.0,1.0
0,35.0764,68.0441,2019-12-24,0.0,0.0,11.9,15.9,7.6,2850.0,37.29,-0.0,1.0
0,33.9581,76.1976,2011-09-02,0.0,0.1,2.4,6.5,1.9,5638.0,31.38,-1.0,-0.0
0,30.303,92.7295,2014-04-23,5.6,5.6,7.1,16.6,5.6,5426.0,17.99,0.866,-0.5
0,14.5599,85.3573,2021-02-07,0.0,0.0,0.0,0.0,0.0,0.0,0.0,0.866,0.5
0,35.6585,84.3349,2018-10-16,0.0,0.0,0.2,2.7,0.1,4913.0,2.36,-0.866,0.5
0,25.0159,68.4763,2009-07-15,0.2,0.2,16.4,16.4,12.7,14.0,0.41,-0.5,-0.866
0,16.3219,86.7521,2010-06-13,17.7,39.0,45.8,49.1,17.7,0.0,0.0,0.0,-1.0
0,14.7304,68.7936,2018-04-08,0.0,0.0,0.0,0.0,0.0,0.0,0.0,0.866,-0.5
0,18.3636,78.6346,2019-10-05,0.4,17.8,42.9,107.1,13.1,378.0,0.29,-0.866,0.5
0,30.9067,71.2463,2011-06-16,0.0,0.1,2.8,4.8,1.4,148.0,0.29,0.0,-1.0
0,17.8883,69.9613,2018-08-25,3.4,7.5,20.9,38.3,5.4,0.0,0.0,-0.866,-0.5
0,28.5519,86.964,2017-10-21,0.0,0.0,0.0,4.3,0.0,4885.0,10.15,-0.866,0.5
0,17.1805,90.359,2021-08-16,9.0,33.4,40.6,159.7,20.3,0.0,0.0,-0.866,-0.5
0,17.7689,93.9836,2008-09-10,7.8,28.4,111.4,154.3,33.3,0.0,0.0,-1.0,-0.0
0,7.2898,95.3552,2017-12-27,0.0,1.2,7.5,25.5,3.8,0.0,0.0,-0.0,1.0
0,6.5744,73.2776,2009-09-11,3.6,12.6,20.8,44.0,5.1,0.0,0.0,-1.0,-0.0
0,28.3582,96.8737,2015-09-26,6.5,52.8,100.4,141.3,29.0,3796.0,32.99,-1.0,-0.0
0,29.8846,95.2981,2019-05-18,14.5,31.6,90.0,217.9,25.6,3113.0,39.71,0.5,-0.866
0,20.9333,73.3268,2007-10-08,0.4,0.4,0.4,46.0,0.4,72.0,0.29,-0.866,0.5
0,15.5207,90.2733,2015-11-03,7.2,8.6,39.5,42.6,12.3,0.0,0.0,-0.5,0.866
0,34.2545,76.1418,2009-08-23,0.6,4.0,12.7,21.7,4.2,4065.0,34.62,-0.866,-0.5
0,17.7137,82.225,2011-08-07,2.1,13.9,49.9,145.7,15.4,667.0,29.39,-0.866,-0.5
0,17.2279,71.3765,2021-08-19,1.9,5.8,12.4,27.9,2.1,0.0,0.0,-0.866,-0.5
0,22.2795,81.7634,2009-09-07,12.4,19.3,49.9,197.6,14.4,311.0,0.86,-1.0,-0.0
0,10.5204,88.302,2017-06-19,5.6,15.4,19.0,87.3,7.4,0.0,0.0,0.0,-1.0
0,15.0624,81.004,2010-08-14,4.7,34.5,36.9,47.8,15.3,0.0,0.0,-0.866,-0.5
0,21.915,69.5271,2023-07-12,1.0,9.9,124.6,241.9,50.6,16.0,0.57,-0.5,-0.866
0,8.0479,70.9472,2014-08-16,0.0,0.5,23.6,30.3,11.6,0.0,0.0,-0.866,-0.5
0,9.0732,74.0808,2009-03-03,0.2,0.2,0.2,0.7,0.2,0.0,0.0,1.0,0.0
0,14.0051,80.7775,2010-07-06,5.2,15.6,27.7,31.6,10.4,0.0,0.0,-0.5,-0.866
0,34.8587,68.4361,2021-09-03,0.0,0.0,0.6,4.4,0.4,3584.0,23.62,-1.0,-0.0
0,9.4195,86.1466,2017-07-17,2.7,7.3,25.2,63.4,10.8,0.0,0.0,-0.5,-0.866
0,19.1973,71.8018,2008-09-27,0.0,0.0,0.0,70.0,0.0,0.0,0.0,-1.0,-0.0
0,18.6964,84.1635,2020-09-05,2.3,11.7,53.8,108.5,17.6,109.0,6.23,-1.0,-0.0
0,31.159,87.3681,2009-05-26,7.1,9.7,10.0,12.7,7.1,4827.0,0.86,0.5,-0.866
0,17.6686,75.7667,2007-08-07,3.5,9.8,50.7,133.6,14.9,431.0,1.81,-0.866,-0.5
0,18.6273,69.5574,2023-05-06,0.0,0.0,2.0,3.3,1.0,0.0,0.0,0.5,-0.866
0,19.4521,77.8896,2007-08-11,7.1,7.4,75.3,151.9,37.3,373.5,0.06,-0.866,-0.5
0,10.6432,76.505,2011-03-10,0.0,0.0,0.0,18.3,0.0,88.9,1.09,1.0,0.0
0,7.3193,80.0613,2009-02-11,0.0,0.0,0.0,0.8,0.0,70.8,0.37,0.866,0.5
0,14.1828,89.7868,2010-07-01,35.4,64.7,73.1,164.4,35.4,0.0,0.0,-0.5,-0.866
0,35.9931,79.853,2023-10-07,0.5,2.8,12.6,20.9,7.0,4584.9,1.45,-0.866,0.5
0,10.7195,72.0027,2008-04-02,0.0,0.0,0.0,103.1,0.0,0.0,0.0,0.866,-0.5
0,26.4452,69.3922,2007-06-21,1.3,1.3,1.3,1.3,1.3,51.4,0.03,0.0,-1.0
0,9.3682,87.566,2009-08-02,2.2,7.4,18.2,21.7,5.2,0.0,0.0,-0.866,-0.5
0,9.9162,74.1282,2014-07-07,14.5,39.4,67.1,115.6,14.5,0.0,0.0,-0.5,-0.866
0,23.7763,73.6771,2012-08-12,102.2,152.5,241.3,305.0,102.2,357.1,0.21,-0.866,-0.5
0,22.0107,96.183,2012-04-07,0.0,1.5,1.8,1.8,1.5,352.4,0.7,0.866,-0.5
0,13.7977,85.6323,2020-06-28,3.2,5.3,17.3,66.8,5.4,0.0,0.0,0.0,-1.0
0,26.8782,77.8311,2023-05-06,0.0,0.0,9.8,12.8,6.2,162.4,0.03,0.5,-0.866
0,18.4918,90.7892,2020-06-15,37.4,72.5,98.0,130.0,37.4,0.0,0.0,0.0,-1.0
0,30.2915,73.1112,2020-08-14,0.1,0.9,8.6,9.6,6.7,162.4,0.02,-0.866,-0.5
0,12.2998,73.1291,2018-02-26,0.0,0.0,0.0,0.1,0.0,0.0,0.0,0.866,0.5
0,13.9255,90.1354,2014-08-16,4.1,11.4,33.0,126.5,7.7,0.0,0.0,-0.866,-0.5
0,14.8018,84.899,2012-08-12,1.7,18.1,36.5,95.4,13.7,0.0,0.0,-0.866,-0.5
0,25.1549,92.4961,2009-06-27,10.4,27.1,51.6,196.1,10.5,255.5,1.93,0.0,-1.0
0,16.5383,73.2381,2018-06-13,4.6,15.0,525.2,615.4,308.8,0.0,0.0,0.0,-1.0
0,30.9222,84.6003,2019-02-16,0.0,0.0,0.0,3.7,0.0,5169.0,31.92,0.866,0.5
0,35.3132,78.9071,2023-05-21,0.2,8.7,15.4,20.5,8.2,5070.0,3.72,0.5,-0.866
0,8.3174,95.0256,2015-07-04,2.2,11.3,33.2,47.6,8.8,0.0,0.0,-0.5,-0.866
0,20.682,97.2823,2018-05-13,1.4,8.5,10.8,28.9,5.0,1537.0,24.33,0.5,-0.866
0,11.2776,93.9056,2019-09-09,7.3,10.3,37.0,164.0,10.6,0.0,0.0,-1.0,-0.0
0,19.5291,77.3745,2020-05-07,0.0,0.0,0.0,0.0,0.0,457.0,2.02,0.5,-0.866
0,10.3185,86.6968,2017-09-18,0.0,17.9,48.8,76.1,15.9,0.0,0.0,-1.0,-0.0
0,28.9381,72.5458,2019-05-23,0.0,0.0,0.2,1.5,0.2,131.0,0.0,0.5,-0.866
0,21.3156,85.4755,2022-06-11,5.8,7.5,14.8,56.1,7.2,376.0,6.02,0.0,-1.0
0,8.9539,86.9081,2020-09-23,8.0,12.4,48.0,171.8,16.9,0.0,0.0,-1.0,-0.0
0,35.0271,89.9759,2017-07-08,0.7,11.9,24.4,46.9,7.0,4954.0,5.49,-0.5,-0.866
0,14.6436,95.7355,2017-06-18,10.0,12.9,24.1,184.7,10.0,0.0,0.0,0.0,-1.0
0,21.5063,80.6604,2020-08-01,1.4,6.1,33.4,143.9,14.1,411.0,14.12,-0.866,-0.5
